MODULE 45160: looking for "C:\\Users\\Daniel\\Documents\\projects\\SyncClassroom\\repos\\ai-editor\\node_modules\\gulp\\bin\\gulp.js" in ["C:\\Users\\Daniel\\.node_modules","C:\\Users\\Daniel\\.node_libraries","C:\\nvm4w\\nodejs\\lib\\node"]
MODULE 45160: load "C:\\Users\\Daniel\\Documents\\projects\\SyncClassroom\\repos\\ai-editor\\node_modules\\gulp\\bin\\gulp.js" for module "."
MODULE 45160: Module._load REQUEST gulp-cli parent: .
MODULE 45160: looking for "gulp-cli" in ["C:\\Users\\Daniel\\Documents\\projects\\SyncClassroom\\repos\\ai-editor\\node_modules\\gulp\\bin\\node_modules","C:\\Users\\Daniel\\Documents\\projects\\SyncClassroom\\repos\\ai-editor\\node_modules\\gulp\\node_modules","C:\\Users\\Daniel\\Documents\\projects\\SyncClassroom\\repos\\ai-editor\\node_modules","C:\\Users\\Daniel\\Documents\\projects\\SyncClassroom\\repos\\node_modules","C:\\Users\\Daniel\\Documents\\projects\\SyncClassroom\\node_modules","C:\\Users\\Daniel\\Documents\\projects\\node_modules","C:\\Users\\Daniel\\Documents\\node_modules","C:\\Users\\Daniel\\node_modules","C:\\Users\\node_modules","C:\\node_modules","C:\\Users\\Daniel\\.node_modules","C:\\Users\\Daniel\\.node_libraries","C:\\nvm4w\\nodejs\\lib\\node"]
MODULE 45160: load "C:\\Users\\Daniel\\Documents\\projects\\SyncClassroom\\repos\\ai-editor\\node_modules\\gulp-cli\\index.js" for module "C:\\Users\\Daniel\\Documents\\projects\\SyncClassroom\\repos\\ai-editor\\node_modules\\gulp-cli\\index.js"
MODULE 45160: Module._load REQUEST fs parent: C:\Users\Daniel\Documents\projects\SyncClassroom\repos\ai-editor\node_modules\gulp-cli\index.js
MODULE 45160: load built-in module fs
MODULE 45160: Module._load REQUEST path parent: C:\Users\Daniel\Documents\projects\SyncClassroom\repos\ai-editor\node_modules\gulp-cli\index.js
MODULE 45160: load built-in module path
MODULE 45160: Module._load REQUEST gulplog parent: C:\Users\Daniel\Documents\projects\SyncClassroom\repos\ai-editor\node_modules\gulp-cli\index.js
MODULE 45160: looking for "gulplog" in ["C:\\Users\\Daniel\\Documents\\projects\\SyncClassroom\\repos\\ai-editor\\node_modules\\gulp-cli\\node_modules","C:\\Users\\Daniel\\Documents\\projects\\SyncClassroom\\repos\\ai-editor\\node_modules","C:\\Users\\Daniel\\Documents\\projects\\SyncClassroom\\repos\\node_modules","C:\\Users\\Daniel\\Documents\\projects\\SyncClassroom\\node_modules","C:\\Users\\Daniel\\Documents\\projects\\node_modules","C:\\Users\\Daniel\\Documents\\node_modules","C:\\Users\\Daniel\\node_modules","C:\\Users\\node_modules","C:\\node_modules","C:\\Users\\Daniel\\.node_modules","C:\\Users\\Daniel\\.node_libraries","C:\\nvm4w\\nodejs\\lib\\node"]
MODULE 45160: load "C:\\Users\\Daniel\\Documents\\projects\\SyncClassroom\\repos\\ai-editor\\node_modules\\gulplog\\index.js" for module "C:\\Users\\Daniel\\Documents\\projects\\SyncClassroom\\repos\\ai-editor\\node_modules\\gulplog\\index.js"
MODULE 45160: Module._load REQUEST glogg parent: C:\Users\Daniel\Documents\projects\SyncClassroom\repos\ai-editor\node_modules\gulplog\index.js
MODULE 45160: looking for "glogg" in ["C:\\Users\\Daniel\\Documents\\projects\\SyncClassroom\\repos\\ai-editor\\node_modules\\gulplog\\node_modules","C:\\Users\\Daniel\\Documents\\projects\\SyncClassroom\\repos\\ai-editor\\node_modules","C:\\Users\\Daniel\\Documents\\projects\\SyncClassroom\\repos\\node_modules","C:\\Users\\Daniel\\Documents\\projects\\SyncClassroom\\node_modules","C:\\Users\\Daniel\\Documents\\projects\\node_modules","C:\\Users\\Daniel\\Documents\\node_modules","C:\\Users\\Daniel\\node_modules","C:\\Users\\node_modules","C:\\node_modules","C:\\Users\\Daniel\\.node_modules","C:\\Users\\Daniel\\.node_libraries","C:\\nvm4w\\nodejs\\lib\\node"]
MODULE 45160: load "C:\\Users\\Daniel\\Documents\\projects\\SyncClassroom\\repos\\ai-editor\\node_modules\\glogg\\index.js" for module "C:\\Users\\Daniel\\Documents\\projects\\SyncClassroom\\repos\\ai-editor\\node_modules\\glogg\\index.js"
MODULE 45160: Module._load REQUEST util parent: C:\Users\Daniel\Documents\projects\SyncClassroom\repos\ai-editor\node_modules\glogg\index.js
MODULE 45160: load built-in module util
MODULE 45160: Module._load REQUEST sparkles parent: C:\Users\Daniel\Documents\projects\SyncClassroom\repos\ai-editor\node_modules\glogg\index.js
MODULE 45160: looking for "sparkles" in ["C:\\Users\\Daniel\\Documents\\projects\\SyncClassroom\\repos\\ai-editor\\node_modules\\glogg\\node_modules","C:\\Users\\Daniel\\Documents\\projects\\SyncClassroom\\repos\\ai-editor\\node_modules","C:\\Users\\Daniel\\Documents\\projects\\SyncClassroom\\repos\\node_modules","C:\\Users\\Daniel\\Documents\\projects\\SyncClassroom\\node_modules","C:\\Users\\Daniel\\Documents\\projects\\node_modules","C:\\Users\\Daniel\\Documents\\node_modules","C:\\Users\\Daniel\\node_modules","C:\\Users\\node_modules","C:\\node_modules","C:\\Users\\Daniel\\.node_modules","C:\\Users\\Daniel\\.node_libraries","C:\\nvm4w\\nodejs\\lib\\node"]
MODULE 45160: load "C:\\Users\\Daniel\\Documents\\projects\\SyncClassroom\\repos\\ai-editor\\node_modules\\sparkles\\index.js" for module "C:\\Users\\Daniel\\Documents\\projects\\SyncClassroom\\repos\\ai-editor\\node_modules\\sparkles\\index.js"
MODULE 45160: Module._load REQUEST events parent: C:\Users\Daniel\Documents\projects\SyncClassroom\repos\ai-editor\node_modules\sparkles\index.js
MODULE 45160: load built-in module events
MODULE 45160: Module._load REQUEST yargs parent: C:\Users\Daniel\Documents\projects\SyncClassroom\repos\ai-editor\node_modules\gulp-cli\index.js
MODULE 45160: looking for "yargs" in ["C:\\Users\\Daniel\\Documents\\projects\\SyncClassroom\\repos\\ai-editor\\node_modules\\gulp-cli\\node_modules","C:\\Users\\Daniel\\Documents\\projects\\SyncClassroom\\repos\\ai-editor\\node_modules","C:\\Users\\Daniel\\Documents\\projects\\SyncClassroom\\repos\\node_modules","C:\\Users\\Daniel\\Documents\\projects\\SyncClassroom\\node_modules","C:\\Users\\Daniel\\Documents\\projects\\node_modules","C:\\Users\\Daniel\\Documents\\node_modules","C:\\Users\\Daniel\\node_modules","C:\\Users\\node_modules","C:\\node_modules","C:\\Users\\Daniel\\.node_modules","C:\\Users\\Daniel\\.node_libraries","C:\\nvm4w\\nodejs\\lib\\node"]
MODULE 45160: load "C:\\Users\\Daniel\\Documents\\projects\\SyncClassroom\\repos\\ai-editor\\node_modules\\gulp-cli\\node_modules\\yargs\\index.js" for module "C:\\Users\\Daniel\\Documents\\projects\\SyncClassroom\\repos\\ai-editor\\node_modules\\gulp-cli\\node_modules\\yargs\\index.js"
MODULE 45160: Module._load REQUEST ./yargs parent: C:\Users\Daniel\Documents\projects\SyncClassroom\repos\ai-editor\node_modules\gulp-cli\node_modules\yargs\index.js
MODULE 45160: RELATIVE: requested: ./yargs from parent.id C:\Users\Daniel\Documents\projects\SyncClassroom\repos\ai-editor\node_modules\gulp-cli\node_modules\yargs\index.js
MODULE 45160: looking for ["C:\\Users\\Daniel\\Documents\\projects\\SyncClassroom\\repos\\ai-editor\\node_modules\\gulp-cli\\node_modules\\yargs"]
MODULE 45160: load "C:\\Users\\Daniel\\Documents\\projects\\SyncClassroom\\repos\\ai-editor\\node_modules\\gulp-cli\\node_modules\\yargs\\yargs.js" for module "C:\\Users\\Daniel\\Documents\\projects\\SyncClassroom\\repos\\ai-editor\\node_modules\\gulp-cli\\node_modules\\yargs\\yargs.js"
MODULE 45160: Module._load REQUEST ./lib/argsert parent: C:\Users\Daniel\Documents\projects\SyncClassroom\repos\ai-editor\node_modules\gulp-cli\node_modules\yargs\yargs.js
MODULE 45160: RELATIVE: requested: ./lib/argsert from parent.id C:\Users\Daniel\Documents\projects\SyncClassroom\repos\ai-editor\node_modules\gulp-cli\node_modules\yargs\yargs.js
MODULE 45160: looking for ["C:\\Users\\Daniel\\Documents\\projects\\SyncClassroom\\repos\\ai-editor\\node_modules\\gulp-cli\\node_modules\\yargs"]
MODULE 45160: load "C:\\Users\\Daniel\\Documents\\projects\\SyncClassroom\\repos\\ai-editor\\node_modules\\gulp-cli\\node_modules\\yargs\\lib\\argsert.js" for module "C:\\Users\\Daniel\\Documents\\projects\\SyncClassroom\\repos\\ai-editor\\node_modules\\gulp-cli\\node_modules\\yargs\\lib\\argsert.js"
MODULE 45160: Module._load REQUEST ./command parent: C:\Users\Daniel\Documents\projects\SyncClassroom\repos\ai-editor\node_modules\gulp-cli\node_modules\yargs\lib\argsert.js
MODULE 45160: RELATIVE: requested: ./command from parent.id C:\Users\Daniel\Documents\projects\SyncClassroom\repos\ai-editor\node_modules\gulp-cli\node_modules\yargs\lib\argsert.js
MODULE 45160: looking for ["C:\\Users\\Daniel\\Documents\\projects\\SyncClassroom\\repos\\ai-editor\\node_modules\\gulp-cli\\node_modules\\yargs\\lib"]
MODULE 45160: load "C:\\Users\\Daniel\\Documents\\projects\\SyncClassroom\\repos\\ai-editor\\node_modules\\gulp-cli\\node_modules\\yargs\\lib\\command.js" for module "C:\\Users\\Daniel\\Documents\\projects\\SyncClassroom\\repos\\ai-editor\\node_modules\\gulp-cli\\node_modules\\yargs\\lib\\command.js"
MODULE 45160: Module._load REQUEST path parent: C:\Users\Daniel\Documents\projects\SyncClassroom\repos\ai-editor\node_modules\gulp-cli\node_modules\yargs\lib\command.js
MODULE 45160: load built-in module path
MODULE 45160: Module._load REQUEST util parent: C:\Users\Daniel\Documents\projects\SyncClassroom\repos\ai-editor\node_modules\gulp-cli\node_modules\yargs\lib\command.js
MODULE 45160: load built-in module util
MODULE 45160: Module._load REQUEST camelcase parent: C:\Users\Daniel\Documents\projects\SyncClassroom\repos\ai-editor\node_modules\gulp-cli\node_modules\yargs\lib\command.js
MODULE 45160: looking for "camelcase" in ["C:\\Users\\Daniel\\Documents\\projects\\SyncClassroom\\repos\\ai-editor\\node_modules\\gulp-cli\\node_modules\\yargs\\lib\\node_modules","C:\\Users\\Daniel\\Documents\\projects\\SyncClassroom\\repos\\ai-editor\\node_modules\\gulp-cli\\node_modules\\yargs\\node_modules","C:\\Users\\Daniel\\Documents\\projects\\SyncClassroom\\repos\\ai-editor\\node_modules\\gulp-cli\\node_modules","C:\\Users\\Daniel\\Documents\\projects\\SyncClassroom\\repos\\ai-editor\\node_modules","C:\\Users\\Daniel\\Documents\\projects\\SyncClassroom\\repos\\node_modules","C:\\Users\\Daniel\\Documents\\projects\\SyncClassroom\\node_modules","C:\\Users\\Daniel\\Documents\\projects\\node_modules","C:\\Users\\Daniel\\Documents\\node_modules","C:\\Users\\Daniel\\node_modules","C:\\Users\\node_modules","C:\\node_modules","C:\\Users\\Daniel\\.node_modules","C:\\Users\\Daniel\\.node_libraries","C:\\nvm4w\\nodejs\\lib\\node"]
MODULE 45160: load "C:\\Users\\Daniel\\Documents\\projects\\SyncClassroom\\repos\\ai-editor\\node_modules\\camelcase\\index.js" for module "C:\\Users\\Daniel\\Documents\\projects\\SyncClassroom\\repos\\ai-editor\\node_modules\\camelcase\\index.js"
MODULE 45160: Module._load REQUEST ./yerror parent: C:\Users\Daniel\Documents\projects\SyncClassroom\repos\ai-editor\node_modules\gulp-cli\node_modules\yargs\lib\argsert.js
MODULE 45160: RELATIVE: requested: ./yerror from parent.id C:\Users\Daniel\Documents\projects\SyncClassroom\repos\ai-editor\node_modules\gulp-cli\node_modules\yargs\lib\argsert.js
MODULE 45160: looking for ["C:\\Users\\Daniel\\Documents\\projects\\SyncClassroom\\repos\\ai-editor\\node_modules\\gulp-cli\\node_modules\\yargs\\lib"]
MODULE 45160: load "C:\\Users\\Daniel\\Documents\\projects\\SyncClassroom\\repos\\ai-editor\\node_modules\\gulp-cli\\node_modules\\yargs\\lib\\yerror.js" for module "C:\\Users\\Daniel\\Documents\\projects\\SyncClassroom\\repos\\ai-editor\\node_modules\\gulp-cli\\node_modules\\yargs\\lib\\yerror.js"
MODULE 45160: Module._load REQUEST ./lib/assign parent: C:\Users\Daniel\Documents\projects\SyncClassroom\repos\ai-editor\node_modules\gulp-cli\node_modules\yargs\yargs.js
MODULE 45160: RELATIVE: requested: ./lib/assign from parent.id C:\Users\Daniel\Documents\projects\SyncClassroom\repos\ai-editor\node_modules\gulp-cli\node_modules\yargs\yargs.js
MODULE 45160: looking for ["C:\\Users\\Daniel\\Documents\\projects\\SyncClassroom\\repos\\ai-editor\\node_modules\\gulp-cli\\node_modules\\yargs"]
MODULE 45160: load "C:\\Users\\Daniel\\Documents\\projects\\SyncClassroom\\repos\\ai-editor\\node_modules\\gulp-cli\\node_modules\\yargs\\lib\\assign.js" for module "C:\\Users\\Daniel\\Documents\\projects\\SyncClassroom\\repos\\ai-editor\\node_modules\\gulp-cli\\node_modules\\yargs\\lib\\assign.js"
MODULE 45160: Module._load REQUEST ./lib/command parent: C:\Users\Daniel\Documents\projects\SyncClassroom\repos\ai-editor\node_modules\gulp-cli\node_modules\yargs\yargs.js
MODULE 45160: RELATIVE: requested: ./lib/command from parent.id C:\Users\Daniel\Documents\projects\SyncClassroom\repos\ai-editor\node_modules\gulp-cli\node_modules\yargs\yargs.js
MODULE 45160: looking for ["C:\\Users\\Daniel\\Documents\\projects\\SyncClassroom\\repos\\ai-editor\\node_modules\\gulp-cli\\node_modules\\yargs"]
MODULE 45160: Module._load REQUEST ./lib/completion parent: C:\Users\Daniel\Documents\projects\SyncClassroom\repos\ai-editor\node_modules\gulp-cli\node_modules\yargs\yargs.js
MODULE 45160: RELATIVE: requested: ./lib/completion from parent.id C:\Users\Daniel\Documents\projects\SyncClassroom\repos\ai-editor\node_modules\gulp-cli\node_modules\yargs\yargs.js
MODULE 45160: looking for ["C:\\Users\\Daniel\\Documents\\projects\\SyncClassroom\\repos\\ai-editor\\node_modules\\gulp-cli\\node_modules\\yargs"]
MODULE 45160: load "C:\\Users\\Daniel\\Documents\\projects\\SyncClassroom\\repos\\ai-editor\\node_modules\\gulp-cli\\node_modules\\yargs\\lib\\completion.js" for module "C:\\Users\\Daniel\\Documents\\projects\\SyncClassroom\\repos\\ai-editor\\node_modules\\gulp-cli\\node_modules\\yargs\\lib\\completion.js"
MODULE 45160: Module._load REQUEST fs parent: C:\Users\Daniel\Documents\projects\SyncClassroom\repos\ai-editor\node_modules\gulp-cli\node_modules\yargs\lib\completion.js
MODULE 45160: load built-in module fs
MODULE 45160: Module._load REQUEST path parent: C:\Users\Daniel\Documents\projects\SyncClassroom\repos\ai-editor\node_modules\gulp-cli\node_modules\yargs\lib\completion.js
MODULE 45160: load built-in module path
MODULE 45160: Module._load REQUEST yargs-parser parent: C:\Users\Daniel\Documents\projects\SyncClassroom\repos\ai-editor\node_modules\gulp-cli\node_modules\yargs\yargs.js
MODULE 45160: looking for "yargs-parser" in ["C:\\Users\\Daniel\\Documents\\projects\\SyncClassroom\\repos\\ai-editor\\node_modules\\gulp-cli\\node_modules\\yargs\\node_modules","C:\\Users\\Daniel\\Documents\\projects\\SyncClassroom\\repos\\ai-editor\\node_modules\\gulp-cli\\node_modules","C:\\Users\\Daniel\\Documents\\projects\\SyncClassroom\\repos\\ai-editor\\node_modules","C:\\Users\\Daniel\\Documents\\projects\\SyncClassroom\\repos\\node_modules","C:\\Users\\Daniel\\Documents\\projects\\SyncClassroom\\node_modules","C:\\Users\\Daniel\\Documents\\projects\\node_modules","C:\\Users\\Daniel\\Documents\\node_modules","C:\\Users\\Daniel\\node_modules","C:\\Users\\node_modules","C:\\node_modules","C:\\Users\\Daniel\\.node_modules","C:\\Users\\Daniel\\.node_libraries","C:\\nvm4w\\nodejs\\lib\\node"]
MODULE 45160: load "C:\\Users\\Daniel\\Documents\\projects\\SyncClassroom\\repos\\ai-editor\\node_modules\\gulp-cli\\node_modules\\yargs-parser\\index.js" for module "C:\\Users\\Daniel\\Documents\\projects\\SyncClassroom\\repos\\ai-editor\\node_modules\\gulp-cli\\node_modules\\yargs-parser\\index.js"
MODULE 45160: Module._load REQUEST camelcase parent: C:\Users\Daniel\Documents\projects\SyncClassroom\repos\ai-editor\node_modules\gulp-cli\node_modules\yargs-parser\index.js
MODULE 45160: looking for "camelcase" in ["C:\\Users\\Daniel\\Documents\\projects\\SyncClassroom\\repos\\ai-editor\\node_modules\\gulp-cli\\node_modules\\yargs-parser\\node_modules","C:\\Users\\Daniel\\Documents\\projects\\SyncClassroom\\repos\\ai-editor\\node_modules\\gulp-cli\\node_modules","C:\\Users\\Daniel\\Documents\\projects\\SyncClassroom\\repos\\ai-editor\\node_modules","C:\\Users\\Daniel\\Documents\\projects\\SyncClassroom\\repos\\node_modules","C:\\Users\\Daniel\\Documents\\projects\\SyncClassroom\\node_modules","C:\\Users\\Daniel\\Documents\\projects\\node_modules","C:\\Users\\Daniel\\Documents\\node_modules","C:\\Users\\Daniel\\node_modules","C:\\Users\\node_modules","C:\\node_modules","C:\\Users\\Daniel\\.node_modules","C:\\Users\\Daniel\\.node_libraries","C:\\nvm4w\\nodejs\\lib\\node"]
MODULE 45160: Module._load REQUEST path parent: C:\Users\Daniel\Documents\projects\SyncClassroom\repos\ai-editor\node_modules\gulp-cli\node_modules\yargs-parser\index.js
MODULE 45160: load built-in module path
MODULE 45160: Module._load REQUEST ./lib/tokenize-arg-string parent: C:\Users\Daniel\Documents\projects\SyncClassroom\repos\ai-editor\node_modules\gulp-cli\node_modules\yargs-parser\index.js
MODULE 45160: RELATIVE: requested: ./lib/tokenize-arg-string from parent.id C:\Users\Daniel\Documents\projects\SyncClassroom\repos\ai-editor\node_modules\gulp-cli\node_modules\yargs-parser\index.js
MODULE 45160: looking for ["C:\\Users\\Daniel\\Documents\\projects\\SyncClassroom\\repos\\ai-editor\\node_modules\\gulp-cli\\node_modules\\yargs-parser"]
MODULE 45160: load "C:\\Users\\Daniel\\Documents\\projects\\SyncClassroom\\repos\\ai-editor\\node_modules\\gulp-cli\\node_modules\\yargs-parser\\lib\\tokenize-arg-string.js" for module "C:\\Users\\Daniel\\Documents\\projects\\SyncClassroom\\repos\\ai-editor\\node_modules\\gulp-cli\\node_modules\\yargs-parser\\lib\\tokenize-arg-string.js"
MODULE 45160: Module._load REQUEST util parent: C:\Users\Daniel\Documents\projects\SyncClassroom\repos\ai-editor\node_modules\gulp-cli\node_modules\yargs-parser\index.js
MODULE 45160: load built-in module util
MODULE 45160: Module._load REQUEST object.assign parent: C:\Users\Daniel\Documents\projects\SyncClassroom\repos\ai-editor\node_modules\gulp-cli\node_modules\yargs-parser\index.js
MODULE 45160: looking for "object.assign" in ["C:\\Users\\Daniel\\Documents\\projects\\SyncClassroom\\repos\\ai-editor\\node_modules\\gulp-cli\\node_modules\\yargs-parser\\node_modules","C:\\Users\\Daniel\\Documents\\projects\\SyncClassroom\\repos\\ai-editor\\node_modules\\gulp-cli\\node_modules","C:\\Users\\Daniel\\Documents\\projects\\SyncClassroom\\repos\\ai-editor\\node_modules","C:\\Users\\Daniel\\Documents\\projects\\SyncClassroom\\repos\\node_modules","C:\\Users\\Daniel\\Documents\\projects\\SyncClassroom\\node_modules","C:\\Users\\Daniel\\Documents\\projects\\node_modules","C:\\Users\\Daniel\\Documents\\node_modules","C:\\Users\\Daniel\\node_modules","C:\\Users\\node_modules","C:\\node_modules","C:\\Users\\Daniel\\.node_modules","C:\\Users\\Daniel\\.node_libraries","C:\\nvm4w\\nodejs\\lib\\node"]
MODULE 45160: load "C:\\Users\\Daniel\\Documents\\projects\\SyncClassroom\\repos\\ai-editor\\node_modules\\object.assign\\index.js" for module "C:\\Users\\Daniel\\Documents\\projects\\SyncClassroom\\repos\\ai-editor\\node_modules\\object.assign\\index.js"
MODULE 45160: Module._load REQUEST define-properties parent: C:\Users\Daniel\Documents\projects\SyncClassroom\repos\ai-editor\node_modules\object.assign\index.js
MODULE 45160: looking for "define-properties" in ["C:\\Users\\Daniel\\Documents\\projects\\SyncClassroom\\repos\\ai-editor\\node_modules\\object.assign\\node_modules","C:\\Users\\Daniel\\Documents\\projects\\SyncClassroom\\repos\\ai-editor\\node_modules","C:\\Users\\Daniel\\Documents\\projects\\SyncClassroom\\repos\\node_modules","C:\\Users\\Daniel\\Documents\\projects\\SyncClassroom\\node_modules","C:\\Users\\Daniel\\Documents\\projects\\node_modules","C:\\Users\\Daniel\\Documents\\node_modules","C:\\Users\\Daniel\\node_modules","C:\\Users\\node_modules","C:\\node_modules","C:\\Users\\Daniel\\.node_modules","C:\\Users\\Daniel\\.node_libraries","C:\\nvm4w\\nodejs\\lib\\node"]
MODULE 45160: load "C:\\Users\\Daniel\\Documents\\projects\\SyncClassroom\\repos\\ai-editor\\node_modules\\define-properties\\index.js" for module "C:\\Users\\Daniel\\Documents\\projects\\SyncClassroom\\repos\\ai-editor\\node_modules\\define-properties\\index.js"
MODULE 45160: Module._load REQUEST object-keys parent: C:\Users\Daniel\Documents\projects\SyncClassroom\repos\ai-editor\node_modules\define-properties\index.js
MODULE 45160: looking for "object-keys" in ["C:\\Users\\Daniel\\Documents\\projects\\SyncClassroom\\repos\\ai-editor\\node_modules\\define-properties\\node_modules","C:\\Users\\Daniel\\Documents\\projects\\SyncClassroom\\repos\\ai-editor\\node_modules","C:\\Users\\Daniel\\Documents\\projects\\SyncClassroom\\repos\\node_modules","C:\\Users\\Daniel\\Documents\\projects\\SyncClassroom\\node_modules","C:\\Users\\Daniel\\Documents\\projects\\node_modules","C:\\Users\\Daniel\\Documents\\node_modules","C:\\Users\\Daniel\\node_modules","C:\\Users\\node_modules","C:\\node_modules","C:\\Users\\Daniel\\.node_modules","C:\\Users\\Daniel\\.node_libraries","C:\\nvm4w\\nodejs\\lib\\node"]
MODULE 45160: load "C:\\Users\\Daniel\\Documents\\projects\\SyncClassroom\\repos\\ai-editor\\node_modules\\object-keys\\index.js" for module "C:\\Users\\Daniel\\Documents\\projects\\SyncClassroom\\repos\\ai-editor\\node_modules\\object-keys\\index.js"
MODULE 45160: Module._load REQUEST ./isArguments parent: C:\Users\Daniel\Documents\projects\SyncClassroom\repos\ai-editor\node_modules\object-keys\index.js
MODULE 45160: RELATIVE: requested: ./isArguments from parent.id C:\Users\Daniel\Documents\projects\SyncClassroom\repos\ai-editor\node_modules\object-keys\index.js
MODULE 45160: looking for ["C:\\Users\\Daniel\\Documents\\projects\\SyncClassroom\\repos\\ai-editor\\node_modules\\object-keys"]
MODULE 45160: load "C:\\Users\\Daniel\\Documents\\projects\\SyncClassroom\\repos\\ai-editor\\node_modules\\object-keys\\isArguments.js" for module "C:\\Users\\Daniel\\Documents\\projects\\SyncClassroom\\repos\\ai-editor\\node_modules\\object-keys\\isArguments.js"
MODULE 45160: Module._load REQUEST define-data-property parent: C:\Users\Daniel\Documents\projects\SyncClassroom\repos\ai-editor\node_modules\define-properties\index.js
MODULE 45160: looking for "define-data-property" in ["C:\\Users\\Daniel\\Documents\\projects\\SyncClassroom\\repos\\ai-editor\\node_modules\\define-properties\\node_modules","C:\\Users\\Daniel\\Documents\\projects\\SyncClassroom\\repos\\ai-editor\\node_modules","C:\\Users\\Daniel\\Documents\\projects\\SyncClassroom\\repos\\node_modules","C:\\Users\\Daniel\\Documents\\projects\\SyncClassroom\\node_modules","C:\\Users\\Daniel\\Documents\\projects\\node_modules","C:\\Users\\Daniel\\Documents\\node_modules","C:\\Users\\Daniel\\node_modules","C:\\Users\\node_modules","C:\\node_modules","C:\\Users\\Daniel\\.node_modules","C:\\Users\\Daniel\\.node_libraries","C:\\nvm4w\\nodejs\\lib\\node"]
MODULE 45160: load "C:\\Users\\Daniel\\Documents\\projects\\SyncClassroom\\repos\\ai-editor\\node_modules\\define-data-property\\index.js" for module "C:\\Users\\Daniel\\Documents\\projects\\SyncClassroom\\repos\\ai-editor\\node_modules\\define-data-property\\index.js"
MODULE 45160: Module._load REQUEST es-define-property parent: C:\Users\Daniel\Documents\projects\SyncClassroom\repos\ai-editor\node_modules\define-data-property\index.js
MODULE 45160: looking for "es-define-property" in ["C:\\Users\\Daniel\\Documents\\projects\\SyncClassroom\\repos\\ai-editor\\node_modules\\define-data-property\\node_modules","C:\\Users\\Daniel\\Documents\\projects\\SyncClassroom\\repos\\ai-editor\\node_modules","C:\\Users\\Daniel\\Documents\\projects\\SyncClassroom\\repos\\node_modules","C:\\Users\\Daniel\\Documents\\projects\\SyncClassroom\\node_modules","C:\\Users\\Daniel\\Documents\\projects\\node_modules","C:\\Users\\Daniel\\Documents\\node_modules","C:\\Users\\Daniel\\node_modules","C:\\Users\\node_modules","C:\\node_modules","C:\\Users\\Daniel\\.node_modules","C:\\Users\\Daniel\\.node_libraries","C:\\nvm4w\\nodejs\\lib\\node"]
MODULE 45160: load "C:\\Users\\Daniel\\Documents\\projects\\SyncClassroom\\repos\\ai-editor\\node_modules\\es-define-property\\index.js" for module "C:\\Users\\Daniel\\Documents\\projects\\SyncClassroom\\repos\\ai-editor\\node_modules\\es-define-property\\index.js"
MODULE 45160: Module._load REQUEST es-errors/syntax parent: C:\Users\Daniel\Documents\projects\SyncClassroom\repos\ai-editor\node_modules\define-data-property\index.js
MODULE 45160: looking for "es-errors/syntax" in ["C:\\Users\\Daniel\\Documents\\projects\\SyncClassroom\\repos\\ai-editor\\node_modules\\define-data-property\\node_modules","C:\\Users\\Daniel\\Documents\\projects\\SyncClassroom\\repos\\ai-editor\\node_modules","C:\\Users\\Daniel\\Documents\\projects\\SyncClassroom\\repos\\node_modules","C:\\Users\\Daniel\\Documents\\projects\\SyncClassroom\\node_modules","C:\\Users\\Daniel\\Documents\\projects\\node_modules","C:\\Users\\Daniel\\Documents\\node_modules","C:\\Users\\Daniel\\node_modules","C:\\Users\\node_modules","C:\\node_modules","C:\\Users\\Daniel\\.node_modules","C:\\Users\\Daniel\\.node_libraries","C:\\nvm4w\\nodejs\\lib\\node"]
MODULE 45160: load "C:\\Users\\Daniel\\Documents\\projects\\SyncClassroom\\repos\\ai-editor\\node_modules\\es-errors\\syntax.js" for module "C:\\Users\\Daniel\\Documents\\projects\\SyncClassroom\\repos\\ai-editor\\node_modules\\es-errors\\syntax.js"
MODULE 45160: Module._load REQUEST es-errors/type parent: C:\Users\Daniel\Documents\projects\SyncClassroom\repos\ai-editor\node_modules\define-data-property\index.js
MODULE 45160: looking for "es-errors/type" in ["C:\\Users\\Daniel\\Documents\\projects\\SyncClassroom\\repos\\ai-editor\\node_modules\\define-data-property\\node_modules","C:\\Users\\Daniel\\Documents\\projects\\SyncClassroom\\repos\\ai-editor\\node_modules","C:\\Users\\Daniel\\Documents\\projects\\SyncClassroom\\repos\\node_modules","C:\\Users\\Daniel\\Documents\\projects\\SyncClassroom\\node_modules","C:\\Users\\Daniel\\Documents\\projects\\node_modules","C:\\Users\\Daniel\\Documents\\node_modules","C:\\Users\\Daniel\\node_modules","C:\\Users\\node_modules","C:\\node_modules","C:\\Users\\Daniel\\.node_modules","C:\\Users\\Daniel\\.node_libraries","C:\\nvm4w\\nodejs\\lib\\node"]
MODULE 45160: load "C:\\Users\\Daniel\\Documents\\projects\\SyncClassroom\\repos\\ai-editor\\node_modules\\es-errors\\type.js" for module "C:\\Users\\Daniel\\Documents\\projects\\SyncClassroom\\repos\\ai-editor\\node_modules\\es-errors\\type.js"
MODULE 45160: Module._load REQUEST gopd parent: C:\Users\Daniel\Documents\projects\SyncClassroom\repos\ai-editor\node_modules\define-data-property\index.js
MODULE 45160: looking for "gopd" in ["C:\\Users\\Daniel\\Documents\\projects\\SyncClassroom\\repos\\ai-editor\\node_modules\\define-data-property\\node_modules","C:\\Users\\Daniel\\Documents\\projects\\SyncClassroom\\repos\\ai-editor\\node_modules","C:\\Users\\Daniel\\Documents\\projects\\SyncClassroom\\repos\\node_modules","C:\\Users\\Daniel\\Documents\\projects\\SyncClassroom\\node_modules","C:\\Users\\Daniel\\Documents\\projects\\node_modules","C:\\Users\\Daniel\\Documents\\node_modules","C:\\Users\\Daniel\\node_modules","C:\\Users\\node_modules","C:\\node_modules","C:\\Users\\Daniel\\.node_modules","C:\\Users\\Daniel\\.node_libraries","C:\\nvm4w\\nodejs\\lib\\node"]
MODULE 45160: load "C:\\Users\\Daniel\\Documents\\projects\\SyncClassroom\\repos\\ai-editor\\node_modules\\gopd\\index.js" for module "C:\\Users\\Daniel\\Documents\\projects\\SyncClassroom\\repos\\ai-editor\\node_modules\\gopd\\index.js"
MODULE 45160: Module._load REQUEST ./gOPD parent: C:\Users\Daniel\Documents\projects\SyncClassroom\repos\ai-editor\node_modules\gopd\index.js
MODULE 45160: RELATIVE: requested: ./gOPD from parent.id C:\Users\Daniel\Documents\projects\SyncClassroom\repos\ai-editor\node_modules\gopd\index.js
MODULE 45160: looking for ["C:\\Users\\Daniel\\Documents\\projects\\SyncClassroom\\repos\\ai-editor\\node_modules\\gopd"]
MODULE 45160: load "C:\\Users\\Daniel\\Documents\\projects\\SyncClassroom\\repos\\ai-editor\\node_modules\\gopd\\gOPD.js" for module "C:\\Users\\Daniel\\Documents\\projects\\SyncClassroom\\repos\\ai-editor\\node_modules\\gopd\\gOPD.js"
MODULE 45160: Module._load REQUEST has-property-descriptors parent: C:\Users\Daniel\Documents\projects\SyncClassroom\repos\ai-editor\node_modules\define-properties\index.js
MODULE 45160: looking for "has-property-descriptors" in ["C:\\Users\\Daniel\\Documents\\projects\\SyncClassroom\\repos\\ai-editor\\node_modules\\define-properties\\node_modules","C:\\Users\\Daniel\\Documents\\projects\\SyncClassroom\\repos\\ai-editor\\node_modules","C:\\Users\\Daniel\\Documents\\projects\\SyncClassroom\\repos\\node_modules","C:\\Users\\Daniel\\Documents\\projects\\SyncClassroom\\node_modules","C:\\Users\\Daniel\\Documents\\projects\\node_modules","C:\\Users\\Daniel\\Documents\\node_modules","C:\\Users\\Daniel\\node_modules","C:\\Users\\node_modules","C:\\node_modules","C:\\Users\\Daniel\\.node_modules","C:\\Users\\Daniel\\.node_libraries","C:\\nvm4w\\nodejs\\lib\\node"]
MODULE 45160: load "C:\\Users\\Daniel\\Documents\\projects\\SyncClassroom\\repos\\ai-editor\\node_modules\\has-property-descriptors\\index.js" for module "C:\\Users\\Daniel\\Documents\\projects\\SyncClassroom\\repos\\ai-editor\\node_modules\\has-property-descriptors\\index.js"
MODULE 45160: Module._load REQUEST es-define-property parent: C:\Users\Daniel\Documents\projects\SyncClassroom\repos\ai-editor\node_modules\has-property-descriptors\index.js
MODULE 45160: looking for "es-define-property" in ["C:\\Users\\Daniel\\Documents\\projects\\SyncClassroom\\repos\\ai-editor\\node_modules\\has-property-descriptors\\node_modules","C:\\Users\\Daniel\\Documents\\projects\\SyncClassroom\\repos\\ai-editor\\node_modules","C:\\Users\\Daniel\\Documents\\projects\\SyncClassroom\\repos\\node_modules","C:\\Users\\Daniel\\Documents\\projects\\SyncClassroom\\node_modules","C:\\Users\\Daniel\\Documents\\projects\\node_modules","C:\\Users\\Daniel\\Documents\\node_modules","C:\\Users\\Daniel\\node_modules","C:\\Users\\node_modules","C:\\node_modules","C:\\Users\\Daniel\\.node_modules","C:\\Users\\Daniel\\.node_libraries","C:\\nvm4w\\nodejs\\lib\\node"]
MODULE 45160: Module._load REQUEST call-bind parent: C:\Users\Daniel\Documents\projects\SyncClassroom\repos\ai-editor\node_modules\object.assign\index.js
MODULE 45160: looking for "call-bind" in ["C:\\Users\\Daniel\\Documents\\projects\\SyncClassroom\\repos\\ai-editor\\node_modules\\object.assign\\node_modules","C:\\Users\\Daniel\\Documents\\projects\\SyncClassroom\\repos\\ai-editor\\node_modules","C:\\Users\\Daniel\\Documents\\projects\\SyncClassroom\\repos\\node_modules","C:\\Users\\Daniel\\Documents\\projects\\SyncClassroom\\node_modules","C:\\Users\\Daniel\\Documents\\projects\\node_modules","C:\\Users\\Daniel\\Documents\\node_modules","C:\\Users\\Daniel\\node_modules","C:\\Users\\node_modules","C:\\node_modules","C:\\Users\\Daniel\\.node_modules","C:\\Users\\Daniel\\.node_libraries","C:\\nvm4w\\nodejs\\lib\\node"]
MODULE 45160: load "C:\\Users\\Daniel\\Documents\\projects\\SyncClassroom\\repos\\ai-editor\\node_modules\\call-bind\\index.js" for module "C:\\Users\\Daniel\\Documents\\projects\\SyncClassroom\\repos\\ai-editor\\node_modules\\call-bind\\index.js"
MODULE 45160: Module._load REQUEST set-function-length parent: C:\Users\Daniel\Documents\projects\SyncClassroom\repos\ai-editor\node_modules\call-bind\index.js
MODULE 45160: looking for "set-function-length" in ["C:\\Users\\Daniel\\Documents\\projects\\SyncClassroom\\repos\\ai-editor\\node_modules\\call-bind\\node_modules","C:\\Users\\Daniel\\Documents\\projects\\SyncClassroom\\repos\\ai-editor\\node_modules","C:\\Users\\Daniel\\Documents\\projects\\SyncClassroom\\repos\\node_modules","C:\\Users\\Daniel\\Documents\\projects\\SyncClassroom\\node_modules","C:\\Users\\Daniel\\Documents\\projects\\node_modules","C:\\Users\\Daniel\\Documents\\node_modules","C:\\Users\\Daniel\\node_modules","C:\\Users\\node_modules","C:\\node_modules","C:\\Users\\Daniel\\.node_modules","C:\\Users\\Daniel\\.node_libraries","C:\\nvm4w\\nodejs\\lib\\node"]
MODULE 45160: load "C:\\Users\\Daniel\\Documents\\projects\\SyncClassroom\\repos\\ai-editor\\node_modules\\set-function-length\\index.js" for module "C:\\Users\\Daniel\\Documents\\projects\\SyncClassroom\\repos\\ai-editor\\node_modules\\set-function-length\\index.js"
MODULE 45160: Module._load REQUEST get-intrinsic parent: C:\Users\Daniel\Documents\projects\SyncClassroom\repos\ai-editor\node_modules\set-function-length\index.js
MODULE 45160: looking for "get-intrinsic" in ["C:\\Users\\Daniel\\Documents\\projects\\SyncClassroom\\repos\\ai-editor\\node_modules\\set-function-length\\node_modules","C:\\Users\\Daniel\\Documents\\projects\\SyncClassroom\\repos\\ai-editor\\node_modules","C:\\Users\\Daniel\\Documents\\projects\\SyncClassroom\\repos\\node_modules","C:\\Users\\Daniel\\Documents\\projects\\SyncClassroom\\node_modules","C:\\Users\\Daniel\\Documents\\projects\\node_modules","C:\\Users\\Daniel\\Documents\\node_modules","C:\\Users\\Daniel\\node_modules","C:\\Users\\node_modules","C:\\node_modules","C:\\Users\\Daniel\\.node_modules","C:\\Users\\Daniel\\.node_libraries","C:\\nvm4w\\nodejs\\lib\\node"]
MODULE 45160: load "C:\\Users\\Daniel\\Documents\\projects\\SyncClassroom\\repos\\ai-editor\\node_modules\\get-intrinsic\\index.js" for module "C:\\Users\\Daniel\\Documents\\projects\\SyncClassroom\\repos\\ai-editor\\node_modules\\get-intrinsic\\index.js"
MODULE 45160: Module._load REQUEST es-object-atoms parent: C:\Users\Daniel\Documents\projects\SyncClassroom\repos\ai-editor\node_modules\get-intrinsic\index.js
MODULE 45160: looking for "es-object-atoms" in ["C:\\Users\\Daniel\\Documents\\projects\\SyncClassroom\\repos\\ai-editor\\node_modules\\get-intrinsic\\node_modules","C:\\Users\\Daniel\\Documents\\projects\\SyncClassroom\\repos\\ai-editor\\node_modules","C:\\Users\\Daniel\\Documents\\projects\\SyncClassroom\\repos\\node_modules","C:\\Users\\Daniel\\Documents\\projects\\SyncClassroom\\node_modules","C:\\Users\\Daniel\\Documents\\projects\\node_modules","C:\\Users\\Daniel\\Documents\\node_modules","C:\\Users\\Daniel\\node_modules","C:\\Users\\node_modules","C:\\node_modules","C:\\Users\\Daniel\\.node_modules","C:\\Users\\Daniel\\.node_libraries","C:\\nvm4w\\nodejs\\lib\\node"]
MODULE 45160: load "C:\\Users\\Daniel\\Documents\\projects\\SyncClassroom\\repos\\ai-editor\\node_modules\\es-object-atoms\\index.js" for module "C:\\Users\\Daniel\\Documents\\projects\\SyncClassroom\\repos\\ai-editor\\node_modules\\es-object-atoms\\index.js"
MODULE 45160: Module._load REQUEST es-errors parent: C:\Users\Daniel\Documents\projects\SyncClassroom\repos\ai-editor\node_modules\get-intrinsic\index.js
MODULE 45160: looking for "es-errors" in ["C:\\Users\\Daniel\\Documents\\projects\\SyncClassroom\\repos\\ai-editor\\node_modules\\get-intrinsic\\node_modules","C:\\Users\\Daniel\\Documents\\projects\\SyncClassroom\\repos\\ai-editor\\node_modules","C:\\Users\\Daniel\\Documents\\projects\\SyncClassroom\\repos\\node_modules","C:\\Users\\Daniel\\Documents\\projects\\SyncClassroom\\node_modules","C:\\Users\\Daniel\\Documents\\projects\\node_modules","C:\\Users\\Daniel\\Documents\\node_modules","C:\\Users\\Daniel\\node_modules","C:\\Users\\node_modules","C:\\node_modules","C:\\Users\\Daniel\\.node_modules","C:\\Users\\Daniel\\.node_libraries","C:\\nvm4w\\nodejs\\lib\\node"]
MODULE 45160: load "C:\\Users\\Daniel\\Documents\\projects\\SyncClassroom\\repos\\ai-editor\\node_modules\\es-errors\\index.js" for module "C:\\Users\\Daniel\\Documents\\projects\\SyncClassroom\\repos\\ai-editor\\node_modules\\es-errors\\index.js"
MODULE 45160: Module._load REQUEST es-errors/eval parent: C:\Users\Daniel\Documents\projects\SyncClassroom\repos\ai-editor\node_modules\get-intrinsic\index.js
MODULE 45160: looking for "es-errors/eval" in ["C:\\Users\\Daniel\\Documents\\projects\\SyncClassroom\\repos\\ai-editor\\node_modules\\get-intrinsic\\node_modules","C:\\Users\\Daniel\\Documents\\projects\\SyncClassroom\\repos\\ai-editor\\node_modules","C:\\Users\\Daniel\\Documents\\projects\\SyncClassroom\\repos\\node_modules","C:\\Users\\Daniel\\Documents\\projects\\SyncClassroom\\node_modules","C:\\Users\\Daniel\\Documents\\projects\\node_modules","C:\\Users\\Daniel\\Documents\\node_modules","C:\\Users\\Daniel\\node_modules","C:\\Users\\node_modules","C:\\node_modules","C:\\Users\\Daniel\\.node_modules","C:\\Users\\Daniel\\.node_libraries","C:\\nvm4w\\nodejs\\lib\\node"]
MODULE 45160: load "C:\\Users\\Daniel\\Documents\\projects\\SyncClassroom\\repos\\ai-editor\\node_modules\\es-errors\\eval.js" for module "C:\\Users\\Daniel\\Documents\\projects\\SyncClassroom\\repos\\ai-editor\\node_modules\\es-errors\\eval.js"
MODULE 45160: Module._load REQUEST es-errors/range parent: C:\Users\Daniel\Documents\projects\SyncClassroom\repos\ai-editor\node_modules\get-intrinsic\index.js
MODULE 45160: looking for "es-errors/range" in ["C:\\Users\\Daniel\\Documents\\projects\\SyncClassroom\\repos\\ai-editor\\node_modules\\get-intrinsic\\node_modules","C:\\Users\\Daniel\\Documents\\projects\\SyncClassroom\\repos\\ai-editor\\node_modules","C:\\Users\\Daniel\\Documents\\projects\\SyncClassroom\\repos\\node_modules","C:\\Users\\Daniel\\Documents\\projects\\SyncClassroom\\node_modules","C:\\Users\\Daniel\\Documents\\projects\\node_modules","C:\\Users\\Daniel\\Documents\\node_modules","C:\\Users\\Daniel\\node_modules","C:\\Users\\node_modules","C:\\node_modules","C:\\Users\\Daniel\\.node_modules","C:\\Users\\Daniel\\.node_libraries","C:\\nvm4w\\nodejs\\lib\\node"]
MODULE 45160: load "C:\\Users\\Daniel\\Documents\\projects\\SyncClassroom\\repos\\ai-editor\\node_modules\\es-errors\\range.js" for module "C:\\Users\\Daniel\\Documents\\projects\\SyncClassroom\\repos\\ai-editor\\node_modules\\es-errors\\range.js"
MODULE 45160: Module._load REQUEST es-errors/ref parent: C:\Users\Daniel\Documents\projects\SyncClassroom\repos\ai-editor\node_modules\get-intrinsic\index.js
MODULE 45160: looking for "es-errors/ref" in ["C:\\Users\\Daniel\\Documents\\projects\\SyncClassroom\\repos\\ai-editor\\node_modules\\get-intrinsic\\node_modules","C:\\Users\\Daniel\\Documents\\projects\\SyncClassroom\\repos\\ai-editor\\node_modules","C:\\Users\\Daniel\\Documents\\projects\\SyncClassroom\\repos\\node_modules","C:\\Users\\Daniel\\Documents\\projects\\SyncClassroom\\node_modules","C:\\Users\\Daniel\\Documents\\projects\\node_modules","C:\\Users\\Daniel\\Documents\\node_modules","C:\\Users\\Daniel\\node_modules","C:\\Users\\node_modules","C:\\node_modules","C:\\Users\\Daniel\\.node_modules","C:\\Users\\Daniel\\.node_libraries","C:\\nvm4w\\nodejs\\lib\\node"]
MODULE 45160: load "C:\\Users\\Daniel\\Documents\\projects\\SyncClassroom\\repos\\ai-editor\\node_modules\\es-errors\\ref.js" for module "C:\\Users\\Daniel\\Documents\\projects\\SyncClassroom\\repos\\ai-editor\\node_modules\\es-errors\\ref.js"
MODULE 45160: Module._load REQUEST es-errors/syntax parent: C:\Users\Daniel\Documents\projects\SyncClassroom\repos\ai-editor\node_modules\get-intrinsic\index.js
MODULE 45160: looking for "es-errors/syntax" in ["C:\\Users\\Daniel\\Documents\\projects\\SyncClassroom\\repos\\ai-editor\\node_modules\\get-intrinsic\\node_modules","C:\\Users\\Daniel\\Documents\\projects\\SyncClassroom\\repos\\ai-editor\\node_modules","C:\\Users\\Daniel\\Documents\\projects\\SyncClassroom\\repos\\node_modules","C:\\Users\\Daniel\\Documents\\projects\\SyncClassroom\\node_modules","C:\\Users\\Daniel\\Documents\\projects\\node_modules","C:\\Users\\Daniel\\Documents\\node_modules","C:\\Users\\Daniel\\node_modules","C:\\Users\\node_modules","C:\\node_modules","C:\\Users\\Daniel\\.node_modules","C:\\Users\\Daniel\\.node_libraries","C:\\nvm4w\\nodejs\\lib\\node"]
MODULE 45160: Module._load REQUEST es-errors/type parent: C:\Users\Daniel\Documents\projects\SyncClassroom\repos\ai-editor\node_modules\get-intrinsic\index.js
MODULE 45160: looking for "es-errors/type" in ["C:\\Users\\Daniel\\Documents\\projects\\SyncClassroom\\repos\\ai-editor\\node_modules\\get-intrinsic\\node_modules","C:\\Users\\Daniel\\Documents\\projects\\SyncClassroom\\repos\\ai-editor\\node_modules","C:\\Users\\Daniel\\Documents\\projects\\SyncClassroom\\repos\\node_modules","C:\\Users\\Daniel\\Documents\\projects\\SyncClassroom\\node_modules","C:\\Users\\Daniel\\Documents\\projects\\node_modules","C:\\Users\\Daniel\\Documents\\node_modules","C:\\Users\\Daniel\\node_modules","C:\\Users\\node_modules","C:\\node_modules","C:\\Users\\Daniel\\.node_modules","C:\\Users\\Daniel\\.node_libraries","C:\\nvm4w\\nodejs\\lib\\node"]
MODULE 45160: Module._load REQUEST es-errors/uri parent: C:\Users\Daniel\Documents\projects\SyncClassroom\repos\ai-editor\node_modules\get-intrinsic\index.js
MODULE 45160: looking for "es-errors/uri" in ["C:\\Users\\Daniel\\Documents\\projects\\SyncClassroom\\repos\\ai-editor\\node_modules\\get-intrinsic\\node_modules","C:\\Users\\Daniel\\Documents\\projects\\SyncClassroom\\repos\\ai-editor\\node_modules","C:\\Users\\Daniel\\Documents\\projects\\SyncClassroom\\repos\\node_modules","C:\\Users\\Daniel\\Documents\\projects\\SyncClassroom\\node_modules","C:\\Users\\Daniel\\Documents\\projects\\node_modules","C:\\Users\\Daniel\\Documents\\node_modules","C:\\Users\\Daniel\\node_modules","C:\\Users\\node_modules","C:\\node_modules","C:\\Users\\Daniel\\.node_modules","C:\\Users\\Daniel\\.node_libraries","C:\\nvm4w\\nodejs\\lib\\node"]
MODULE 45160: load "C:\\Users\\Daniel\\Documents\\projects\\SyncClassroom\\repos\\ai-editor\\node_modules\\es-errors\\uri.js" for module "C:\\Users\\Daniel\\Documents\\projects\\SyncClassroom\\repos\\ai-editor\\node_modules\\es-errors\\uri.js"
MODULE 45160: Module._load REQUEST math-intrinsics/abs parent: C:\Users\Daniel\Documents\projects\SyncClassroom\repos\ai-editor\node_modules\get-intrinsic\index.js
MODULE 45160: looking for "math-intrinsics/abs" in ["C:\\Users\\Daniel\\Documents\\projects\\SyncClassroom\\repos\\ai-editor\\node_modules\\get-intrinsic\\node_modules","C:\\Users\\Daniel\\Documents\\projects\\SyncClassroom\\repos\\ai-editor\\node_modules","C:\\Users\\Daniel\\Documents\\projects\\SyncClassroom\\repos\\node_modules","C:\\Users\\Daniel\\Documents\\projects\\SyncClassroom\\node_modules","C:\\Users\\Daniel\\Documents\\projects\\node_modules","C:\\Users\\Daniel\\Documents\\node_modules","C:\\Users\\Daniel\\node_modules","C:\\Users\\node_modules","C:\\node_modules","C:\\Users\\Daniel\\.node_modules","C:\\Users\\Daniel\\.node_libraries","C:\\nvm4w\\nodejs\\lib\\node"]
MODULE 45160: load "C:\\Users\\Daniel\\Documents\\projects\\SyncClassroom\\repos\\ai-editor\\node_modules\\math-intrinsics\\abs.js" for module "C:\\Users\\Daniel\\Documents\\projects\\SyncClassroom\\repos\\ai-editor\\node_modules\\math-intrinsics\\abs.js"
MODULE 45160: Module._load REQUEST math-intrinsics/floor parent: C:\Users\Daniel\Documents\projects\SyncClassroom\repos\ai-editor\node_modules\get-intrinsic\index.js
MODULE 45160: looking for "math-intrinsics/floor" in ["C:\\Users\\Daniel\\Documents\\projects\\SyncClassroom\\repos\\ai-editor\\node_modules\\get-intrinsic\\node_modules","C:\\Users\\Daniel\\Documents\\projects\\SyncClassroom\\repos\\ai-editor\\node_modules","C:\\Users\\Daniel\\Documents\\projects\\SyncClassroom\\repos\\node_modules","C:\\Users\\Daniel\\Documents\\projects\\SyncClassroom\\node_modules","C:\\Users\\Daniel\\Documents\\projects\\node_modules","C:\\Users\\Daniel\\Documents\\node_modules","C:\\Users\\Daniel\\node_modules","C:\\Users\\node_modules","C:\\node_modules","C:\\Users\\Daniel\\.node_modules","C:\\Users\\Daniel\\.node_libraries","C:\\nvm4w\\nodejs\\lib\\node"]
MODULE 45160: load "C:\\Users\\Daniel\\Documents\\projects\\SyncClassroom\\repos\\ai-editor\\node_modules\\math-intrinsics\\floor.js" for module "C:\\Users\\Daniel\\Documents\\projects\\SyncClassroom\\repos\\ai-editor\\node_modules\\math-intrinsics\\floor.js"
MODULE 45160: Module._load REQUEST math-intrinsics/max parent: C:\Users\Daniel\Documents\projects\SyncClassroom\repos\ai-editor\node_modules\get-intrinsic\index.js
MODULE 45160: looking for "math-intrinsics/max" in ["C:\\Users\\Daniel\\Documents\\projects\\SyncClassroom\\repos\\ai-editor\\node_modules\\get-intrinsic\\node_modules","C:\\Users\\Daniel\\Documents\\projects\\SyncClassroom\\repos\\ai-editor\\node_modules","C:\\Users\\Daniel\\Documents\\projects\\SyncClassroom\\repos\\node_modules","C:\\Users\\Daniel\\Documents\\projects\\SyncClassroom\\node_modules","C:\\Users\\Daniel\\Documents\\projects\\node_modules","C:\\Users\\Daniel\\Documents\\node_modules","C:\\Users\\Daniel\\node_modules","C:\\Users\\node_modules","C:\\node_modules","C:\\Users\\Daniel\\.node_modules","C:\\Users\\Daniel\\.node_libraries","C:\\nvm4w\\nodejs\\lib\\node"]
MODULE 45160: load "C:\\Users\\Daniel\\Documents\\projects\\SyncClassroom\\repos\\ai-editor\\node_modules\\math-intrinsics\\max.js" for module "C:\\Users\\Daniel\\Documents\\projects\\SyncClassroom\\repos\\ai-editor\\node_modules\\math-intrinsics\\max.js"
MODULE 45160: Module._load REQUEST math-intrinsics/min parent: C:\Users\Daniel\Documents\projects\SyncClassroom\repos\ai-editor\node_modules\get-intrinsic\index.js
MODULE 45160: looking for "math-intrinsics/min" in ["C:\\Users\\Daniel\\Documents\\projects\\SyncClassroom\\repos\\ai-editor\\node_modules\\get-intrinsic\\node_modules","C:\\Users\\Daniel\\Documents\\projects\\SyncClassroom\\repos\\ai-editor\\node_modules","C:\\Users\\Daniel\\Documents\\projects\\SyncClassroom\\repos\\node_modules","C:\\Users\\Daniel\\Documents\\projects\\SyncClassroom\\node_modules","C:\\Users\\Daniel\\Documents\\projects\\node_modules","C:\\Users\\Daniel\\Documents\\node_modules","C:\\Users\\Daniel\\node_modules","C:\\Users\\node_modules","C:\\node_modules","C:\\Users\\Daniel\\.node_modules","C:\\Users\\Daniel\\.node_libraries","C:\\nvm4w\\nodejs\\lib\\node"]
MODULE 45160: load "C:\\Users\\Daniel\\Documents\\projects\\SyncClassroom\\repos\\ai-editor\\node_modules\\math-intrinsics\\min.js" for module "C:\\Users\\Daniel\\Documents\\projects\\SyncClassroom\\repos\\ai-editor\\node_modules\\math-intrinsics\\min.js"
MODULE 45160: Module._load REQUEST math-intrinsics/pow parent: C:\Users\Daniel\Documents\projects\SyncClassroom\repos\ai-editor\node_modules\get-intrinsic\index.js
MODULE 45160: looking for "math-intrinsics/pow" in ["C:\\Users\\Daniel\\Documents\\projects\\SyncClassroom\\repos\\ai-editor\\node_modules\\get-intrinsic\\node_modules","C:\\Users\\Daniel\\Documents\\projects\\SyncClassroom\\repos\\ai-editor\\node_modules","C:\\Users\\Daniel\\Documents\\projects\\SyncClassroom\\repos\\node_modules","C:\\Users\\Daniel\\Documents\\projects\\SyncClassroom\\node_modules","C:\\Users\\Daniel\\Documents\\projects\\node_modules","C:\\Users\\Daniel\\Documents\\node_modules","C:\\Users\\Daniel\\node_modules","C:\\Users\\node_modules","C:\\node_modules","C:\\Users\\Daniel\\.node_modules","C:\\Users\\Daniel\\.node_libraries","C:\\nvm4w\\nodejs\\lib\\node"]
MODULE 45160: load "C:\\Users\\Daniel\\Documents\\projects\\SyncClassroom\\repos\\ai-editor\\node_modules\\math-intrinsics\\pow.js" for module "C:\\Users\\Daniel\\Documents\\projects\\SyncClassroom\\repos\\ai-editor\\node_modules\\math-intrinsics\\pow.js"
MODULE 45160: Module._load REQUEST math-intrinsics/round parent: C:\Users\Daniel\Documents\projects\SyncClassroom\repos\ai-editor\node_modules\get-intrinsic\index.js
MODULE 45160: looking for "math-intrinsics/round" in ["C:\\Users\\Daniel\\Documents\\projects\\SyncClassroom\\repos\\ai-editor\\node_modules\\get-intrinsic\\node_modules","C:\\Users\\Daniel\\Documents\\projects\\SyncClassroom\\repos\\ai-editor\\node_modules","C:\\Users\\Daniel\\Documents\\projects\\SyncClassroom\\repos\\node_modules","C:\\Users\\Daniel\\Documents\\projects\\SyncClassroom\\node_modules","C:\\Users\\Daniel\\Documents\\projects\\node_modules","C:\\Users\\Daniel\\Documents\\node_modules","C:\\Users\\Daniel\\node_modules","C:\\Users\\node_modules","C:\\node_modules","C:\\Users\\Daniel\\.node_modules","C:\\Users\\Daniel\\.node_libraries","C:\\nvm4w\\nodejs\\lib\\node"]
MODULE 45160: load "C:\\Users\\Daniel\\Documents\\projects\\SyncClassroom\\repos\\ai-editor\\node_modules\\math-intrinsics\\round.js" for module "C:\\Users\\Daniel\\Documents\\projects\\SyncClassroom\\repos\\ai-editor\\node_modules\\math-intrinsics\\round.js"
MODULE 45160: Module._load REQUEST math-intrinsics/sign parent: C:\Users\Daniel\Documents\projects\SyncClassroom\repos\ai-editor\node_modules\get-intrinsic\index.js
MODULE 45160: looking for "math-intrinsics/sign" in ["C:\\Users\\Daniel\\Documents\\projects\\SyncClassroom\\repos\\ai-editor\\node_modules\\get-intrinsic\\node_modules","C:\\Users\\Daniel\\Documents\\projects\\SyncClassroom\\repos\\ai-editor\\node_modules","C:\\Users\\Daniel\\Documents\\projects\\SyncClassroom\\repos\\node_modules","C:\\Users\\Daniel\\Documents\\projects\\SyncClassroom\\node_modules","C:\\Users\\Daniel\\Documents\\projects\\node_modules","C:\\Users\\Daniel\\Documents\\node_modules","C:\\Users\\Daniel\\node_modules","C:\\Users\\node_modules","C:\\node_modules","C:\\Users\\Daniel\\.node_modules","C:\\Users\\Daniel\\.node_libraries","C:\\nvm4w\\nodejs\\lib\\node"]
MODULE 45160: load "C:\\Users\\Daniel\\Documents\\projects\\SyncClassroom\\repos\\ai-editor\\node_modules\\math-intrinsics\\sign.js" for module "C:\\Users\\Daniel\\Documents\\projects\\SyncClassroom\\repos\\ai-editor\\node_modules\\math-intrinsics\\sign.js"
MODULE 45160: Module._load REQUEST ./isNaN parent: C:\Users\Daniel\Documents\projects\SyncClassroom\repos\ai-editor\node_modules\math-intrinsics\sign.js
MODULE 45160: RELATIVE: requested: ./isNaN from parent.id C:\Users\Daniel\Documents\projects\SyncClassroom\repos\ai-editor\node_modules\math-intrinsics\sign.js
MODULE 45160: looking for ["C:\\Users\\Daniel\\Documents\\projects\\SyncClassroom\\repos\\ai-editor\\node_modules\\math-intrinsics"]
MODULE 45160: load "C:\\Users\\Daniel\\Documents\\projects\\SyncClassroom\\repos\\ai-editor\\node_modules\\math-intrinsics\\isNaN.js" for module "C:\\Users\\Daniel\\Documents\\projects\\SyncClassroom\\repos\\ai-editor\\node_modules\\math-intrinsics\\isNaN.js"
MODULE 45160: Module._load REQUEST gopd parent: C:\Users\Daniel\Documents\projects\SyncClassroom\repos\ai-editor\node_modules\get-intrinsic\index.js
MODULE 45160: looking for "gopd" in ["C:\\Users\\Daniel\\Documents\\projects\\SyncClassroom\\repos\\ai-editor\\node_modules\\get-intrinsic\\node_modules","C:\\Users\\Daniel\\Documents\\projects\\SyncClassroom\\repos\\ai-editor\\node_modules","C:\\Users\\Daniel\\Documents\\projects\\SyncClassroom\\repos\\node_modules","C:\\Users\\Daniel\\Documents\\projects\\SyncClassroom\\node_modules","C:\\Users\\Daniel\\Documents\\projects\\node_modules","C:\\Users\\Daniel\\Documents\\node_modules","C:\\Users\\Daniel\\node_modules","C:\\Users\\node_modules","C:\\node_modules","C:\\Users\\Daniel\\.node_modules","C:\\Users\\Daniel\\.node_libraries","C:\\nvm4w\\nodejs\\lib\\node"]
MODULE 45160: Module._load REQUEST es-define-property parent: C:\Users\Daniel\Documents\projects\SyncClassroom\repos\ai-editor\node_modules\get-intrinsic\index.js
MODULE 45160: looking for "es-define-property" in ["C:\\Users\\Daniel\\Documents\\projects\\SyncClassroom\\repos\\ai-editor\\node_modules\\get-intrinsic\\node_modules","C:\\Users\\Daniel\\Documents\\projects\\SyncClassroom\\repos\\ai-editor\\node_modules","C:\\Users\\Daniel\\Documents\\projects\\SyncClassroom\\repos\\node_modules","C:\\Users\\Daniel\\Documents\\projects\\SyncClassroom\\node_modules","C:\\Users\\Daniel\\Documents\\projects\\node_modules","C:\\Users\\Daniel\\Documents\\node_modules","C:\\Users\\Daniel\\node_modules","C:\\Users\\node_modules","C:\\node_modules","C:\\Users\\Daniel\\.node_modules","C:\\Users\\Daniel\\.node_libraries","C:\\nvm4w\\nodejs\\lib\\node"]
MODULE 45160: Module._load REQUEST has-symbols parent: C:\Users\Daniel\Documents\projects\SyncClassroom\repos\ai-editor\node_modules\get-intrinsic\index.js
MODULE 45160: looking for "has-symbols" in ["C:\\Users\\Daniel\\Documents\\projects\\SyncClassroom\\repos\\ai-editor\\node_modules\\get-intrinsic\\node_modules","C:\\Users\\Daniel\\Documents\\projects\\SyncClassroom\\repos\\ai-editor\\node_modules","C:\\Users\\Daniel\\Documents\\projects\\SyncClassroom\\repos\\node_modules","C:\\Users\\Daniel\\Documents\\projects\\SyncClassroom\\node_modules","C:\\Users\\Daniel\\Documents\\projects\\node_modules","C:\\Users\\Daniel\\Documents\\node_modules","C:\\Users\\Daniel\\node_modules","C:\\Users\\node_modules","C:\\node_modules","C:\\Users\\Daniel\\.node_modules","C:\\Users\\Daniel\\.node_libraries","C:\\nvm4w\\nodejs\\lib\\node"]
MODULE 45160: load "C:\\Users\\Daniel\\Documents\\projects\\SyncClassroom\\repos\\ai-editor\\node_modules\\has-symbols\\index.js" for module "C:\\Users\\Daniel\\Documents\\projects\\SyncClassroom\\repos\\ai-editor\\node_modules\\has-symbols\\index.js"
MODULE 45160: Module._load REQUEST ./shams parent: C:\Users\Daniel\Documents\projects\SyncClassroom\repos\ai-editor\node_modules\has-symbols\index.js
MODULE 45160: RELATIVE: requested: ./shams from parent.id C:\Users\Daniel\Documents\projects\SyncClassroom\repos\ai-editor\node_modules\has-symbols\index.js
MODULE 45160: looking for ["C:\\Users\\Daniel\\Documents\\projects\\SyncClassroom\\repos\\ai-editor\\node_modules\\has-symbols"]
MODULE 45160: load "C:\\Users\\Daniel\\Documents\\projects\\SyncClassroom\\repos\\ai-editor\\node_modules\\has-symbols\\shams.js" for module "C:\\Users\\Daniel\\Documents\\projects\\SyncClassroom\\repos\\ai-editor\\node_modules\\has-symbols\\shams.js"
MODULE 45160: Module._load REQUEST get-proto parent: C:\Users\Daniel\Documents\projects\SyncClassroom\repos\ai-editor\node_modules\get-intrinsic\index.js
MODULE 45160: looking for "get-proto" in ["C:\\Users\\Daniel\\Documents\\projects\\SyncClassroom\\repos\\ai-editor\\node_modules\\get-intrinsic\\node_modules","C:\\Users\\Daniel\\Documents\\projects\\SyncClassroom\\repos\\ai-editor\\node_modules","C:\\Users\\Daniel\\Documents\\projects\\SyncClassroom\\repos\\node_modules","C:\\Users\\Daniel\\Documents\\projects\\SyncClassroom\\node_modules","C:\\Users\\Daniel\\Documents\\projects\\node_modules","C:\\Users\\Daniel\\Documents\\node_modules","C:\\Users\\Daniel\\node_modules","C:\\Users\\node_modules","C:\\node_modules","C:\\Users\\Daniel\\.node_modules","C:\\Users\\Daniel\\.node_libraries","C:\\nvm4w\\nodejs\\lib\\node"]
MODULE 45160: load "C:\\Users\\Daniel\\Documents\\projects\\SyncClassroom\\repos\\ai-editor\\node_modules\\get-proto\\index.js" for module "C:\\Users\\Daniel\\Documents\\projects\\SyncClassroom\\repos\\ai-editor\\node_modules\\get-proto\\index.js"
MODULE 45160: Module._load REQUEST ./Reflect.getPrototypeOf parent: C:\Users\Daniel\Documents\projects\SyncClassroom\repos\ai-editor\node_modules\get-proto\index.js
MODULE 45160: RELATIVE: requested: ./Reflect.getPrototypeOf from parent.id C:\Users\Daniel\Documents\projects\SyncClassroom\repos\ai-editor\node_modules\get-proto\index.js
MODULE 45160: looking for ["C:\\Users\\Daniel\\Documents\\projects\\SyncClassroom\\repos\\ai-editor\\node_modules\\get-proto"]
MODULE 45160: load "C:\\Users\\Daniel\\Documents\\projects\\SyncClassroom\\repos\\ai-editor\\node_modules\\get-proto\\Reflect.getPrototypeOf.js" for module "C:\\Users\\Daniel\\Documents\\projects\\SyncClassroom\\repos\\ai-editor\\node_modules\\get-proto\\Reflect.getPrototypeOf.js"
MODULE 45160: Module._load REQUEST ./Object.getPrototypeOf parent: C:\Users\Daniel\Documents\projects\SyncClassroom\repos\ai-editor\node_modules\get-proto\index.js
MODULE 45160: RELATIVE: requested: ./Object.getPrototypeOf from parent.id C:\Users\Daniel\Documents\projects\SyncClassroom\repos\ai-editor\node_modules\get-proto\index.js
MODULE 45160: looking for ["C:\\Users\\Daniel\\Documents\\projects\\SyncClassroom\\repos\\ai-editor\\node_modules\\get-proto"]
MODULE 45160: load "C:\\Users\\Daniel\\Documents\\projects\\SyncClassroom\\repos\\ai-editor\\node_modules\\get-proto\\Object.getPrototypeOf.js" for module "C:\\Users\\Daniel\\Documents\\projects\\SyncClassroom\\repos\\ai-editor\\node_modules\\get-proto\\Object.getPrototypeOf.js"
MODULE 45160: Module._load REQUEST es-object-atoms parent: C:\Users\Daniel\Documents\projects\SyncClassroom\repos\ai-editor\node_modules\get-proto\Object.getPrototypeOf.js
MODULE 45160: looking for "es-object-atoms" in ["C:\\Users\\Daniel\\Documents\\projects\\SyncClassroom\\repos\\ai-editor\\node_modules\\get-proto\\node_modules","C:\\Users\\Daniel\\Documents\\projects\\SyncClassroom\\repos\\ai-editor\\node_modules","C:\\Users\\Daniel\\Documents\\projects\\SyncClassroom\\repos\\node_modules","C:\\Users\\Daniel\\Documents\\projects\\SyncClassroom\\node_modules","C:\\Users\\Daniel\\Documents\\projects\\node_modules","C:\\Users\\Daniel\\Documents\\node_modules","C:\\Users\\Daniel\\node_modules","C:\\Users\\node_modules","C:\\node_modules","C:\\Users\\Daniel\\.node_modules","C:\\Users\\Daniel\\.node_libraries","C:\\nvm4w\\nodejs\\lib\\node"]
MODULE 45160: Module._load REQUEST dunder-proto/get parent: C:\Users\Daniel\Documents\projects\SyncClassroom\repos\ai-editor\node_modules\get-proto\index.js
MODULE 45160: looking for "dunder-proto/get" in ["C:\\Users\\Daniel\\Documents\\projects\\SyncClassroom\\repos\\ai-editor\\node_modules\\get-proto\\node_modules","C:\\Users\\Daniel\\Documents\\projects\\SyncClassroom\\repos\\ai-editor\\node_modules","C:\\Users\\Daniel\\Documents\\projects\\SyncClassroom\\repos\\node_modules","C:\\Users\\Daniel\\Documents\\projects\\SyncClassroom\\node_modules","C:\\Users\\Daniel\\Documents\\projects\\node_modules","C:\\Users\\Daniel\\Documents\\node_modules","C:\\Users\\Daniel\\node_modules","C:\\Users\\node_modules","C:\\node_modules","C:\\Users\\Daniel\\.node_modules","C:\\Users\\Daniel\\.node_libraries","C:\\nvm4w\\nodejs\\lib\\node"]
MODULE 45160: load "C:\\Users\\Daniel\\Documents\\projects\\SyncClassroom\\repos\\ai-editor\\node_modules\\dunder-proto\\get.js" for module "C:\\Users\\Daniel\\Documents\\projects\\SyncClassroom\\repos\\ai-editor\\node_modules\\dunder-proto\\get.js"
MODULE 45160: Module._load REQUEST call-bind-apply-helpers parent: C:\Users\Daniel\Documents\projects\SyncClassroom\repos\ai-editor\node_modules\dunder-proto\get.js
MODULE 45160: looking for "call-bind-apply-helpers" in ["C:\\Users\\Daniel\\Documents\\projects\\SyncClassroom\\repos\\ai-editor\\node_modules\\dunder-proto\\node_modules","C:\\Users\\Daniel\\Documents\\projects\\SyncClassroom\\repos\\ai-editor\\node_modules","C:\\Users\\Daniel\\Documents\\projects\\SyncClassroom\\repos\\node_modules","C:\\Users\\Daniel\\Documents\\projects\\SyncClassroom\\node_modules","C:\\Users\\Daniel\\Documents\\projects\\node_modules","C:\\Users\\Daniel\\Documents\\node_modules","C:\\Users\\Daniel\\node_modules","C:\\Users\\node_modules","C:\\node_modules","C:\\Users\\Daniel\\.node_modules","C:\\Users\\Daniel\\.node_libraries","C:\\nvm4w\\nodejs\\lib\\node"]
MODULE 45160: load "C:\\Users\\Daniel\\Documents\\projects\\SyncClassroom\\repos\\ai-editor\\node_modules\\call-bind-apply-helpers\\index.js" for module "C:\\Users\\Daniel\\Documents\\projects\\SyncClassroom\\repos\\ai-editor\\node_modules\\call-bind-apply-helpers\\index.js"
MODULE 45160: Module._load REQUEST function-bind parent: C:\Users\Daniel\Documents\projects\SyncClassroom\repos\ai-editor\node_modules\call-bind-apply-helpers\index.js
MODULE 45160: looking for "function-bind" in ["C:\\Users\\Daniel\\Documents\\projects\\SyncClassroom\\repos\\ai-editor\\node_modules\\call-bind-apply-helpers\\node_modules","C:\\Users\\Daniel\\Documents\\projects\\SyncClassroom\\repos\\ai-editor\\node_modules","C:\\Users\\Daniel\\Documents\\projects\\SyncClassroom\\repos\\node_modules","C:\\Users\\Daniel\\Documents\\projects\\SyncClassroom\\node_modules","C:\\Users\\Daniel\\Documents\\projects\\node_modules","C:\\Users\\Daniel\\Documents\\node_modules","C:\\Users\\Daniel\\node_modules","C:\\Users\\node_modules","C:\\node_modules","C:\\Users\\Daniel\\.node_modules","C:\\Users\\Daniel\\.node_libraries","C:\\nvm4w\\nodejs\\lib\\node"]
MODULE 45160: load "C:\\Users\\Daniel\\Documents\\projects\\SyncClassroom\\repos\\ai-editor\\node_modules\\function-bind\\index.js" for module "C:\\Users\\Daniel\\Documents\\projects\\SyncClassroom\\repos\\ai-editor\\node_modules\\function-bind\\index.js"
MODULE 45160: Module._load REQUEST ./implementation parent: C:\Users\Daniel\Documents\projects\SyncClassroom\repos\ai-editor\node_modules\function-bind\index.js
MODULE 45160: RELATIVE: requested: ./implementation from parent.id C:\Users\Daniel\Documents\projects\SyncClassroom\repos\ai-editor\node_modules\function-bind\index.js
MODULE 45160: looking for ["C:\\Users\\Daniel\\Documents\\projects\\SyncClassroom\\repos\\ai-editor\\node_modules\\function-bind"]
MODULE 45160: load "C:\\Users\\Daniel\\Documents\\projects\\SyncClassroom\\repos\\ai-editor\\node_modules\\function-bind\\implementation.js" for module "C:\\Users\\Daniel\\Documents\\projects\\SyncClassroom\\repos\\ai-editor\\node_modules\\function-bind\\implementation.js"
MODULE 45160: Module._load REQUEST es-errors/type parent: C:\Users\Daniel\Documents\projects\SyncClassroom\repos\ai-editor\node_modules\call-bind-apply-helpers\index.js
MODULE 45160: looking for "es-errors/type" in ["C:\\Users\\Daniel\\Documents\\projects\\SyncClassroom\\repos\\ai-editor\\node_modules\\call-bind-apply-helpers\\node_modules","C:\\Users\\Daniel\\Documents\\projects\\SyncClassroom\\repos\\ai-editor\\node_modules","C:\\Users\\Daniel\\Documents\\projects\\SyncClassroom\\repos\\node_modules","C:\\Users\\Daniel\\Documents\\projects\\SyncClassroom\\node_modules","C:\\Users\\Daniel\\Documents\\projects\\node_modules","C:\\Users\\Daniel\\Documents\\node_modules","C:\\Users\\Daniel\\node_modules","C:\\Users\\node_modules","C:\\node_modules","C:\\Users\\Daniel\\.node_modules","C:\\Users\\Daniel\\.node_libraries","C:\\nvm4w\\nodejs\\lib\\node"]
MODULE 45160: Module._load REQUEST ./functionCall parent: C:\Users\Daniel\Documents\projects\SyncClassroom\repos\ai-editor\node_modules\call-bind-apply-helpers\index.js
MODULE 45160: RELATIVE: requested: ./functionCall from parent.id C:\Users\Daniel\Documents\projects\SyncClassroom\repos\ai-editor\node_modules\call-bind-apply-helpers\index.js
MODULE 45160: looking for ["C:\\Users\\Daniel\\Documents\\projects\\SyncClassroom\\repos\\ai-editor\\node_modules\\call-bind-apply-helpers"]
MODULE 45160: load "C:\\Users\\Daniel\\Documents\\projects\\SyncClassroom\\repos\\ai-editor\\node_modules\\call-bind-apply-helpers\\functionCall.js" for module "C:\\Users\\Daniel\\Documents\\projects\\SyncClassroom\\repos\\ai-editor\\node_modules\\call-bind-apply-helpers\\functionCall.js"
MODULE 45160: Module._load REQUEST ./actualApply parent: C:\Users\Daniel\Documents\projects\SyncClassroom\repos\ai-editor\node_modules\call-bind-apply-helpers\index.js
MODULE 45160: RELATIVE: requested: ./actualApply from parent.id C:\Users\Daniel\Documents\projects\SyncClassroom\repos\ai-editor\node_modules\call-bind-apply-helpers\index.js
MODULE 45160: looking for ["C:\\Users\\Daniel\\Documents\\projects\\SyncClassroom\\repos\\ai-editor\\node_modules\\call-bind-apply-helpers"]
MODULE 45160: load "C:\\Users\\Daniel\\Documents\\projects\\SyncClassroom\\repos\\ai-editor\\node_modules\\call-bind-apply-helpers\\actualApply.js" for module "C:\\Users\\Daniel\\Documents\\projects\\SyncClassroom\\repos\\ai-editor\\node_modules\\call-bind-apply-helpers\\actualApply.js"
MODULE 45160: Module._load REQUEST function-bind parent: C:\Users\Daniel\Documents\projects\SyncClassroom\repos\ai-editor\node_modules\call-bind-apply-helpers\actualApply.js
MODULE 45160: Module._load REQUEST ./functionApply parent: C:\Users\Daniel\Documents\projects\SyncClassroom\repos\ai-editor\node_modules\call-bind-apply-helpers\actualApply.js
MODULE 45160: RELATIVE: requested: ./functionApply from parent.id C:\Users\Daniel\Documents\projects\SyncClassroom\repos\ai-editor\node_modules\call-bind-apply-helpers\actualApply.js
MODULE 45160: looking for ["C:\\Users\\Daniel\\Documents\\projects\\SyncClassroom\\repos\\ai-editor\\node_modules\\call-bind-apply-helpers"]
MODULE 45160: load "C:\\Users\\Daniel\\Documents\\projects\\SyncClassroom\\repos\\ai-editor\\node_modules\\call-bind-apply-helpers\\functionApply.js" for module "C:\\Users\\Daniel\\Documents\\projects\\SyncClassroom\\repos\\ai-editor\\node_modules\\call-bind-apply-helpers\\functionApply.js"
MODULE 45160: Module._load REQUEST ./functionCall parent: C:\Users\Daniel\Documents\projects\SyncClassroom\repos\ai-editor\node_modules\call-bind-apply-helpers\actualApply.js
MODULE 45160: Module._load REQUEST ./reflectApply parent: C:\Users\Daniel\Documents\projects\SyncClassroom\repos\ai-editor\node_modules\call-bind-apply-helpers\actualApply.js
MODULE 45160: RELATIVE: requested: ./reflectApply from parent.id C:\Users\Daniel\Documents\projects\SyncClassroom\repos\ai-editor\node_modules\call-bind-apply-helpers\actualApply.js
MODULE 45160: looking for ["C:\\Users\\Daniel\\Documents\\projects\\SyncClassroom\\repos\\ai-editor\\node_modules\\call-bind-apply-helpers"]
MODULE 45160: load "C:\\Users\\Daniel\\Documents\\projects\\SyncClassroom\\repos\\ai-editor\\node_modules\\call-bind-apply-helpers\\reflectApply.js" for module "C:\\Users\\Daniel\\Documents\\projects\\SyncClassroom\\repos\\ai-editor\\node_modules\\call-bind-apply-helpers\\reflectApply.js"
MODULE 45160: Module._load REQUEST gopd parent: C:\Users\Daniel\Documents\projects\SyncClassroom\repos\ai-editor\node_modules\dunder-proto\get.js
MODULE 45160: looking for "gopd" in ["C:\\Users\\Daniel\\Documents\\projects\\SyncClassroom\\repos\\ai-editor\\node_modules\\dunder-proto\\node_modules","C:\\Users\\Daniel\\Documents\\projects\\SyncClassroom\\repos\\ai-editor\\node_modules","C:\\Users\\Daniel\\Documents\\projects\\SyncClassroom\\repos\\node_modules","C:\\Users\\Daniel\\Documents\\projects\\SyncClassroom\\node_modules","C:\\Users\\Daniel\\Documents\\projects\\node_modules","C:\\Users\\Daniel\\Documents\\node_modules","C:\\Users\\Daniel\\node_modules","C:\\Users\\node_modules","C:\\node_modules","C:\\Users\\Daniel\\.node_modules","C:\\Users\\Daniel\\.node_libraries","C:\\nvm4w\\nodejs\\lib\\node"]
MODULE 45160: Module._load REQUEST get-proto/Object.getPrototypeOf parent: C:\Users\Daniel\Documents\projects\SyncClassroom\repos\ai-editor\node_modules\get-intrinsic\index.js
MODULE 45160: looking for "get-proto/Object.getPrototypeOf" in ["C:\\Users\\Daniel\\Documents\\projects\\SyncClassroom\\repos\\ai-editor\\node_modules\\get-intrinsic\\node_modules","C:\\Users\\Daniel\\Documents\\projects\\SyncClassroom\\repos\\ai-editor\\node_modules","C:\\Users\\Daniel\\Documents\\projects\\SyncClassroom\\repos\\node_modules","C:\\Users\\Daniel\\Documents\\projects\\SyncClassroom\\node_modules","C:\\Users\\Daniel\\Documents\\projects\\node_modules","C:\\Users\\Daniel\\Documents\\node_modules","C:\\Users\\Daniel\\node_modules","C:\\Users\\node_modules","C:\\node_modules","C:\\Users\\Daniel\\.node_modules","C:\\Users\\Daniel\\.node_libraries","C:\\nvm4w\\nodejs\\lib\\node"]
MODULE 45160: Module._load REQUEST get-proto/Reflect.getPrototypeOf parent: C:\Users\Daniel\Documents\projects\SyncClassroom\repos\ai-editor\node_modules\get-intrinsic\index.js
MODULE 45160: looking for "get-proto/Reflect.getPrototypeOf" in ["C:\\Users\\Daniel\\Documents\\projects\\SyncClassroom\\repos\\ai-editor\\node_modules\\get-intrinsic\\node_modules","C:\\Users\\Daniel\\Documents\\projects\\SyncClassroom\\repos\\ai-editor\\node_modules","C:\\Users\\Daniel\\Documents\\projects\\SyncClassroom\\repos\\node_modules","C:\\Users\\Daniel\\Documents\\projects\\SyncClassroom\\node_modules","C:\\Users\\Daniel\\Documents\\projects\\node_modules","C:\\Users\\Daniel\\Documents\\node_modules","C:\\Users\\Daniel\\node_modules","C:\\Users\\node_modules","C:\\node_modules","C:\\Users\\Daniel\\.node_modules","C:\\Users\\Daniel\\.node_libraries","C:\\nvm4w\\nodejs\\lib\\node"]
MODULE 45160: Module._load REQUEST call-bind-apply-helpers/functionApply parent: C:\Users\Daniel\Documents\projects\SyncClassroom\repos\ai-editor\node_modules\get-intrinsic\index.js
MODULE 45160: looking for "call-bind-apply-helpers/functionApply" in ["C:\\Users\\Daniel\\Documents\\projects\\SyncClassroom\\repos\\ai-editor\\node_modules\\get-intrinsic\\node_modules","C:\\Users\\Daniel\\Documents\\projects\\SyncClassroom\\repos\\ai-editor\\node_modules","C:\\Users\\Daniel\\Documents\\projects\\SyncClassroom\\repos\\node_modules","C:\\Users\\Daniel\\Documents\\projects\\SyncClassroom\\node_modules","C:\\Users\\Daniel\\Documents\\projects\\node_modules","C:\\Users\\Daniel\\Documents\\node_modules","C:\\Users\\Daniel\\node_modules","C:\\Users\\node_modules","C:\\node_modules","C:\\Users\\Daniel\\.node_modules","C:\\Users\\Daniel\\.node_libraries","C:\\nvm4w\\nodejs\\lib\\node"]
MODULE 45160: Module._load REQUEST call-bind-apply-helpers/functionCall parent: C:\Users\Daniel\Documents\projects\SyncClassroom\repos\ai-editor\node_modules\get-intrinsic\index.js
MODULE 45160: looking for "call-bind-apply-helpers/functionCall" in ["C:\\Users\\Daniel\\Documents\\projects\\SyncClassroom\\repos\\ai-editor\\node_modules\\get-intrinsic\\node_modules","C:\\Users\\Daniel\\Documents\\projects\\SyncClassroom\\repos\\ai-editor\\node_modules","C:\\Users\\Daniel\\Documents\\projects\\SyncClassroom\\repos\\node_modules","C:\\Users\\Daniel\\Documents\\projects\\SyncClassroom\\node_modules","C:\\Users\\Daniel\\Documents\\projects\\node_modules","C:\\Users\\Daniel\\Documents\\node_modules","C:\\Users\\Daniel\\node_modules","C:\\Users\\node_modules","C:\\node_modules","C:\\Users\\Daniel\\.node_modules","C:\\Users\\Daniel\\.node_libraries","C:\\nvm4w\\nodejs\\lib\\node"]
MODULE 45160: Module._load REQUEST function-bind parent: C:\Users\Daniel\Documents\projects\SyncClassroom\repos\ai-editor\node_modules\get-intrinsic\index.js
MODULE 45160: looking for "function-bind" in ["C:\\Users\\Daniel\\Documents\\projects\\SyncClassroom\\repos\\ai-editor\\node_modules\\get-intrinsic\\node_modules","C:\\Users\\Daniel\\Documents\\projects\\SyncClassroom\\repos\\ai-editor\\node_modules","C:\\Users\\Daniel\\Documents\\projects\\SyncClassroom\\repos\\node_modules","C:\\Users\\Daniel\\Documents\\projects\\SyncClassroom\\node_modules","C:\\Users\\Daniel\\Documents\\projects\\node_modules","C:\\Users\\Daniel\\Documents\\node_modules","C:\\Users\\Daniel\\node_modules","C:\\Users\\node_modules","C:\\node_modules","C:\\Users\\Daniel\\.node_modules","C:\\Users\\Daniel\\.node_libraries","C:\\nvm4w\\nodejs\\lib\\node"]
MODULE 45160: Module._load REQUEST hasown parent: C:\Users\Daniel\Documents\projects\SyncClassroom\repos\ai-editor\node_modules\get-intrinsic\index.js
MODULE 45160: looking for "hasown" in ["C:\\Users\\Daniel\\Documents\\projects\\SyncClassroom\\repos\\ai-editor\\node_modules\\get-intrinsic\\node_modules","C:\\Users\\Daniel\\Documents\\projects\\SyncClassroom\\repos\\ai-editor\\node_modules","C:\\Users\\Daniel\\Documents\\projects\\SyncClassroom\\repos\\node_modules","C:\\Users\\Daniel\\Documents\\projects\\SyncClassroom\\node_modules","C:\\Users\\Daniel\\Documents\\projects\\node_modules","C:\\Users\\Daniel\\Documents\\node_modules","C:\\Users\\Daniel\\node_modules","C:\\Users\\node_modules","C:\\node_modules","C:\\Users\\Daniel\\.node_modules","C:\\Users\\Daniel\\.node_libraries","C:\\nvm4w\\nodejs\\lib\\node"]
MODULE 45160: load "C:\\Users\\Daniel\\Documents\\projects\\SyncClassroom\\repos\\ai-editor\\node_modules\\hasown\\index.js" for module "C:\\Users\\Daniel\\Documents\\projects\\SyncClassroom\\repos\\ai-editor\\node_modules\\hasown\\index.js"
MODULE 45160: Module._load REQUEST function-bind parent: C:\Users\Daniel\Documents\projects\SyncClassroom\repos\ai-editor\node_modules\hasown\index.js
MODULE 45160: looking for "function-bind" in ["C:\\Users\\Daniel\\Documents\\projects\\SyncClassroom\\repos\\ai-editor\\node_modules\\hasown\\node_modules","C:\\Users\\Daniel\\Documents\\projects\\SyncClassroom\\repos\\ai-editor\\node_modules","C:\\Users\\Daniel\\Documents\\projects\\SyncClassroom\\repos\\node_modules","C:\\Users\\Daniel\\Documents\\projects\\SyncClassroom\\node_modules","C:\\Users\\Daniel\\Documents\\projects\\node_modules","C:\\Users\\Daniel\\Documents\\node_modules","C:\\Users\\Daniel\\node_modules","C:\\Users\\node_modules","C:\\node_modules","C:\\Users\\Daniel\\.node_modules","C:\\Users\\Daniel\\.node_libraries","C:\\nvm4w\\nodejs\\lib\\node"]
MODULE 45160: Module._load REQUEST define-data-property parent: C:\Users\Daniel\Documents\projects\SyncClassroom\repos\ai-editor\node_modules\set-function-length\index.js
MODULE 45160: looking for "define-data-property" in ["C:\\Users\\Daniel\\Documents\\projects\\SyncClassroom\\repos\\ai-editor\\node_modules\\set-function-length\\node_modules","C:\\Users\\Daniel\\Documents\\projects\\SyncClassroom\\repos\\ai-editor\\node_modules","C:\\Users\\Daniel\\Documents\\projects\\SyncClassroom\\repos\\node_modules","C:\\Users\\Daniel\\Documents\\projects\\SyncClassroom\\node_modules","C:\\Users\\Daniel\\Documents\\projects\\node_modules","C:\\Users\\Daniel\\Documents\\node_modules","C:\\Users\\Daniel\\node_modules","C:\\Users\\node_modules","C:\\node_modules","C:\\Users\\Daniel\\.node_modules","C:\\Users\\Daniel\\.node_libraries","C:\\nvm4w\\nodejs\\lib\\node"]
MODULE 45160: Module._load REQUEST has-property-descriptors parent: C:\Users\Daniel\Documents\projects\SyncClassroom\repos\ai-editor\node_modules\set-function-length\index.js
MODULE 45160: looking for "has-property-descriptors" in ["C:\\Users\\Daniel\\Documents\\projects\\SyncClassroom\\repos\\ai-editor\\node_modules\\set-function-length\\node_modules","C:\\Users\\Daniel\\Documents\\projects\\SyncClassroom\\repos\\ai-editor\\node_modules","C:\\Users\\Daniel\\Documents\\projects\\SyncClassroom\\repos\\node_modules","C:\\Users\\Daniel\\Documents\\projects\\SyncClassroom\\node_modules","C:\\Users\\Daniel\\Documents\\projects\\node_modules","C:\\Users\\Daniel\\Documents\\node_modules","C:\\Users\\Daniel\\node_modules","C:\\Users\\node_modules","C:\\node_modules","C:\\Users\\Daniel\\.node_modules","C:\\Users\\Daniel\\.node_libraries","C:\\nvm4w\\nodejs\\lib\\node"]
MODULE 45160: Module._load REQUEST gopd parent: C:\Users\Daniel\Documents\projects\SyncClassroom\repos\ai-editor\node_modules\set-function-length\index.js
MODULE 45160: looking for "gopd" in ["C:\\Users\\Daniel\\Documents\\projects\\SyncClassroom\\repos\\ai-editor\\node_modules\\set-function-length\\node_modules","C:\\Users\\Daniel\\Documents\\projects\\SyncClassroom\\repos\\ai-editor\\node_modules","C:\\Users\\Daniel\\Documents\\projects\\SyncClassroom\\repos\\node_modules","C:\\Users\\Daniel\\Documents\\projects\\SyncClassroom\\node_modules","C:\\Users\\Daniel\\Documents\\projects\\node_modules","C:\\Users\\Daniel\\Documents\\node_modules","C:\\Users\\Daniel\\node_modules","C:\\Users\\node_modules","C:\\node_modules","C:\\Users\\Daniel\\.node_modules","C:\\Users\\Daniel\\.node_libraries","C:\\nvm4w\\nodejs\\lib\\node"]
MODULE 45160: Module._load REQUEST es-errors/type parent: C:\Users\Daniel\Documents\projects\SyncClassroom\repos\ai-editor\node_modules\set-function-length\index.js
MODULE 45160: looking for "es-errors/type" in ["C:\\Users\\Daniel\\Documents\\projects\\SyncClassroom\\repos\\ai-editor\\node_modules\\set-function-length\\node_modules","C:\\Users\\Daniel\\Documents\\projects\\SyncClassroom\\repos\\ai-editor\\node_modules","C:\\Users\\Daniel\\Documents\\projects\\SyncClassroom\\repos\\node_modules","C:\\Users\\Daniel\\Documents\\projects\\SyncClassroom\\node_modules","C:\\Users\\Daniel\\Documents\\projects\\node_modules","C:\\Users\\Daniel\\Documents\\node_modules","C:\\Users\\Daniel\\node_modules","C:\\Users\\node_modules","C:\\node_modules","C:\\Users\\Daniel\\.node_modules","C:\\Users\\Daniel\\.node_libraries","C:\\nvm4w\\nodejs\\lib\\node"]
MODULE 45160: Module._load REQUEST es-define-property parent: C:\Users\Daniel\Documents\projects\SyncClassroom\repos\ai-editor\node_modules\call-bind\index.js
MODULE 45160: looking for "es-define-property" in ["C:\\Users\\Daniel\\Documents\\projects\\SyncClassroom\\repos\\ai-editor\\node_modules\\call-bind\\node_modules","C:\\Users\\Daniel\\Documents\\projects\\SyncClassroom\\repos\\ai-editor\\node_modules","C:\\Users\\Daniel\\Documents\\projects\\SyncClassroom\\repos\\node_modules","C:\\Users\\Daniel\\Documents\\projects\\SyncClassroom\\node_modules","C:\\Users\\Daniel\\Documents\\projects\\node_modules","C:\\Users\\Daniel\\Documents\\node_modules","C:\\Users\\Daniel\\node_modules","C:\\Users\\node_modules","C:\\node_modules","C:\\Users\\Daniel\\.node_modules","C:\\Users\\Daniel\\.node_libraries","C:\\nvm4w\\nodejs\\lib\\node"]
MODULE 45160: Module._load REQUEST call-bind-apply-helpers parent: C:\Users\Daniel\Documents\projects\SyncClassroom\repos\ai-editor\node_modules\call-bind\index.js
MODULE 45160: looking for "call-bind-apply-helpers" in ["C:\\Users\\Daniel\\Documents\\projects\\SyncClassroom\\repos\\ai-editor\\node_modules\\call-bind\\node_modules","C:\\Users\\Daniel\\Documents\\projects\\SyncClassroom\\repos\\ai-editor\\node_modules","C:\\Users\\Daniel\\Documents\\projects\\SyncClassroom\\repos\\node_modules","C:\\Users\\Daniel\\Documents\\projects\\SyncClassroom\\node_modules","C:\\Users\\Daniel\\Documents\\projects\\node_modules","C:\\Users\\Daniel\\Documents\\node_modules","C:\\Users\\Daniel\\node_modules","C:\\Users\\node_modules","C:\\node_modules","C:\\Users\\Daniel\\.node_modules","C:\\Users\\Daniel\\.node_libraries","C:\\nvm4w\\nodejs\\lib\\node"]
MODULE 45160: Module._load REQUEST call-bind-apply-helpers/applyBind parent: C:\Users\Daniel\Documents\projects\SyncClassroom\repos\ai-editor\node_modules\call-bind\index.js
MODULE 45160: looking for "call-bind-apply-helpers/applyBind" in ["C:\\Users\\Daniel\\Documents\\projects\\SyncClassroom\\repos\\ai-editor\\node_modules\\call-bind\\node_modules","C:\\Users\\Daniel\\Documents\\projects\\SyncClassroom\\repos\\ai-editor\\node_modules","C:\\Users\\Daniel\\Documents\\projects\\SyncClassroom\\repos\\node_modules","C:\\Users\\Daniel\\Documents\\projects\\SyncClassroom\\node_modules","C:\\Users\\Daniel\\Documents\\projects\\node_modules","C:\\Users\\Daniel\\Documents\\node_modules","C:\\Users\\Daniel\\node_modules","C:\\Users\\node_modules","C:\\node_modules","C:\\Users\\Daniel\\.node_modules","C:\\Users\\Daniel\\.node_libraries","C:\\nvm4w\\nodejs\\lib\\node"]
MODULE 45160: load "C:\\Users\\Daniel\\Documents\\projects\\SyncClassroom\\repos\\ai-editor\\node_modules\\call-bind-apply-helpers\\applyBind.js" for module "C:\\Users\\Daniel\\Documents\\projects\\SyncClassroom\\repos\\ai-editor\\node_modules\\call-bind-apply-helpers\\applyBind.js"
MODULE 45160: Module._load REQUEST function-bind parent: C:\Users\Daniel\Documents\projects\SyncClassroom\repos\ai-editor\node_modules\call-bind-apply-helpers\applyBind.js
MODULE 45160: Module._load REQUEST ./functionApply parent: C:\Users\Daniel\Documents\projects\SyncClassroom\repos\ai-editor\node_modules\call-bind-apply-helpers\applyBind.js
MODULE 45160: Module._load REQUEST ./actualApply parent: C:\Users\Daniel\Documents\projects\SyncClassroom\repos\ai-editor\node_modules\call-bind-apply-helpers\applyBind.js
MODULE 45160: Module._load REQUEST ./implementation parent: C:\Users\Daniel\Documents\projects\SyncClassroom\repos\ai-editor\node_modules\object.assign\index.js
MODULE 45160: RELATIVE: requested: ./implementation from parent.id C:\Users\Daniel\Documents\projects\SyncClassroom\repos\ai-editor\node_modules\object.assign\index.js
MODULE 45160: looking for ["C:\\Users\\Daniel\\Documents\\projects\\SyncClassroom\\repos\\ai-editor\\node_modules\\object.assign"]
MODULE 45160: load "C:\\Users\\Daniel\\Documents\\projects\\SyncClassroom\\repos\\ai-editor\\node_modules\\object.assign\\implementation.js" for module "C:\\Users\\Daniel\\Documents\\projects\\SyncClassroom\\repos\\ai-editor\\node_modules\\object.assign\\implementation.js"
MODULE 45160: Module._load REQUEST object-keys parent: C:\Users\Daniel\Documents\projects\SyncClassroom\repos\ai-editor\node_modules\object.assign\implementation.js
MODULE 45160: looking for "object-keys" in ["C:\\Users\\Daniel\\Documents\\projects\\SyncClassroom\\repos\\ai-editor\\node_modules\\object.assign\\node_modules","C:\\Users\\Daniel\\Documents\\projects\\SyncClassroom\\repos\\ai-editor\\node_modules","C:\\Users\\Daniel\\Documents\\projects\\SyncClassroom\\repos\\node_modules","C:\\Users\\Daniel\\Documents\\projects\\SyncClassroom\\node_modules","C:\\Users\\Daniel\\Documents\\projects\\node_modules","C:\\Users\\Daniel\\Documents\\node_modules","C:\\Users\\Daniel\\node_modules","C:\\Users\\node_modules","C:\\node_modules","C:\\Users\\Daniel\\.node_modules","C:\\Users\\Daniel\\.node_libraries","C:\\nvm4w\\nodejs\\lib\\node"]
MODULE 45160: Module._load REQUEST has-symbols/shams parent: C:\Users\Daniel\Documents\projects\SyncClassroom\repos\ai-editor\node_modules\object.assign\implementation.js
MODULE 45160: looking for "has-symbols/shams" in ["C:\\Users\\Daniel\\Documents\\projects\\SyncClassroom\\repos\\ai-editor\\node_modules\\object.assign\\node_modules","C:\\Users\\Daniel\\Documents\\projects\\SyncClassroom\\repos\\ai-editor\\node_modules","C:\\Users\\Daniel\\Documents\\projects\\SyncClassroom\\repos\\node_modules","C:\\Users\\Daniel\\Documents\\projects\\SyncClassroom\\node_modules","C:\\Users\\Daniel\\Documents\\projects\\node_modules","C:\\Users\\Daniel\\Documents\\node_modules","C:\\Users\\Daniel\\node_modules","C:\\Users\\node_modules","C:\\node_modules","C:\\Users\\Daniel\\.node_modules","C:\\Users\\Daniel\\.node_libraries","C:\\nvm4w\\nodejs\\lib\\node"]
MODULE 45160: Module._load REQUEST call-bound parent: C:\Users\Daniel\Documents\projects\SyncClassroom\repos\ai-editor\node_modules\object.assign\implementation.js
MODULE 45160: looking for "call-bound" in ["C:\\Users\\Daniel\\Documents\\projects\\SyncClassroom\\repos\\ai-editor\\node_modules\\object.assign\\node_modules","C:\\Users\\Daniel\\Documents\\projects\\SyncClassroom\\repos\\ai-editor\\node_modules","C:\\Users\\Daniel\\Documents\\projects\\SyncClassroom\\repos\\node_modules","C:\\Users\\Daniel\\Documents\\projects\\SyncClassroom\\node_modules","C:\\Users\\Daniel\\Documents\\projects\\node_modules","C:\\Users\\Daniel\\Documents\\node_modules","C:\\Users\\Daniel\\node_modules","C:\\Users\\node_modules","C:\\node_modules","C:\\Users\\Daniel\\.node_modules","C:\\Users\\Daniel\\.node_libraries","C:\\nvm4w\\nodejs\\lib\\node"]
MODULE 45160: load "C:\\Users\\Daniel\\Documents\\projects\\SyncClassroom\\repos\\ai-editor\\node_modules\\call-bound\\index.js" for module "C:\\Users\\Daniel\\Documents\\projects\\SyncClassroom\\repos\\ai-editor\\node_modules\\call-bound\\index.js"
MODULE 45160: Module._load REQUEST get-intrinsic parent: C:\Users\Daniel\Documents\projects\SyncClassroom\repos\ai-editor\node_modules\call-bound\index.js
MODULE 45160: looking for "get-intrinsic" in ["C:\\Users\\Daniel\\Documents\\projects\\SyncClassroom\\repos\\ai-editor\\node_modules\\call-bound\\node_modules","C:\\Users\\Daniel\\Documents\\projects\\SyncClassroom\\repos\\ai-editor\\node_modules","C:\\Users\\Daniel\\Documents\\projects\\SyncClassroom\\repos\\node_modules","C:\\Users\\Daniel\\Documents\\projects\\SyncClassroom\\node_modules","C:\\Users\\Daniel\\Documents\\projects\\node_modules","C:\\Users\\Daniel\\Documents\\node_modules","C:\\Users\\Daniel\\node_modules","C:\\Users\\node_modules","C:\\node_modules","C:\\Users\\Daniel\\.node_modules","C:\\Users\\Daniel\\.node_libraries","C:\\nvm4w\\nodejs\\lib\\node"]
MODULE 45160: Module._load REQUEST call-bind-apply-helpers parent: C:\Users\Daniel\Documents\projects\SyncClassroom\repos\ai-editor\node_modules\call-bound\index.js
MODULE 45160: looking for "call-bind-apply-helpers" in ["C:\\Users\\Daniel\\Documents\\projects\\SyncClassroom\\repos\\ai-editor\\node_modules\\call-bound\\node_modules","C:\\Users\\Daniel\\Documents\\projects\\SyncClassroom\\repos\\ai-editor\\node_modules","C:\\Users\\Daniel\\Documents\\projects\\SyncClassroom\\repos\\node_modules","C:\\Users\\Daniel\\Documents\\projects\\SyncClassroom\\node_modules","C:\\Users\\Daniel\\Documents\\projects\\node_modules","C:\\Users\\Daniel\\Documents\\node_modules","C:\\Users\\Daniel\\node_modules","C:\\Users\\node_modules","C:\\node_modules","C:\\Users\\Daniel\\.node_modules","C:\\Users\\Daniel\\.node_libraries","C:\\nvm4w\\nodejs\\lib\\node"]
MODULE 45160: Module._load REQUEST es-object-atoms parent: C:\Users\Daniel\Documents\projects\SyncClassroom\repos\ai-editor\node_modules\object.assign\implementation.js
MODULE 45160: looking for "es-object-atoms" in ["C:\\Users\\Daniel\\Documents\\projects\\SyncClassroom\\repos\\ai-editor\\node_modules\\object.assign\\node_modules","C:\\Users\\Daniel\\Documents\\projects\\SyncClassroom\\repos\\ai-editor\\node_modules","C:\\Users\\Daniel\\Documents\\projects\\SyncClassroom\\repos\\node_modules","C:\\Users\\Daniel\\Documents\\projects\\SyncClassroom\\node_modules","C:\\Users\\Daniel\\Documents\\projects\\node_modules","C:\\Users\\Daniel\\Documents\\node_modules","C:\\Users\\Daniel\\node_modules","C:\\Users\\node_modules","C:\\node_modules","C:\\Users\\Daniel\\.node_modules","C:\\Users\\Daniel\\.node_libraries","C:\\nvm4w\\nodejs\\lib\\node"]
MODULE 45160: Module._load REQUEST ./polyfill parent: C:\Users\Daniel\Documents\projects\SyncClassroom\repos\ai-editor\node_modules\object.assign\index.js
MODULE 45160: RELATIVE: requested: ./polyfill from parent.id C:\Users\Daniel\Documents\projects\SyncClassroom\repos\ai-editor\node_modules\object.assign\index.js
MODULE 45160: looking for ["C:\\Users\\Daniel\\Documents\\projects\\SyncClassroom\\repos\\ai-editor\\node_modules\\object.assign"]
MODULE 45160: load "C:\\Users\\Daniel\\Documents\\projects\\SyncClassroom\\repos\\ai-editor\\node_modules\\object.assign\\polyfill.js" for module "C:\\Users\\Daniel\\Documents\\projects\\SyncClassroom\\repos\\ai-editor\\node_modules\\object.assign\\polyfill.js"
MODULE 45160: Module._load REQUEST ./implementation parent: C:\Users\Daniel\Documents\projects\SyncClassroom\repos\ai-editor\node_modules\object.assign\polyfill.js
MODULE 45160: Module._load REQUEST ./shim parent: C:\Users\Daniel\Documents\projects\SyncClassroom\repos\ai-editor\node_modules\object.assign\index.js
MODULE 45160: RELATIVE: requested: ./shim from parent.id C:\Users\Daniel\Documents\projects\SyncClassroom\repos\ai-editor\node_modules\object.assign\index.js
MODULE 45160: looking for ["C:\\Users\\Daniel\\Documents\\projects\\SyncClassroom\\repos\\ai-editor\\node_modules\\object.assign"]
MODULE 45160: load "C:\\Users\\Daniel\\Documents\\projects\\SyncClassroom\\repos\\ai-editor\\node_modules\\object.assign\\shim.js" for module "C:\\Users\\Daniel\\Documents\\projects\\SyncClassroom\\repos\\ai-editor\\node_modules\\object.assign\\shim.js"
MODULE 45160: Module._load REQUEST define-properties parent: C:\Users\Daniel\Documents\projects\SyncClassroom\repos\ai-editor\node_modules\object.assign\shim.js
MODULE 45160: Module._load REQUEST ./polyfill parent: C:\Users\Daniel\Documents\projects\SyncClassroom\repos\ai-editor\node_modules\object.assign\shim.js
MODULE 45160: Module._load REQUEST path parent: C:\Users\Daniel\Documents\projects\SyncClassroom\repos\ai-editor\node_modules\gulp-cli\node_modules\yargs\yargs.js
MODULE 45160: load built-in module path
MODULE 45160: Module._load REQUEST ./lib/usage parent: C:\Users\Daniel\Documents\projects\SyncClassroom\repos\ai-editor\node_modules\gulp-cli\node_modules\yargs\yargs.js
MODULE 45160: RELATIVE: requested: ./lib/usage from parent.id C:\Users\Daniel\Documents\projects\SyncClassroom\repos\ai-editor\node_modules\gulp-cli\node_modules\yargs\yargs.js
MODULE 45160: looking for ["C:\\Users\\Daniel\\Documents\\projects\\SyncClassroom\\repos\\ai-editor\\node_modules\\gulp-cli\\node_modules\\yargs"]
MODULE 45160: load "C:\\Users\\Daniel\\Documents\\projects\\SyncClassroom\\repos\\ai-editor\\node_modules\\gulp-cli\\node_modules\\yargs\\lib\\usage.js" for module "C:\\Users\\Daniel\\Documents\\projects\\SyncClassroom\\repos\\ai-editor\\node_modules\\gulp-cli\\node_modules\\yargs\\lib\\usage.js"
MODULE 45160: Module._load REQUEST string-width parent: C:\Users\Daniel\Documents\projects\SyncClassroom\repos\ai-editor\node_modules\gulp-cli\node_modules\yargs\lib\usage.js
MODULE 45160: looking for "string-width" in ["C:\\Users\\Daniel\\Documents\\projects\\SyncClassroom\\repos\\ai-editor\\node_modules\\gulp-cli\\node_modules\\yargs\\lib\\node_modules","C:\\Users\\Daniel\\Documents\\projects\\SyncClassroom\\repos\\ai-editor\\node_modules\\gulp-cli\\node_modules\\yargs\\node_modules","C:\\Users\\Daniel\\Documents\\projects\\SyncClassroom\\repos\\ai-editor\\node_modules\\gulp-cli\\node_modules","C:\\Users\\Daniel\\Documents\\projects\\SyncClassroom\\repos\\ai-editor\\node_modules","C:\\Users\\Daniel\\Documents\\projects\\SyncClassroom\\repos\\node_modules","C:\\Users\\Daniel\\Documents\\projects\\SyncClassroom\\node_modules","C:\\Users\\Daniel\\Documents\\projects\\node_modules","C:\\Users\\Daniel\\Documents\\node_modules","C:\\Users\\Daniel\\node_modules","C:\\Users\\node_modules","C:\\node_modules","C:\\Users\\Daniel\\.node_modules","C:\\Users\\Daniel\\.node_libraries","C:\\nvm4w\\nodejs\\lib\\node"]
MODULE 45160: load "C:\\Users\\Daniel\\Documents\\projects\\SyncClassroom\\repos\\ai-editor\\node_modules\\gulp-cli\\node_modules\\string-width\\index.js" for module "C:\\Users\\Daniel\\Documents\\projects\\SyncClassroom\\repos\\ai-editor\\node_modules\\gulp-cli\\node_modules\\string-width\\index.js"
MODULE 45160: Module._load REQUEST strip-ansi parent: C:\Users\Daniel\Documents\projects\SyncClassroom\repos\ai-editor\node_modules\gulp-cli\node_modules\string-width\index.js
MODULE 45160: looking for "strip-ansi" in ["C:\\Users\\Daniel\\Documents\\projects\\SyncClassroom\\repos\\ai-editor\\node_modules\\gulp-cli\\node_modules\\string-width\\node_modules","C:\\Users\\Daniel\\Documents\\projects\\SyncClassroom\\repos\\ai-editor\\node_modules\\gulp-cli\\node_modules","C:\\Users\\Daniel\\Documents\\projects\\SyncClassroom\\repos\\ai-editor\\node_modules","C:\\Users\\Daniel\\Documents\\projects\\SyncClassroom\\repos\\node_modules","C:\\Users\\Daniel\\Documents\\projects\\SyncClassroom\\node_modules","C:\\Users\\Daniel\\Documents\\projects\\node_modules","C:\\Users\\Daniel\\Documents\\node_modules","C:\\Users\\Daniel\\node_modules","C:\\Users\\node_modules","C:\\node_modules","C:\\Users\\Daniel\\.node_modules","C:\\Users\\Daniel\\.node_libraries","C:\\nvm4w\\nodejs\\lib\\node"]
MODULE 45160: load "C:\\Users\\Daniel\\Documents\\projects\\SyncClassroom\\repos\\ai-editor\\node_modules\\gulp-cli\\node_modules\\strip-ansi\\index.js" for module "C:\\Users\\Daniel\\Documents\\projects\\SyncClassroom\\repos\\ai-editor\\node_modules\\gulp-cli\\node_modules\\strip-ansi\\index.js"
MODULE 45160: Module._load REQUEST ansi-regex parent: C:\Users\Daniel\Documents\projects\SyncClassroom\repos\ai-editor\node_modules\gulp-cli\node_modules\strip-ansi\index.js
MODULE 45160: looking for "ansi-regex" in ["C:\\Users\\Daniel\\Documents\\projects\\SyncClassroom\\repos\\ai-editor\\node_modules\\gulp-cli\\node_modules\\strip-ansi\\node_modules","C:\\Users\\Daniel\\Documents\\projects\\SyncClassroom\\repos\\ai-editor\\node_modules\\gulp-cli\\node_modules","C:\\Users\\Daniel\\Documents\\projects\\SyncClassroom\\repos\\ai-editor\\node_modules","C:\\Users\\Daniel\\Documents\\projects\\SyncClassroom\\repos\\node_modules","C:\\Users\\Daniel\\Documents\\projects\\SyncClassroom\\node_modules","C:\\Users\\Daniel\\Documents\\projects\\node_modules","C:\\Users\\Daniel\\Documents\\node_modules","C:\\Users\\Daniel\\node_modules","C:\\Users\\node_modules","C:\\node_modules","C:\\Users\\Daniel\\.node_modules","C:\\Users\\Daniel\\.node_libraries","C:\\nvm4w\\nodejs\\lib\\node"]
MODULE 45160: load "C:\\Users\\Daniel\\Documents\\projects\\SyncClassroom\\repos\\ai-editor\\node_modules\\ansi-regex\\index.js" for module "C:\\Users\\Daniel\\Documents\\projects\\SyncClassroom\\repos\\ai-editor\\node_modules\\ansi-regex\\index.js"
MODULE 45160: Module._load REQUEST code-point-at parent: C:\Users\Daniel\Documents\projects\SyncClassroom\repos\ai-editor\node_modules\gulp-cli\node_modules\string-width\index.js
MODULE 45160: looking for "code-point-at" in ["C:\\Users\\Daniel\\Documents\\projects\\SyncClassroom\\repos\\ai-editor\\node_modules\\gulp-cli\\node_modules\\string-width\\node_modules","C:\\Users\\Daniel\\Documents\\projects\\SyncClassroom\\repos\\ai-editor\\node_modules\\gulp-cli\\node_modules","C:\\Users\\Daniel\\Documents\\projects\\SyncClassroom\\repos\\ai-editor\\node_modules","C:\\Users\\Daniel\\Documents\\projects\\SyncClassroom\\repos\\node_modules","C:\\Users\\Daniel\\Documents\\projects\\SyncClassroom\\node_modules","C:\\Users\\Daniel\\Documents\\projects\\node_modules","C:\\Users\\Daniel\\Documents\\node_modules","C:\\Users\\Daniel\\node_modules","C:\\Users\\node_modules","C:\\node_modules","C:\\Users\\Daniel\\.node_modules","C:\\Users\\Daniel\\.node_libraries","C:\\nvm4w\\nodejs\\lib\\node"]
MODULE 45160: load "C:\\Users\\Daniel\\Documents\\projects\\SyncClassroom\\repos\\ai-editor\\node_modules\\code-point-at\\index.js" for module "C:\\Users\\Daniel\\Documents\\projects\\SyncClassroom\\repos\\ai-editor\\node_modules\\code-point-at\\index.js"
MODULE 45160: Module._load REQUEST is-fullwidth-code-point parent: C:\Users\Daniel\Documents\projects\SyncClassroom\repos\ai-editor\node_modules\gulp-cli\node_modules\string-width\index.js
MODULE 45160: looking for "is-fullwidth-code-point" in ["C:\\Users\\Daniel\\Documents\\projects\\SyncClassroom\\repos\\ai-editor\\node_modules\\gulp-cli\\node_modules\\string-width\\node_modules","C:\\Users\\Daniel\\Documents\\projects\\SyncClassroom\\repos\\ai-editor\\node_modules\\gulp-cli\\node_modules","C:\\Users\\Daniel\\Documents\\projects\\SyncClassroom\\repos\\ai-editor\\node_modules","C:\\Users\\Daniel\\Documents\\projects\\SyncClassroom\\repos\\node_modules","C:\\Users\\Daniel\\Documents\\projects\\SyncClassroom\\node_modules","C:\\Users\\Daniel\\Documents\\projects\\node_modules","C:\\Users\\Daniel\\Documents\\node_modules","C:\\Users\\Daniel\\node_modules","C:\\Users\\node_modules","C:\\node_modules","C:\\Users\\Daniel\\.node_modules","C:\\Users\\Daniel\\.node_libraries","C:\\nvm4w\\nodejs\\lib\\node"]
MODULE 45160: load "C:\\Users\\Daniel\\Documents\\projects\\SyncClassroom\\repos\\ai-editor\\node_modules\\gulp-cli\\node_modules\\is-fullwidth-code-point\\index.js" for module "C:\\Users\\Daniel\\Documents\\projects\\SyncClassroom\\repos\\ai-editor\\node_modules\\gulp-cli\\node_modules\\is-fullwidth-code-point\\index.js"
MODULE 45160: Module._load REQUEST number-is-nan parent: C:\Users\Daniel\Documents\projects\SyncClassroom\repos\ai-editor\node_modules\gulp-cli\node_modules\is-fullwidth-code-point\index.js
MODULE 45160: looking for "number-is-nan" in ["C:\\Users\\Daniel\\Documents\\projects\\SyncClassroom\\repos\\ai-editor\\node_modules\\gulp-cli\\node_modules\\is-fullwidth-code-point\\node_modules","C:\\Users\\Daniel\\Documents\\projects\\SyncClassroom\\repos\\ai-editor\\node_modules\\gulp-cli\\node_modules","C:\\Users\\Daniel\\Documents\\projects\\SyncClassroom\\repos\\ai-editor\\node_modules","C:\\Users\\Daniel\\Documents\\projects\\SyncClassroom\\repos\\node_modules","C:\\Users\\Daniel\\Documents\\projects\\SyncClassroom\\node_modules","C:\\Users\\Daniel\\Documents\\projects\\node_modules","C:\\Users\\Daniel\\Documents\\node_modules","C:\\Users\\Daniel\\node_modules","C:\\Users\\node_modules","C:\\node_modules","C:\\Users\\Daniel\\.node_modules","C:\\Users\\Daniel\\.node_libraries","C:\\nvm4w\\nodejs\\lib\\node"]
MODULE 45160: load "C:\\Users\\Daniel\\Documents\\projects\\SyncClassroom\\repos\\ai-editor\\node_modules\\number-is-nan\\index.js" for module "C:\\Users\\Daniel\\Documents\\projects\\SyncClassroom\\repos\\ai-editor\\node_modules\\number-is-nan\\index.js"
MODULE 45160: Module._load REQUEST ./obj-filter parent: C:\Users\Daniel\Documents\projects\SyncClassroom\repos\ai-editor\node_modules\gulp-cli\node_modules\yargs\lib\usage.js
MODULE 45160: RELATIVE: requested: ./obj-filter from parent.id C:\Users\Daniel\Documents\projects\SyncClassroom\repos\ai-editor\node_modules\gulp-cli\node_modules\yargs\lib\usage.js
MODULE 45160: looking for ["C:\\Users\\Daniel\\Documents\\projects\\SyncClassroom\\repos\\ai-editor\\node_modules\\gulp-cli\\node_modules\\yargs\\lib"]
MODULE 45160: load "C:\\Users\\Daniel\\Documents\\projects\\SyncClassroom\\repos\\ai-editor\\node_modules\\gulp-cli\\node_modules\\yargs\\lib\\obj-filter.js" for module "C:\\Users\\Daniel\\Documents\\projects\\SyncClassroom\\repos\\ai-editor\\node_modules\\gulp-cli\\node_modules\\yargs\\lib\\obj-filter.js"
MODULE 45160: Module._load REQUEST set-blocking parent: C:\Users\Daniel\Documents\projects\SyncClassroom\repos\ai-editor\node_modules\gulp-cli\node_modules\yargs\lib\usage.js
MODULE 45160: looking for "set-blocking" in ["C:\\Users\\Daniel\\Documents\\projects\\SyncClassroom\\repos\\ai-editor\\node_modules\\gulp-cli\\node_modules\\yargs\\lib\\node_modules","C:\\Users\\Daniel\\Documents\\projects\\SyncClassroom\\repos\\ai-editor\\node_modules\\gulp-cli\\node_modules\\yargs\\node_modules","C:\\Users\\Daniel\\Documents\\projects\\SyncClassroom\\repos\\ai-editor\\node_modules\\gulp-cli\\node_modules","C:\\Users\\Daniel\\Documents\\projects\\SyncClassroom\\repos\\ai-editor\\node_modules","C:\\Users\\Daniel\\Documents\\projects\\SyncClassroom\\repos\\node_modules","C:\\Users\\Daniel\\Documents\\projects\\SyncClassroom\\node_modules","C:\\Users\\Daniel\\Documents\\projects\\node_modules","C:\\Users\\Daniel\\Documents\\node_modules","C:\\Users\\Daniel\\node_modules","C:\\Users\\node_modules","C:\\node_modules","C:\\Users\\Daniel\\.node_modules","C:\\Users\\Daniel\\.node_libraries","C:\\nvm4w\\nodejs\\lib\\node"]
MODULE 45160: load "C:\\Users\\Daniel\\Documents\\projects\\SyncClassroom\\repos\\ai-editor\\node_modules\\set-blocking\\index.js" for module "C:\\Users\\Daniel\\Documents\\projects\\SyncClassroom\\repos\\ai-editor\\node_modules\\set-blocking\\index.js"
MODULE 45160: Module._load REQUEST ./yerror parent: C:\Users\Daniel\Documents\projects\SyncClassroom\repos\ai-editor\node_modules\gulp-cli\node_modules\yargs\lib\usage.js
MODULE 45160: Module._load REQUEST ./lib/validation parent: C:\Users\Daniel\Documents\projects\SyncClassroom\repos\ai-editor\node_modules\gulp-cli\node_modules\yargs\yargs.js
MODULE 45160: RELATIVE: requested: ./lib/validation from parent.id C:\Users\Daniel\Documents\projects\SyncClassroom\repos\ai-editor\node_modules\gulp-cli\node_modules\yargs\yargs.js
MODULE 45160: looking for ["C:\\Users\\Daniel\\Documents\\projects\\SyncClassroom\\repos\\ai-editor\\node_modules\\gulp-cli\\node_modules\\yargs"]
MODULE 45160: load "C:\\Users\\Daniel\\Documents\\projects\\SyncClassroom\\repos\\ai-editor\\node_modules\\gulp-cli\\node_modules\\yargs\\lib\\validation.js" for module "C:\\Users\\Daniel\\Documents\\projects\\SyncClassroom\\repos\\ai-editor\\node_modules\\gulp-cli\\node_modules\\yargs\\lib\\validation.js"
MODULE 45160: Module._load REQUEST ./obj-filter parent: C:\Users\Daniel\Documents\projects\SyncClassroom\repos\ai-editor\node_modules\gulp-cli\node_modules\yargs\lib\validation.js
MODULE 45160: Module._load REQUEST y18n parent: C:\Users\Daniel\Documents\projects\SyncClassroom\repos\ai-editor\node_modules\gulp-cli\node_modules\yargs\yargs.js
MODULE 45160: looking for "y18n" in ["C:\\Users\\Daniel\\Documents\\projects\\SyncClassroom\\repos\\ai-editor\\node_modules\\gulp-cli\\node_modules\\yargs\\node_modules","C:\\Users\\Daniel\\Documents\\projects\\SyncClassroom\\repos\\ai-editor\\node_modules\\gulp-cli\\node_modules","C:\\Users\\Daniel\\Documents\\projects\\SyncClassroom\\repos\\ai-editor\\node_modules","C:\\Users\\Daniel\\Documents\\projects\\SyncClassroom\\repos\\node_modules","C:\\Users\\Daniel\\Documents\\projects\\SyncClassroom\\node_modules","C:\\Users\\Daniel\\Documents\\projects\\node_modules","C:\\Users\\Daniel\\Documents\\node_modules","C:\\Users\\Daniel\\node_modules","C:\\Users\\node_modules","C:\\node_modules","C:\\Users\\Daniel\\.node_modules","C:\\Users\\Daniel\\.node_libraries","C:\\nvm4w\\nodejs\\lib\\node"]
MODULE 45160: load "C:\\Users\\Daniel\\Documents\\projects\\SyncClassroom\\repos\\ai-editor\\node_modules\\gulp-cli\\node_modules\\y18n\\index.js" for module "C:\\Users\\Daniel\\Documents\\projects\\SyncClassroom\\repos\\ai-editor\\node_modules\\gulp-cli\\node_modules\\y18n\\index.js"
MODULE 45160: Module._load REQUEST fs parent: C:\Users\Daniel\Documents\projects\SyncClassroom\repos\ai-editor\node_modules\gulp-cli\node_modules\y18n\index.js
MODULE 45160: load built-in module fs
MODULE 45160: Module._load REQUEST path parent: C:\Users\Daniel\Documents\projects\SyncClassroom\repos\ai-editor\node_modules\gulp-cli\node_modules\y18n\index.js
MODULE 45160: load built-in module path
MODULE 45160: Module._load REQUEST util parent: C:\Users\Daniel\Documents\projects\SyncClassroom\repos\ai-editor\node_modules\gulp-cli\node_modules\y18n\index.js
MODULE 45160: load built-in module util
MODULE 45160: Module._load REQUEST ./lib/obj-filter parent: C:\Users\Daniel\Documents\projects\SyncClassroom\repos\ai-editor\node_modules\gulp-cli\node_modules\yargs\yargs.js
MODULE 45160: RELATIVE: requested: ./lib/obj-filter from parent.id C:\Users\Daniel\Documents\projects\SyncClassroom\repos\ai-editor\node_modules\gulp-cli\node_modules\yargs\yargs.js
MODULE 45160: looking for ["C:\\Users\\Daniel\\Documents\\projects\\SyncClassroom\\repos\\ai-editor\\node_modules\\gulp-cli\\node_modules\\yargs"]
MODULE 45160: Module._load REQUEST set-blocking parent: C:\Users\Daniel\Documents\projects\SyncClassroom\repos\ai-editor\node_modules\gulp-cli\node_modules\yargs\yargs.js
MODULE 45160: looking for "set-blocking" in ["C:\\Users\\Daniel\\Documents\\projects\\SyncClassroom\\repos\\ai-editor\\node_modules\\gulp-cli\\node_modules\\yargs\\node_modules","C:\\Users\\Daniel\\Documents\\projects\\SyncClassroom\\repos\\ai-editor\\node_modules\\gulp-cli\\node_modules","C:\\Users\\Daniel\\Documents\\projects\\SyncClassroom\\repos\\ai-editor\\node_modules","C:\\Users\\Daniel\\Documents\\projects\\SyncClassroom\\repos\\node_modules","C:\\Users\\Daniel\\Documents\\projects\\SyncClassroom\\node_modules","C:\\Users\\Daniel\\Documents\\projects\\node_modules","C:\\Users\\Daniel\\Documents\\node_modules","C:\\Users\\Daniel\\node_modules","C:\\Users\\node_modules","C:\\node_modules","C:\\Users\\Daniel\\.node_modules","C:\\Users\\Daniel\\.node_libraries","C:\\nvm4w\\nodejs\\lib\\node"]
MODULE 45160: Module._load REQUEST ./lib/apply-extends parent: C:\Users\Daniel\Documents\projects\SyncClassroom\repos\ai-editor\node_modules\gulp-cli\node_modules\yargs\yargs.js
MODULE 45160: RELATIVE: requested: ./lib/apply-extends from parent.id C:\Users\Daniel\Documents\projects\SyncClassroom\repos\ai-editor\node_modules\gulp-cli\node_modules\yargs\yargs.js
MODULE 45160: looking for ["C:\\Users\\Daniel\\Documents\\projects\\SyncClassroom\\repos\\ai-editor\\node_modules\\gulp-cli\\node_modules\\yargs"]
MODULE 45160: load "C:\\Users\\Daniel\\Documents\\projects\\SyncClassroom\\repos\\ai-editor\\node_modules\\gulp-cli\\node_modules\\yargs\\lib\\apply-extends.js" for module "C:\\Users\\Daniel\\Documents\\projects\\SyncClassroom\\repos\\ai-editor\\node_modules\\gulp-cli\\node_modules\\yargs\\lib\\apply-extends.js"
MODULE 45160: Module._load REQUEST fs parent: C:\Users\Daniel\Documents\projects\SyncClassroom\repos\ai-editor\node_modules\gulp-cli\node_modules\yargs\lib\apply-extends.js
MODULE 45160: load built-in module fs
MODULE 45160: Module._load REQUEST path parent: C:\Users\Daniel\Documents\projects\SyncClassroom\repos\ai-editor\node_modules\gulp-cli\node_modules\yargs\lib\apply-extends.js
MODULE 45160: load built-in module path
MODULE 45160: Module._load REQUEST ./assign parent: C:\Users\Daniel\Documents\projects\SyncClassroom\repos\ai-editor\node_modules\gulp-cli\node_modules\yargs\lib\apply-extends.js
MODULE 45160: RELATIVE: requested: ./assign from parent.id C:\Users\Daniel\Documents\projects\SyncClassroom\repos\ai-editor\node_modules\gulp-cli\node_modules\yargs\lib\apply-extends.js
MODULE 45160: looking for ["C:\\Users\\Daniel\\Documents\\projects\\SyncClassroom\\repos\\ai-editor\\node_modules\\gulp-cli\\node_modules\\yargs\\lib"]
MODULE 45160: Module._load REQUEST ./yerror parent: C:\Users\Daniel\Documents\projects\SyncClassroom\repos\ai-editor\node_modules\gulp-cli\node_modules\yargs\lib\apply-extends.js
MODULE 45160: Module._load REQUEST ./lib/yerror parent: C:\Users\Daniel\Documents\projects\SyncClassroom\repos\ai-editor\node_modules\gulp-cli\node_modules\yargs\yargs.js
MODULE 45160: RELATIVE: requested: ./lib/yerror from parent.id C:\Users\Daniel\Documents\projects\SyncClassroom\repos\ai-editor\node_modules\gulp-cli\node_modules\yargs\yargs.js
MODULE 45160: looking for ["C:\\Users\\Daniel\\Documents\\projects\\SyncClassroom\\repos\\ai-editor\\node_modules\\gulp-cli\\node_modules\\yargs"]
MODULE 45160: Module._load REQUEST liftoff parent: C:\Users\Daniel\Documents\projects\SyncClassroom\repos\ai-editor\node_modules\gulp-cli\index.js
MODULE 45160: looking for "liftoff" in ["C:\\Users\\Daniel\\Documents\\projects\\SyncClassroom\\repos\\ai-editor\\node_modules\\gulp-cli\\node_modules","C:\\Users\\Daniel\\Documents\\projects\\SyncClassroom\\repos\\ai-editor\\node_modules","C:\\Users\\Daniel\\Documents\\projects\\SyncClassroom\\repos\\node_modules","C:\\Users\\Daniel\\Documents\\projects\\SyncClassroom\\node_modules","C:\\Users\\Daniel\\Documents\\projects\\node_modules","C:\\Users\\Daniel\\Documents\\node_modules","C:\\Users\\Daniel\\node_modules","C:\\Users\\node_modules","C:\\node_modules","C:\\Users\\Daniel\\.node_modules","C:\\Users\\Daniel\\.node_libraries","C:\\nvm4w\\nodejs\\lib\\node"]
MODULE 45160: load "C:\\Users\\Daniel\\Documents\\projects\\SyncClassroom\\repos\\ai-editor\\node_modules\\liftoff\\index.js" for module "C:\\Users\\Daniel\\Documents\\projects\\SyncClassroom\\repos\\ai-editor\\node_modules\\liftoff\\index.js"
MODULE 45160: Module._load REQUEST util parent: C:\Users\Daniel\Documents\projects\SyncClassroom\repos\ai-editor\node_modules\liftoff\index.js
MODULE 45160: load built-in module util
MODULE 45160: Module._load REQUEST path parent: C:\Users\Daniel\Documents\projects\SyncClassroom\repos\ai-editor\node_modules\liftoff\index.js
MODULE 45160: load built-in module path
MODULE 45160: Module._load REQUEST events parent: C:\Users\Daniel\Documents\projects\SyncClassroom\repos\ai-editor\node_modules\liftoff\index.js
MODULE 45160: load built-in module events
MODULE 45160: Module._load REQUEST extend parent: C:\Users\Daniel\Documents\projects\SyncClassroom\repos\ai-editor\node_modules\liftoff\index.js
MODULE 45160: looking for "extend" in ["C:\\Users\\Daniel\\Documents\\projects\\SyncClassroom\\repos\\ai-editor\\node_modules\\liftoff\\node_modules","C:\\Users\\Daniel\\Documents\\projects\\SyncClassroom\\repos\\ai-editor\\node_modules","C:\\Users\\Daniel\\Documents\\projects\\SyncClassroom\\repos\\node_modules","C:\\Users\\Daniel\\Documents\\projects\\SyncClassroom\\node_modules","C:\\Users\\Daniel\\Documents\\projects\\node_modules","C:\\Users\\Daniel\\Documents\\node_modules","C:\\Users\\Daniel\\node_modules","C:\\Users\\node_modules","C:\\node_modules","C:\\Users\\Daniel\\.node_modules","C:\\Users\\Daniel\\.node_libraries","C:\\nvm4w\\nodejs\\lib\\node"]
MODULE 45160: load "C:\\Users\\Daniel\\Documents\\projects\\SyncClassroom\\repos\\ai-editor\\node_modules\\extend\\index.js" for module "C:\\Users\\Daniel\\Documents\\projects\\SyncClassroom\\repos\\ai-editor\\node_modules\\extend\\index.js"
MODULE 45160: Module._load REQUEST resolve parent: C:\Users\Daniel\Documents\projects\SyncClassroom\repos\ai-editor\node_modules\liftoff\index.js
MODULE 45160: looking for "resolve" in ["C:\\Users\\Daniel\\Documents\\projects\\SyncClassroom\\repos\\ai-editor\\node_modules\\liftoff\\node_modules","C:\\Users\\Daniel\\Documents\\projects\\SyncClassroom\\repos\\ai-editor\\node_modules","C:\\Users\\Daniel\\Documents\\projects\\SyncClassroom\\repos\\node_modules","C:\\Users\\Daniel\\Documents\\projects\\SyncClassroom\\node_modules","C:\\Users\\Daniel\\Documents\\projects\\node_modules","C:\\Users\\Daniel\\Documents\\node_modules","C:\\Users\\Daniel\\node_modules","C:\\Users\\node_modules","C:\\node_modules","C:\\Users\\Daniel\\.node_modules","C:\\Users\\Daniel\\.node_libraries","C:\\nvm4w\\nodejs\\lib\\node"]
MODULE 45160: load "C:\\Users\\Daniel\\Documents\\projects\\SyncClassroom\\repos\\ai-editor\\node_modules\\resolve\\index.js" for module "C:\\Users\\Daniel\\Documents\\projects\\SyncClassroom\\repos\\ai-editor\\node_modules\\resolve\\index.js"
MODULE 45160: Module._load REQUEST ./lib/async parent: C:\Users\Daniel\Documents\projects\SyncClassroom\repos\ai-editor\node_modules\resolve\index.js
MODULE 45160: RELATIVE: requested: ./lib/async from parent.id C:\Users\Daniel\Documents\projects\SyncClassroom\repos\ai-editor\node_modules\resolve\index.js
MODULE 45160: looking for ["C:\\Users\\Daniel\\Documents\\projects\\SyncClassroom\\repos\\ai-editor\\node_modules\\resolve"]
MODULE 45160: load "C:\\Users\\Daniel\\Documents\\projects\\SyncClassroom\\repos\\ai-editor\\node_modules\\resolve\\lib\\async.js" for module "C:\\Users\\Daniel\\Documents\\projects\\SyncClassroom\\repos\\ai-editor\\node_modules\\resolve\\lib\\async.js"
MODULE 45160: Module._load REQUEST fs parent: C:\Users\Daniel\Documents\projects\SyncClassroom\repos\ai-editor\node_modules\resolve\lib\async.js
MODULE 45160: load built-in module fs
MODULE 45160: Module._load REQUEST ./homedir parent: C:\Users\Daniel\Documents\projects\SyncClassroom\repos\ai-editor\node_modules\resolve\lib\async.js
MODULE 45160: RELATIVE: requested: ./homedir from parent.id C:\Users\Daniel\Documents\projects\SyncClassroom\repos\ai-editor\node_modules\resolve\lib\async.js
MODULE 45160: looking for ["C:\\Users\\Daniel\\Documents\\projects\\SyncClassroom\\repos\\ai-editor\\node_modules\\resolve\\lib"]
MODULE 45160: load "C:\\Users\\Daniel\\Documents\\projects\\SyncClassroom\\repos\\ai-editor\\node_modules\\resolve\\lib\\homedir.js" for module "C:\\Users\\Daniel\\Documents\\projects\\SyncClassroom\\repos\\ai-editor\\node_modules\\resolve\\lib\\homedir.js"
MODULE 45160: Module._load REQUEST os parent: C:\Users\Daniel\Documents\projects\SyncClassroom\repos\ai-editor\node_modules\resolve\lib\homedir.js
MODULE 45160: load built-in module os
MODULE 45160: Module._load REQUEST path parent: C:\Users\Daniel\Documents\projects\SyncClassroom\repos\ai-editor\node_modules\resolve\lib\async.js
MODULE 45160: load built-in module path
MODULE 45160: Module._load REQUEST ./caller parent: C:\Users\Daniel\Documents\projects\SyncClassroom\repos\ai-editor\node_modules\resolve\lib\async.js
MODULE 45160: RELATIVE: requested: ./caller from parent.id C:\Users\Daniel\Documents\projects\SyncClassroom\repos\ai-editor\node_modules\resolve\lib\async.js
MODULE 45160: looking for ["C:\\Users\\Daniel\\Documents\\projects\\SyncClassroom\\repos\\ai-editor\\node_modules\\resolve\\lib"]
MODULE 45160: load "C:\\Users\\Daniel\\Documents\\projects\\SyncClassroom\\repos\\ai-editor\\node_modules\\resolve\\lib\\caller.js" for module "C:\\Users\\Daniel\\Documents\\projects\\SyncClassroom\\repos\\ai-editor\\node_modules\\resolve\\lib\\caller.js"
MODULE 45160: Module._load REQUEST ./node-modules-paths parent: C:\Users\Daniel\Documents\projects\SyncClassroom\repos\ai-editor\node_modules\resolve\lib\async.js
MODULE 45160: RELATIVE: requested: ./node-modules-paths from parent.id C:\Users\Daniel\Documents\projects\SyncClassroom\repos\ai-editor\node_modules\resolve\lib\async.js
MODULE 45160: looking for ["C:\\Users\\Daniel\\Documents\\projects\\SyncClassroom\\repos\\ai-editor\\node_modules\\resolve\\lib"]
MODULE 45160: load "C:\\Users\\Daniel\\Documents\\projects\\SyncClassroom\\repos\\ai-editor\\node_modules\\resolve\\lib\\node-modules-paths.js" for module "C:\\Users\\Daniel\\Documents\\projects\\SyncClassroom\\repos\\ai-editor\\node_modules\\resolve\\lib\\node-modules-paths.js"
MODULE 45160: Module._load REQUEST path parent: C:\Users\Daniel\Documents\projects\SyncClassroom\repos\ai-editor\node_modules\resolve\lib\node-modules-paths.js
MODULE 45160: load built-in module path
MODULE 45160: Module._load REQUEST ./normalize-options parent: C:\Users\Daniel\Documents\projects\SyncClassroom\repos\ai-editor\node_modules\resolve\lib\async.js
MODULE 45160: RELATIVE: requested: ./normalize-options from parent.id C:\Users\Daniel\Documents\projects\SyncClassroom\repos\ai-editor\node_modules\resolve\lib\async.js
MODULE 45160: looking for ["C:\\Users\\Daniel\\Documents\\projects\\SyncClassroom\\repos\\ai-editor\\node_modules\\resolve\\lib"]
MODULE 45160: load "C:\\Users\\Daniel\\Documents\\projects\\SyncClassroom\\repos\\ai-editor\\node_modules\\resolve\\lib\\normalize-options.js" for module "C:\\Users\\Daniel\\Documents\\projects\\SyncClassroom\\repos\\ai-editor\\node_modules\\resolve\\lib\\normalize-options.js"
MODULE 45160: Module._load REQUEST is-core-module parent: C:\Users\Daniel\Documents\projects\SyncClassroom\repos\ai-editor\node_modules\resolve\lib\async.js
MODULE 45160: looking for "is-core-module" in ["C:\\Users\\Daniel\\Documents\\projects\\SyncClassroom\\repos\\ai-editor\\node_modules\\resolve\\lib\\node_modules","C:\\Users\\Daniel\\Documents\\projects\\SyncClassroom\\repos\\ai-editor\\node_modules\\resolve\\node_modules","C:\\Users\\Daniel\\Documents\\projects\\SyncClassroom\\repos\\ai-editor\\node_modules","C:\\Users\\Daniel\\Documents\\projects\\SyncClassroom\\repos\\node_modules","C:\\Users\\Daniel\\Documents\\projects\\SyncClassroom\\node_modules","C:\\Users\\Daniel\\Documents\\projects\\node_modules","C:\\Users\\Daniel\\Documents\\node_modules","C:\\Users\\Daniel\\node_modules","C:\\Users\\node_modules","C:\\node_modules","C:\\Users\\Daniel\\.node_modules","C:\\Users\\Daniel\\.node_libraries","C:\\nvm4w\\nodejs\\lib\\node"]
MODULE 45160: load "C:\\Users\\Daniel\\Documents\\projects\\SyncClassroom\\repos\\ai-editor\\node_modules\\is-core-module\\index.js" for module "C:\\Users\\Daniel\\Documents\\projects\\SyncClassroom\\repos\\ai-editor\\node_modules\\is-core-module\\index.js"
MODULE 45160: Module._load REQUEST hasown parent: C:\Users\Daniel\Documents\projects\SyncClassroom\repos\ai-editor\node_modules\is-core-module\index.js
MODULE 45160: looking for "hasown" in ["C:\\Users\\Daniel\\Documents\\projects\\SyncClassroom\\repos\\ai-editor\\node_modules\\is-core-module\\node_modules","C:\\Users\\Daniel\\Documents\\projects\\SyncClassroom\\repos\\ai-editor\\node_modules","C:\\Users\\Daniel\\Documents\\projects\\SyncClassroom\\repos\\node_modules","C:\\Users\\Daniel\\Documents\\projects\\SyncClassroom\\node_modules","C:\\Users\\Daniel\\Documents\\projects\\node_modules","C:\\Users\\Daniel\\Documents\\node_modules","C:\\Users\\Daniel\\node_modules","C:\\Users\\node_modules","C:\\node_modules","C:\\Users\\Daniel\\.node_modules","C:\\Users\\Daniel\\.node_libraries","C:\\nvm4w\\nodejs\\lib\\node"]
MODULE 45160: Module._load REQUEST ./core.json parent: C:\Users\Daniel\Documents\projects\SyncClassroom\repos\ai-editor\node_modules\is-core-module\index.js
MODULE 45160: RELATIVE: requested: ./core.json from parent.id C:\Users\Daniel\Documents\projects\SyncClassroom\repos\ai-editor\node_modules\is-core-module\index.js
MODULE 45160: looking for ["C:\\Users\\Daniel\\Documents\\projects\\SyncClassroom\\repos\\ai-editor\\node_modules\\is-core-module"]
MODULE 45160: load "C:\\Users\\Daniel\\Documents\\projects\\SyncClassroom\\repos\\ai-editor\\node_modules\\is-core-module\\core.json" for module "C:\\Users\\Daniel\\Documents\\projects\\SyncClassroom\\repos\\ai-editor\\node_modules\\is-core-module\\core.json"
MODULE 45160: Module._load REQUEST ./lib/core parent: C:\Users\Daniel\Documents\projects\SyncClassroom\repos\ai-editor\node_modules\resolve\index.js
MODULE 45160: RELATIVE: requested: ./lib/core from parent.id C:\Users\Daniel\Documents\projects\SyncClassroom\repos\ai-editor\node_modules\resolve\index.js
MODULE 45160: looking for ["C:\\Users\\Daniel\\Documents\\projects\\SyncClassroom\\repos\\ai-editor\\node_modules\\resolve"]
MODULE 45160: load "C:\\Users\\Daniel\\Documents\\projects\\SyncClassroom\\repos\\ai-editor\\node_modules\\resolve\\lib\\core.js" for module "C:\\Users\\Daniel\\Documents\\projects\\SyncClassroom\\repos\\ai-editor\\node_modules\\resolve\\lib\\core.js"
MODULE 45160: Module._load REQUEST is-core-module parent: C:\Users\Daniel\Documents\projects\SyncClassroom\repos\ai-editor\node_modules\resolve\lib\core.js
MODULE 45160: Module._load REQUEST ./core.json parent: C:\Users\Daniel\Documents\projects\SyncClassroom\repos\ai-editor\node_modules\resolve\lib\core.js
MODULE 45160: RELATIVE: requested: ./core.json from parent.id C:\Users\Daniel\Documents\projects\SyncClassroom\repos\ai-editor\node_modules\resolve\lib\core.js
MODULE 45160: looking for ["C:\\Users\\Daniel\\Documents\\projects\\SyncClassroom\\repos\\ai-editor\\node_modules\\resolve\\lib"]
MODULE 45160: load "C:\\Users\\Daniel\\Documents\\projects\\SyncClassroom\\repos\\ai-editor\\node_modules\\resolve\\lib\\core.json" for module "C:\\Users\\Daniel\\Documents\\projects\\SyncClassroom\\repos\\ai-editor\\node_modules\\resolve\\lib\\core.json"
MODULE 45160: Module._load REQUEST ./lib/is-core parent: C:\Users\Daniel\Documents\projects\SyncClassroom\repos\ai-editor\node_modules\resolve\index.js
MODULE 45160: RELATIVE: requested: ./lib/is-core from parent.id C:\Users\Daniel\Documents\projects\SyncClassroom\repos\ai-editor\node_modules\resolve\index.js
MODULE 45160: looking for ["C:\\Users\\Daniel\\Documents\\projects\\SyncClassroom\\repos\\ai-editor\\node_modules\\resolve"]
MODULE 45160: load "C:\\Users\\Daniel\\Documents\\projects\\SyncClassroom\\repos\\ai-editor\\node_modules\\resolve\\lib\\is-core.js" for module "C:\\Users\\Daniel\\Documents\\projects\\SyncClassroom\\repos\\ai-editor\\node_modules\\resolve\\lib\\is-core.js"
MODULE 45160: Module._load REQUEST is-core-module parent: C:\Users\Daniel\Documents\projects\SyncClassroom\repos\ai-editor\node_modules\resolve\lib\is-core.js
MODULE 45160: Module._load REQUEST ./lib/sync parent: C:\Users\Daniel\Documents\projects\SyncClassroom\repos\ai-editor\node_modules\resolve\index.js
MODULE 45160: RELATIVE: requested: ./lib/sync from parent.id C:\Users\Daniel\Documents\projects\SyncClassroom\repos\ai-editor\node_modules\resolve\index.js
MODULE 45160: looking for ["C:\\Users\\Daniel\\Documents\\projects\\SyncClassroom\\repos\\ai-editor\\node_modules\\resolve"]
MODULE 45160: load "C:\\Users\\Daniel\\Documents\\projects\\SyncClassroom\\repos\\ai-editor\\node_modules\\resolve\\lib\\sync.js" for module "C:\\Users\\Daniel\\Documents\\projects\\SyncClassroom\\repos\\ai-editor\\node_modules\\resolve\\lib\\sync.js"
MODULE 45160: Module._load REQUEST is-core-module parent: C:\Users\Daniel\Documents\projects\SyncClassroom\repos\ai-editor\node_modules\resolve\lib\sync.js
MODULE 45160: Module._load REQUEST fs parent: C:\Users\Daniel\Documents\projects\SyncClassroom\repos\ai-editor\node_modules\resolve\lib\sync.js
MODULE 45160: load built-in module fs
MODULE 45160: Module._load REQUEST path parent: C:\Users\Daniel\Documents\projects\SyncClassroom\repos\ai-editor\node_modules\resolve\lib\sync.js
MODULE 45160: load built-in module path
MODULE 45160: Module._load REQUEST ./homedir parent: C:\Users\Daniel\Documents\projects\SyncClassroom\repos\ai-editor\node_modules\resolve\lib\sync.js
MODULE 45160: Module._load REQUEST ./caller parent: C:\Users\Daniel\Documents\projects\SyncClassroom\repos\ai-editor\node_modules\resolve\lib\sync.js
MODULE 45160: Module._load REQUEST ./node-modules-paths parent: C:\Users\Daniel\Documents\projects\SyncClassroom\repos\ai-editor\node_modules\resolve\lib\sync.js
MODULE 45160: Module._load REQUEST ./normalize-options parent: C:\Users\Daniel\Documents\projects\SyncClassroom\repos\ai-editor\node_modules\resolve\lib\sync.js
MODULE 45160: Module._load REQUEST flagged-respawn parent: C:\Users\Daniel\Documents\projects\SyncClassroom\repos\ai-editor\node_modules\liftoff\index.js
MODULE 45160: looking for "flagged-respawn" in ["C:\\Users\\Daniel\\Documents\\projects\\SyncClassroom\\repos\\ai-editor\\node_modules\\liftoff\\node_modules","C:\\Users\\Daniel\\Documents\\projects\\SyncClassroom\\repos\\ai-editor\\node_modules","C:\\Users\\Daniel\\Documents\\projects\\SyncClassroom\\repos\\node_modules","C:\\Users\\Daniel\\Documents\\projects\\SyncClassroom\\node_modules","C:\\Users\\Daniel\\Documents\\projects\\node_modules","C:\\Users\\Daniel\\Documents\\node_modules","C:\\Users\\Daniel\\node_modules","C:\\Users\\node_modules","C:\\node_modules","C:\\Users\\Daniel\\.node_modules","C:\\Users\\Daniel\\.node_libraries","C:\\nvm4w\\nodejs\\lib\\node"]
MODULE 45160: load "C:\\Users\\Daniel\\Documents\\projects\\SyncClassroom\\repos\\ai-editor\\node_modules\\flagged-respawn\\index.js" for module "C:\\Users\\Daniel\\Documents\\projects\\SyncClassroom\\repos\\ai-editor\\node_modules\\flagged-respawn\\index.js"
MODULE 45160: Module._load REQUEST ./lib/reorder parent: C:\Users\Daniel\Documents\projects\SyncClassroom\repos\ai-editor\node_modules\flagged-respawn\index.js
MODULE 45160: RELATIVE: requested: ./lib/reorder from parent.id C:\Users\Daniel\Documents\projects\SyncClassroom\repos\ai-editor\node_modules\flagged-respawn\index.js
MODULE 45160: looking for ["C:\\Users\\Daniel\\Documents\\projects\\SyncClassroom\\repos\\ai-editor\\node_modules\\flagged-respawn"]
MODULE 45160: load "C:\\Users\\Daniel\\Documents\\projects\\SyncClassroom\\repos\\ai-editor\\node_modules\\flagged-respawn\\lib\\reorder.js" for module "C:\\Users\\Daniel\\Documents\\projects\\SyncClassroom\\repos\\ai-editor\\node_modules\\flagged-respawn\\lib\\reorder.js"
MODULE 45160: Module._load REQUEST ./is-v8flags parent: C:\Users\Daniel\Documents\projects\SyncClassroom\repos\ai-editor\node_modules\flagged-respawn\lib\reorder.js
MODULE 45160: RELATIVE: requested: ./is-v8flags from parent.id C:\Users\Daniel\Documents\projects\SyncClassroom\repos\ai-editor\node_modules\flagged-respawn\lib\reorder.js
MODULE 45160: looking for ["C:\\Users\\Daniel\\Documents\\projects\\SyncClassroom\\repos\\ai-editor\\node_modules\\flagged-respawn\\lib"]
MODULE 45160: load "C:\\Users\\Daniel\\Documents\\projects\\SyncClassroom\\repos\\ai-editor\\node_modules\\flagged-respawn\\lib\\is-v8flags.js" for module "C:\\Users\\Daniel\\Documents\\projects\\SyncClassroom\\repos\\ai-editor\\node_modules\\flagged-respawn\\lib\\is-v8flags.js"
MODULE 45160: Module._load REQUEST ./lib/respawn parent: C:\Users\Daniel\Documents\projects\SyncClassroom\repos\ai-editor\node_modules\flagged-respawn\index.js
MODULE 45160: RELATIVE: requested: ./lib/respawn from parent.id C:\Users\Daniel\Documents\projects\SyncClassroom\repos\ai-editor\node_modules\flagged-respawn\index.js
MODULE 45160: looking for ["C:\\Users\\Daniel\\Documents\\projects\\SyncClassroom\\repos\\ai-editor\\node_modules\\flagged-respawn"]
MODULE 45160: load "C:\\Users\\Daniel\\Documents\\projects\\SyncClassroom\\repos\\ai-editor\\node_modules\\flagged-respawn\\lib\\respawn.js" for module "C:\\Users\\Daniel\\Documents\\projects\\SyncClassroom\\repos\\ai-editor\\node_modules\\flagged-respawn\\lib\\respawn.js"
MODULE 45160: Module._load REQUEST child_process parent: C:\Users\Daniel\Documents\projects\SyncClassroom\repos\ai-editor\node_modules\flagged-respawn\lib\respawn.js
MODULE 45160: load built-in module child_process
MODULE 45160: Module._load REQUEST ./lib/remover parent: C:\Users\Daniel\Documents\projects\SyncClassroom\repos\ai-editor\node_modules\flagged-respawn\index.js
MODULE 45160: RELATIVE: requested: ./lib/remover from parent.id C:\Users\Daniel\Documents\projects\SyncClassroom\repos\ai-editor\node_modules\flagged-respawn\index.js
MODULE 45160: looking for ["C:\\Users\\Daniel\\Documents\\projects\\SyncClassroom\\repos\\ai-editor\\node_modules\\flagged-respawn"]
MODULE 45160: load "C:\\Users\\Daniel\\Documents\\projects\\SyncClassroom\\repos\\ai-editor\\node_modules\\flagged-respawn\\lib\\remover.js" for module "C:\\Users\\Daniel\\Documents\\projects\\SyncClassroom\\repos\\ai-editor\\node_modules\\flagged-respawn\\lib\\remover.js"
MODULE 45160: Module._load REQUEST ./is-v8flags parent: C:\Users\Daniel\Documents\projects\SyncClassroom\repos\ai-editor\node_modules\flagged-respawn\lib\remover.js
MODULE 45160: Module._load REQUEST is-plain-object parent: C:\Users\Daniel\Documents\projects\SyncClassroom\repos\ai-editor\node_modules\liftoff\index.js
MODULE 45160: looking for "is-plain-object" in ["C:\\Users\\Daniel\\Documents\\projects\\SyncClassroom\\repos\\ai-editor\\node_modules\\liftoff\\node_modules","C:\\Users\\Daniel\\Documents\\projects\\SyncClassroom\\repos\\ai-editor\\node_modules","C:\\Users\\Daniel\\Documents\\projects\\SyncClassroom\\repos\\node_modules","C:\\Users\\Daniel\\Documents\\projects\\SyncClassroom\\node_modules","C:\\Users\\Daniel\\Documents\\projects\\node_modules","C:\\Users\\Daniel\\Documents\\node_modules","C:\\Users\\Daniel\\node_modules","C:\\Users\\node_modules","C:\\node_modules","C:\\Users\\Daniel\\.node_modules","C:\\Users\\Daniel\\.node_libraries","C:\\nvm4w\\nodejs\\lib\\node"]
MODULE 45160: load "C:\\Users\\Daniel\\Documents\\projects\\SyncClassroom\\repos\\ai-editor\\node_modules\\is-plain-object\\index.js" for module "C:\\Users\\Daniel\\Documents\\projects\\SyncClassroom\\repos\\ai-editor\\node_modules\\is-plain-object\\index.js"
MODULE 45160: Module._load REQUEST isobject parent: C:\Users\Daniel\Documents\projects\SyncClassroom\repos\ai-editor\node_modules\is-plain-object\index.js
MODULE 45160: looking for "isobject" in ["C:\\Users\\Daniel\\Documents\\projects\\SyncClassroom\\repos\\ai-editor\\node_modules\\is-plain-object\\node_modules","C:\\Users\\Daniel\\Documents\\projects\\SyncClassroom\\repos\\ai-editor\\node_modules","C:\\Users\\Daniel\\Documents\\projects\\SyncClassroom\\repos\\node_modules","C:\\Users\\Daniel\\Documents\\projects\\SyncClassroom\\node_modules","C:\\Users\\Daniel\\Documents\\projects\\node_modules","C:\\Users\\Daniel\\Documents\\node_modules","C:\\Users\\Daniel\\node_modules","C:\\Users\\node_modules","C:\\node_modules","C:\\Users\\Daniel\\.node_modules","C:\\Users\\Daniel\\.node_libraries","C:\\nvm4w\\nodejs\\lib\\node"]
MODULE 45160: load "C:\\Users\\Daniel\\Documents\\projects\\SyncClassroom\\repos\\ai-editor\\node_modules\\isobject\\index.js" for module "C:\\Users\\Daniel\\Documents\\projects\\SyncClassroom\\repos\\ai-editor\\node_modules\\isobject\\index.js"
MODULE 45160: Module._load REQUEST object.map parent: C:\Users\Daniel\Documents\projects\SyncClassroom\repos\ai-editor\node_modules\liftoff\index.js
MODULE 45160: looking for "object.map" in ["C:\\Users\\Daniel\\Documents\\projects\\SyncClassroom\\repos\\ai-editor\\node_modules\\liftoff\\node_modules","C:\\Users\\Daniel\\Documents\\projects\\SyncClassroom\\repos\\ai-editor\\node_modules","C:\\Users\\Daniel\\Documents\\projects\\SyncClassroom\\repos\\node_modules","C:\\Users\\Daniel\\Documents\\projects\\SyncClassroom\\node_modules","C:\\Users\\Daniel\\Documents\\projects\\node_modules","C:\\Users\\Daniel\\Documents\\node_modules","C:\\Users\\Daniel\\node_modules","C:\\Users\\node_modules","C:\\node_modules","C:\\Users\\Daniel\\.node_modules","C:\\Users\\Daniel\\.node_libraries","C:\\nvm4w\\nodejs\\lib\\node"]
MODULE 45160: load "C:\\Users\\Daniel\\Documents\\projects\\SyncClassroom\\repos\\ai-editor\\node_modules\\object.map\\index.js" for module "C:\\Users\\Daniel\\Documents\\projects\\SyncClassroom\\repos\\ai-editor\\node_modules\\object.map\\index.js"
MODULE 45160: Module._load REQUEST make-iterator parent: C:\Users\Daniel\Documents\projects\SyncClassroom\repos\ai-editor\node_modules\object.map\index.js
MODULE 45160: looking for "make-iterator" in ["C:\\Users\\Daniel\\Documents\\projects\\SyncClassroom\\repos\\ai-editor\\node_modules\\object.map\\node_modules","C:\\Users\\Daniel\\Documents\\projects\\SyncClassroom\\repos\\ai-editor\\node_modules","C:\\Users\\Daniel\\Documents\\projects\\SyncClassroom\\repos\\node_modules","C:\\Users\\Daniel\\Documents\\projects\\SyncClassroom\\node_modules","C:\\Users\\Daniel\\Documents\\projects\\node_modules","C:\\Users\\Daniel\\Documents\\node_modules","C:\\Users\\Daniel\\node_modules","C:\\Users\\node_modules","C:\\node_modules","C:\\Users\\Daniel\\.node_modules","C:\\Users\\Daniel\\.node_libraries","C:\\nvm4w\\nodejs\\lib\\node"]
MODULE 45160: load "C:\\Users\\Daniel\\Documents\\projects\\SyncClassroom\\repos\\ai-editor\\node_modules\\make-iterator\\index.js" for module "C:\\Users\\Daniel\\Documents\\projects\\SyncClassroom\\repos\\ai-editor\\node_modules\\make-iterator\\index.js"
MODULE 45160: Module._load REQUEST kind-of parent: C:\Users\Daniel\Documents\projects\SyncClassroom\repos\ai-editor\node_modules\make-iterator\index.js
MODULE 45160: looking for "kind-of" in ["C:\\Users\\Daniel\\Documents\\projects\\SyncClassroom\\repos\\ai-editor\\node_modules\\make-iterator\\node_modules","C:\\Users\\Daniel\\Documents\\projects\\SyncClassroom\\repos\\ai-editor\\node_modules","C:\\Users\\Daniel\\Documents\\projects\\SyncClassroom\\repos\\node_modules","C:\\Users\\Daniel\\Documents\\projects\\SyncClassroom\\node_modules","C:\\Users\\Daniel\\Documents\\projects\\node_modules","C:\\Users\\Daniel\\Documents\\node_modules","C:\\Users\\Daniel\\node_modules","C:\\Users\\node_modules","C:\\node_modules","C:\\Users\\Daniel\\.node_modules","C:\\Users\\Daniel\\.node_libraries","C:\\nvm4w\\nodejs\\lib\\node"]
MODULE 45160: load "C:\\Users\\Daniel\\Documents\\projects\\SyncClassroom\\repos\\ai-editor\\node_modules\\make-iterator\\node_modules\\kind-of\\index.js" for module "C:\\Users\\Daniel\\Documents\\projects\\SyncClassroom\\repos\\ai-editor\\node_modules\\make-iterator\\node_modules\\kind-of\\index.js"
MODULE 45160: Module._load REQUEST for-own parent: C:\Users\Daniel\Documents\projects\SyncClassroom\repos\ai-editor\node_modules\object.map\index.js
MODULE 45160: looking for "for-own" in ["C:\\Users\\Daniel\\Documents\\projects\\SyncClassroom\\repos\\ai-editor\\node_modules\\object.map\\node_modules","C:\\Users\\Daniel\\Documents\\projects\\SyncClassroom\\repos\\ai-editor\\node_modules","C:\\Users\\Daniel\\Documents\\projects\\SyncClassroom\\repos\\node_modules","C:\\Users\\Daniel\\Documents\\projects\\SyncClassroom\\node_modules","C:\\Users\\Daniel\\Documents\\projects\\node_modules","C:\\Users\\Daniel\\Documents\\node_modules","C:\\Users\\Daniel\\node_modules","C:\\Users\\node_modules","C:\\node_modules","C:\\Users\\Daniel\\.node_modules","C:\\Users\\Daniel\\.node_libraries","C:\\nvm4w\\nodejs\\lib\\node"]
MODULE 45160: load "C:\\Users\\Daniel\\Documents\\projects\\SyncClassroom\\repos\\ai-editor\\node_modules\\for-own\\index.js" for module "C:\\Users\\Daniel\\Documents\\projects\\SyncClassroom\\repos\\ai-editor\\node_modules\\for-own\\index.js"
MODULE 45160: Module._load REQUEST for-in parent: C:\Users\Daniel\Documents\projects\SyncClassroom\repos\ai-editor\node_modules\for-own\index.js
MODULE 45160: looking for "for-in" in ["C:\\Users\\Daniel\\Documents\\projects\\SyncClassroom\\repos\\ai-editor\\node_modules\\for-own\\node_modules","C:\\Users\\Daniel\\Documents\\projects\\SyncClassroom\\repos\\ai-editor\\node_modules","C:\\Users\\Daniel\\Documents\\projects\\SyncClassroom\\repos\\node_modules","C:\\Users\\Daniel\\Documents\\projects\\SyncClassroom\\node_modules","C:\\Users\\Daniel\\Documents\\projects\\node_modules","C:\\Users\\Daniel\\Documents\\node_modules","C:\\Users\\Daniel\\node_modules","C:\\Users\\node_modules","C:\\node_modules","C:\\Users\\Daniel\\.node_modules","C:\\Users\\Daniel\\.node_libraries","C:\\nvm4w\\nodejs\\lib\\node"]
MODULE 45160: load "C:\\Users\\Daniel\\Documents\\projects\\SyncClassroom\\repos\\ai-editor\\node_modules\\for-in\\index.js" for module "C:\\Users\\Daniel\\Documents\\projects\\SyncClassroom\\repos\\ai-editor\\node_modules\\for-in\\index.js"
MODULE 45160: Module._load REQUEST fined parent: C:\Users\Daniel\Documents\projects\SyncClassroom\repos\ai-editor\node_modules\liftoff\index.js
MODULE 45160: looking for "fined" in ["C:\\Users\\Daniel\\Documents\\projects\\SyncClassroom\\repos\\ai-editor\\node_modules\\liftoff\\node_modules","C:\\Users\\Daniel\\Documents\\projects\\SyncClassroom\\repos\\ai-editor\\node_modules","C:\\Users\\Daniel\\Documents\\projects\\SyncClassroom\\repos\\node_modules","C:\\Users\\Daniel\\Documents\\projects\\SyncClassroom\\node_modules","C:\\Users\\Daniel\\Documents\\projects\\node_modules","C:\\Users\\Daniel\\Documents\\node_modules","C:\\Users\\Daniel\\node_modules","C:\\Users\\node_modules","C:\\node_modules","C:\\Users\\Daniel\\.node_modules","C:\\Users\\Daniel\\.node_libraries","C:\\nvm4w\\nodejs\\lib\\node"]
MODULE 45160: load "C:\\Users\\Daniel\\Documents\\projects\\SyncClassroom\\repos\\ai-editor\\node_modules\\fined\\index.js" for module "C:\\Users\\Daniel\\Documents\\projects\\SyncClassroom\\repos\\ai-editor\\node_modules\\fined\\index.js"
MODULE 45160: Module._load REQUEST fs parent: C:\Users\Daniel\Documents\projects\SyncClassroom\repos\ai-editor\node_modules\fined\index.js
MODULE 45160: load built-in module fs
MODULE 45160: Module._load REQUEST path parent: C:\Users\Daniel\Documents\projects\SyncClassroom\repos\ai-editor\node_modules\fined\index.js
MODULE 45160: load built-in module path
MODULE 45160: Module._load REQUEST is-plain-object parent: C:\Users\Daniel\Documents\projects\SyncClassroom\repos\ai-editor\node_modules\fined\index.js
MODULE 45160: looking for "is-plain-object" in ["C:\\Users\\Daniel\\Documents\\projects\\SyncClassroom\\repos\\ai-editor\\node_modules\\fined\\node_modules","C:\\Users\\Daniel\\Documents\\projects\\SyncClassroom\\repos\\ai-editor\\node_modules","C:\\Users\\Daniel\\Documents\\projects\\SyncClassroom\\repos\\node_modules","C:\\Users\\Daniel\\Documents\\projects\\SyncClassroom\\node_modules","C:\\Users\\Daniel\\Documents\\projects\\node_modules","C:\\Users\\Daniel\\Documents\\node_modules","C:\\Users\\Daniel\\node_modules","C:\\Users\\node_modules","C:\\node_modules","C:\\Users\\Daniel\\.node_modules","C:\\Users\\Daniel\\.node_libraries","C:\\nvm4w\\nodejs\\lib\\node"]
MODULE 45160: Module._load REQUEST object.pick parent: C:\Users\Daniel\Documents\projects\SyncClassroom\repos\ai-editor\node_modules\fined\index.js
MODULE 45160: looking for "object.pick" in ["C:\\Users\\Daniel\\Documents\\projects\\SyncClassroom\\repos\\ai-editor\\node_modules\\fined\\node_modules","C:\\Users\\Daniel\\Documents\\projects\\SyncClassroom\\repos\\ai-editor\\node_modules","C:\\Users\\Daniel\\Documents\\projects\\SyncClassroom\\repos\\node_modules","C:\\Users\\Daniel\\Documents\\projects\\SyncClassroom\\node_modules","C:\\Users\\Daniel\\Documents\\projects\\node_modules","C:\\Users\\Daniel\\Documents\\node_modules","C:\\Users\\Daniel\\node_modules","C:\\Users\\node_modules","C:\\node_modules","C:\\Users\\Daniel\\.node_modules","C:\\Users\\Daniel\\.node_libraries","C:\\nvm4w\\nodejs\\lib\\node"]
MODULE 45160: load "C:\\Users\\Daniel\\Documents\\projects\\SyncClassroom\\repos\\ai-editor\\node_modules\\object.pick\\index.js" for module "C:\\Users\\Daniel\\Documents\\projects\\SyncClassroom\\repos\\ai-editor\\node_modules\\object.pick\\index.js"
MODULE 45160: Module._load REQUEST isobject parent: C:\Users\Daniel\Documents\projects\SyncClassroom\repos\ai-editor\node_modules\object.pick\index.js
MODULE 45160: looking for "isobject" in ["C:\\Users\\Daniel\\Documents\\projects\\SyncClassroom\\repos\\ai-editor\\node_modules\\object.pick\\node_modules","C:\\Users\\Daniel\\Documents\\projects\\SyncClassroom\\repos\\ai-editor\\node_modules","C:\\Users\\Daniel\\Documents\\projects\\SyncClassroom\\repos\\node_modules","C:\\Users\\Daniel\\Documents\\projects\\SyncClassroom\\node_modules","C:\\Users\\Daniel\\Documents\\projects\\node_modules","C:\\Users\\Daniel\\Documents\\node_modules","C:\\Users\\Daniel\\node_modules","C:\\Users\\node_modules","C:\\node_modules","C:\\Users\\Daniel\\.node_modules","C:\\Users\\Daniel\\.node_libraries","C:\\nvm4w\\nodejs\\lib\\node"]
MODULE 45160: Module._load REQUEST object.defaults/immutable parent: C:\Users\Daniel\Documents\projects\SyncClassroom\repos\ai-editor\node_modules\fined\index.js
MODULE 45160: looking for "object.defaults/immutable" in ["C:\\Users\\Daniel\\Documents\\projects\\SyncClassroom\\repos\\ai-editor\\node_modules\\fined\\node_modules","C:\\Users\\Daniel\\Documents\\projects\\SyncClassroom\\repos\\ai-editor\\node_modules","C:\\Users\\Daniel\\Documents\\projects\\SyncClassroom\\repos\\node_modules","C:\\Users\\Daniel\\Documents\\projects\\SyncClassroom\\node_modules","C:\\Users\\Daniel\\Documents\\projects\\node_modules","C:\\Users\\Daniel\\Documents\\node_modules","C:\\Users\\Daniel\\node_modules","C:\\Users\\node_modules","C:\\node_modules","C:\\Users\\Daniel\\.node_modules","C:\\Users\\Daniel\\.node_libraries","C:\\nvm4w\\nodejs\\lib\\node"]
MODULE 45160: load "C:\\Users\\Daniel\\Documents\\projects\\SyncClassroom\\repos\\ai-editor\\node_modules\\object.defaults\\immutable.js" for module "C:\\Users\\Daniel\\Documents\\projects\\SyncClassroom\\repos\\ai-editor\\node_modules\\object.defaults\\immutable.js"
MODULE 45160: Module._load REQUEST array-slice parent: C:\Users\Daniel\Documents\projects\SyncClassroom\repos\ai-editor\node_modules\object.defaults\immutable.js
MODULE 45160: looking for "array-slice" in ["C:\\Users\\Daniel\\Documents\\projects\\SyncClassroom\\repos\\ai-editor\\node_modules\\object.defaults\\node_modules","C:\\Users\\Daniel\\Documents\\projects\\SyncClassroom\\repos\\ai-editor\\node_modules","C:\\Users\\Daniel\\Documents\\projects\\SyncClassroom\\repos\\node_modules","C:\\Users\\Daniel\\Documents\\projects\\SyncClassroom\\node_modules","C:\\Users\\Daniel\\Documents\\projects\\node_modules","C:\\Users\\Daniel\\Documents\\node_modules","C:\\Users\\Daniel\\node_modules","C:\\Users\\node_modules","C:\\node_modules","C:\\Users\\Daniel\\.node_modules","C:\\Users\\Daniel\\.node_libraries","C:\\nvm4w\\nodejs\\lib\\node"]
MODULE 45160: load "C:\\Users\\Daniel\\Documents\\projects\\SyncClassroom\\repos\\ai-editor\\node_modules\\array-slice\\index.js" for module "C:\\Users\\Daniel\\Documents\\projects\\SyncClassroom\\repos\\ai-editor\\node_modules\\array-slice\\index.js"
MODULE 45160: Module._load REQUEST ./mutable parent: C:\Users\Daniel\Documents\projects\SyncClassroom\repos\ai-editor\node_modules\object.defaults\immutable.js
MODULE 45160: RELATIVE: requested: ./mutable from parent.id C:\Users\Daniel\Documents\projects\SyncClassroom\repos\ai-editor\node_modules\object.defaults\immutable.js
MODULE 45160: looking for ["C:\\Users\\Daniel\\Documents\\projects\\SyncClassroom\\repos\\ai-editor\\node_modules\\object.defaults"]
MODULE 45160: load "C:\\Users\\Daniel\\Documents\\projects\\SyncClassroom\\repos\\ai-editor\\node_modules\\object.defaults\\mutable.js" for module "C:\\Users\\Daniel\\Documents\\projects\\SyncClassroom\\repos\\ai-editor\\node_modules\\object.defaults\\mutable.js"
MODULE 45160: Module._load REQUEST array-each parent: C:\Users\Daniel\Documents\projects\SyncClassroom\repos\ai-editor\node_modules\object.defaults\mutable.js
MODULE 45160: looking for "array-each" in ["C:\\Users\\Daniel\\Documents\\projects\\SyncClassroom\\repos\\ai-editor\\node_modules\\object.defaults\\node_modules","C:\\Users\\Daniel\\Documents\\projects\\SyncClassroom\\repos\\ai-editor\\node_modules","C:\\Users\\Daniel\\Documents\\projects\\SyncClassroom\\repos\\node_modules","C:\\Users\\Daniel\\Documents\\projects\\SyncClassroom\\node_modules","C:\\Users\\Daniel\\Documents\\projects\\node_modules","C:\\Users\\Daniel\\Documents\\node_modules","C:\\Users\\Daniel\\node_modules","C:\\Users\\node_modules","C:\\node_modules","C:\\Users\\Daniel\\.node_modules","C:\\Users\\Daniel\\.node_libraries","C:\\nvm4w\\nodejs\\lib\\node"]
MODULE 45160: load "C:\\Users\\Daniel\\Documents\\projects\\SyncClassroom\\repos\\ai-editor\\node_modules\\array-each\\index.js" for module "C:\\Users\\Daniel\\Documents\\projects\\SyncClassroom\\repos\\ai-editor\\node_modules\\array-each\\index.js"
MODULE 45160: Module._load REQUEST array-slice parent: C:\Users\Daniel\Documents\projects\SyncClassroom\repos\ai-editor\node_modules\object.defaults\mutable.js
MODULE 45160: Module._load REQUEST for-own parent: C:\Users\Daniel\Documents\projects\SyncClassroom\repos\ai-editor\node_modules\object.defaults\mutable.js
MODULE 45160: looking for "for-own" in ["C:\\Users\\Daniel\\Documents\\projects\\SyncClassroom\\repos\\ai-editor\\node_modules\\object.defaults\\node_modules","C:\\Users\\Daniel\\Documents\\projects\\SyncClassroom\\repos\\ai-editor\\node_modules","C:\\Users\\Daniel\\Documents\\projects\\SyncClassroom\\repos\\node_modules","C:\\Users\\Daniel\\Documents\\projects\\SyncClassroom\\node_modules","C:\\Users\\Daniel\\Documents\\projects\\node_modules","C:\\Users\\Daniel\\Documents\\node_modules","C:\\Users\\Daniel\\node_modules","C:\\Users\\node_modules","C:\\node_modules","C:\\Users\\Daniel\\.node_modules","C:\\Users\\Daniel\\.node_libraries","C:\\nvm4w\\nodejs\\lib\\node"]
MODULE 45160: Module._load REQUEST isobject parent: C:\Users\Daniel\Documents\projects\SyncClassroom\repos\ai-editor\node_modules\object.defaults\mutable.js
MODULE 45160: looking for "isobject" in ["C:\\Users\\Daniel\\Documents\\projects\\SyncClassroom\\repos\\ai-editor\\node_modules\\object.defaults\\node_modules","C:\\Users\\Daniel\\Documents\\projects\\SyncClassroom\\repos\\ai-editor\\node_modules","C:\\Users\\Daniel\\Documents\\projects\\SyncClassroom\\repos\\node_modules","C:\\Users\\Daniel\\Documents\\projects\\SyncClassroom\\node_modules","C:\\Users\\Daniel\\Documents\\projects\\node_modules","C:\\Users\\Daniel\\Documents\\node_modules","C:\\Users\\Daniel\\node_modules","C:\\Users\\node_modules","C:\\node_modules","C:\\Users\\Daniel\\.node_modules","C:\\Users\\Daniel\\.node_libraries","C:\\nvm4w\\nodejs\\lib\\node"]
MODULE 45160: Module._load REQUEST expand-tilde parent: C:\Users\Daniel\Documents\projects\SyncClassroom\repos\ai-editor\node_modules\fined\index.js
MODULE 45160: looking for "expand-tilde" in ["C:\\Users\\Daniel\\Documents\\projects\\SyncClassroom\\repos\\ai-editor\\node_modules\\fined\\node_modules","C:\\Users\\Daniel\\Documents\\projects\\SyncClassroom\\repos\\ai-editor\\node_modules","C:\\Users\\Daniel\\Documents\\projects\\SyncClassroom\\repos\\node_modules","C:\\Users\\Daniel\\Documents\\projects\\SyncClassroom\\node_modules","C:\\Users\\Daniel\\Documents\\projects\\node_modules","C:\\Users\\Daniel\\Documents\\node_modules","C:\\Users\\Daniel\\node_modules","C:\\Users\\node_modules","C:\\node_modules","C:\\Users\\Daniel\\.node_modules","C:\\Users\\Daniel\\.node_libraries","C:\\nvm4w\\nodejs\\lib\\node"]
MODULE 45160: load "C:\\Users\\Daniel\\Documents\\projects\\SyncClassroom\\repos\\ai-editor\\node_modules\\expand-tilde\\index.js" for module "C:\\Users\\Daniel\\Documents\\projects\\SyncClassroom\\repos\\ai-editor\\node_modules\\expand-tilde\\index.js"
MODULE 45160: Module._load REQUEST homedir-polyfill parent: C:\Users\Daniel\Documents\projects\SyncClassroom\repos\ai-editor\node_modules\expand-tilde\index.js
MODULE 45160: looking for "homedir-polyfill" in ["C:\\Users\\Daniel\\Documents\\projects\\SyncClassroom\\repos\\ai-editor\\node_modules\\expand-tilde\\node_modules","C:\\Users\\Daniel\\Documents\\projects\\SyncClassroom\\repos\\ai-editor\\node_modules","C:\\Users\\Daniel\\Documents\\projects\\SyncClassroom\\repos\\node_modules","C:\\Users\\Daniel\\Documents\\projects\\SyncClassroom\\node_modules","C:\\Users\\Daniel\\Documents\\projects\\node_modules","C:\\Users\\Daniel\\Documents\\node_modules","C:\\Users\\Daniel\\node_modules","C:\\Users\\node_modules","C:\\node_modules","C:\\Users\\Daniel\\.node_modules","C:\\Users\\Daniel\\.node_libraries","C:\\nvm4w\\nodejs\\lib\\node"]
MODULE 45160: load "C:\\Users\\Daniel\\Documents\\projects\\SyncClassroom\\repos\\ai-editor\\node_modules\\homedir-polyfill\\index.js" for module "C:\\Users\\Daniel\\Documents\\projects\\SyncClassroom\\repos\\ai-editor\\node_modules\\homedir-polyfill\\index.js"
MODULE 45160: Module._load REQUEST os parent: C:\Users\Daniel\Documents\projects\SyncClassroom\repos\ai-editor\node_modules\homedir-polyfill\index.js
MODULE 45160: load built-in module os
MODULE 45160: Module._load REQUEST path parent: C:\Users\Daniel\Documents\projects\SyncClassroom\repos\ai-editor\node_modules\expand-tilde\index.js
MODULE 45160: load built-in module path
MODULE 45160: Module._load REQUEST parse-filepath parent: C:\Users\Daniel\Documents\projects\SyncClassroom\repos\ai-editor\node_modules\fined\index.js
MODULE 45160: looking for "parse-filepath" in ["C:\\Users\\Daniel\\Documents\\projects\\SyncClassroom\\repos\\ai-editor\\node_modules\\fined\\node_modules","C:\\Users\\Daniel\\Documents\\projects\\SyncClassroom\\repos\\ai-editor\\node_modules","C:\\Users\\Daniel\\Documents\\projects\\SyncClassroom\\repos\\node_modules","C:\\Users\\Daniel\\Documents\\projects\\SyncClassroom\\node_modules","C:\\Users\\Daniel\\Documents\\projects\\node_modules","C:\\Users\\Daniel\\Documents\\node_modules","C:\\Users\\Daniel\\node_modules","C:\\Users\\node_modules","C:\\node_modules","C:\\Users\\Daniel\\.node_modules","C:\\Users\\Daniel\\.node_libraries","C:\\nvm4w\\nodejs\\lib\\node"]
MODULE 45160: load "C:\\Users\\Daniel\\Documents\\projects\\SyncClassroom\\repos\\ai-editor\\node_modules\\parse-filepath\\index.js" for module "C:\\Users\\Daniel\\Documents\\projects\\SyncClassroom\\repos\\ai-editor\\node_modules\\parse-filepath\\index.js"
MODULE 45160: Module._load REQUEST path parent: C:\Users\Daniel\Documents\projects\SyncClassroom\repos\ai-editor\node_modules\parse-filepath\index.js
MODULE 45160: load built-in module path
MODULE 45160: Module._load REQUEST is-absolute parent: C:\Users\Daniel\Documents\projects\SyncClassroom\repos\ai-editor\node_modules\parse-filepath\index.js
MODULE 45160: looking for "is-absolute" in ["C:\\Users\\Daniel\\Documents\\projects\\SyncClassroom\\repos\\ai-editor\\node_modules\\parse-filepath\\node_modules","C:\\Users\\Daniel\\Documents\\projects\\SyncClassroom\\repos\\ai-editor\\node_modules","C:\\Users\\Daniel\\Documents\\projects\\SyncClassroom\\repos\\node_modules","C:\\Users\\Daniel\\Documents\\projects\\SyncClassroom\\node_modules","C:\\Users\\Daniel\\Documents\\projects\\node_modules","C:\\Users\\Daniel\\Documents\\node_modules","C:\\Users\\Daniel\\node_modules","C:\\Users\\node_modules","C:\\node_modules","C:\\Users\\Daniel\\.node_modules","C:\\Users\\Daniel\\.node_libraries","C:\\nvm4w\\nodejs\\lib\\node"]
MODULE 45160: load "C:\\Users\\Daniel\\Documents\\projects\\SyncClassroom\\repos\\ai-editor\\node_modules\\is-absolute\\index.js" for module "C:\\Users\\Daniel\\Documents\\projects\\SyncClassroom\\repos\\ai-editor\\node_modules\\is-absolute\\index.js"
MODULE 45160: Module._load REQUEST is-relative parent: C:\Users\Daniel\Documents\projects\SyncClassroom\repos\ai-editor\node_modules\is-absolute\index.js
MODULE 45160: looking for "is-relative" in ["C:\\Users\\Daniel\\Documents\\projects\\SyncClassroom\\repos\\ai-editor\\node_modules\\is-absolute\\node_modules","C:\\Users\\Daniel\\Documents\\projects\\SyncClassroom\\repos\\ai-editor\\node_modules","C:\\Users\\Daniel\\Documents\\projects\\SyncClassroom\\repos\\node_modules","C:\\Users\\Daniel\\Documents\\projects\\SyncClassroom\\node_modules","C:\\Users\\Daniel\\Documents\\projects\\node_modules","C:\\Users\\Daniel\\Documents\\node_modules","C:\\Users\\Daniel\\node_modules","C:\\Users\\node_modules","C:\\node_modules","C:\\Users\\Daniel\\.node_modules","C:\\Users\\Daniel\\.node_libraries","C:\\nvm4w\\nodejs\\lib\\node"]
MODULE 45160: load "C:\\Users\\Daniel\\Documents\\projects\\SyncClassroom\\repos\\ai-editor\\node_modules\\is-relative\\index.js" for module "C:\\Users\\Daniel\\Documents\\projects\\SyncClassroom\\repos\\ai-editor\\node_modules\\is-relative\\index.js"
MODULE 45160: Module._load REQUEST is-unc-path parent: C:\Users\Daniel\Documents\projects\SyncClassroom\repos\ai-editor\node_modules\is-relative\index.js
MODULE 45160: looking for "is-unc-path" in ["C:\\Users\\Daniel\\Documents\\projects\\SyncClassroom\\repos\\ai-editor\\node_modules\\is-relative\\node_modules","C:\\Users\\Daniel\\Documents\\projects\\SyncClassroom\\repos\\ai-editor\\node_modules","C:\\Users\\Daniel\\Documents\\projects\\SyncClassroom\\repos\\node_modules","C:\\Users\\Daniel\\Documents\\projects\\SyncClassroom\\node_modules","C:\\Users\\Daniel\\Documents\\projects\\node_modules","C:\\Users\\Daniel\\Documents\\node_modules","C:\\Users\\Daniel\\node_modules","C:\\Users\\node_modules","C:\\node_modules","C:\\Users\\Daniel\\.node_modules","C:\\Users\\Daniel\\.node_libraries","C:\\nvm4w\\nodejs\\lib\\node"]
MODULE 45160: load "C:\\Users\\Daniel\\Documents\\projects\\SyncClassroom\\repos\\ai-editor\\node_modules\\is-unc-path\\index.js" for module "C:\\Users\\Daniel\\Documents\\projects\\SyncClassroom\\repos\\ai-editor\\node_modules\\is-unc-path\\index.js"
MODULE 45160: Module._load REQUEST unc-path-regex parent: C:\Users\Daniel\Documents\projects\SyncClassroom\repos\ai-editor\node_modules\is-unc-path\index.js
MODULE 45160: looking for "unc-path-regex" in ["C:\\Users\\Daniel\\Documents\\projects\\SyncClassroom\\repos\\ai-editor\\node_modules\\is-unc-path\\node_modules","C:\\Users\\Daniel\\Documents\\projects\\SyncClassroom\\repos\\ai-editor\\node_modules","C:\\Users\\Daniel\\Documents\\projects\\SyncClassroom\\repos\\node_modules","C:\\Users\\Daniel\\Documents\\projects\\SyncClassroom\\node_modules","C:\\Users\\Daniel\\Documents\\projects\\node_modules","C:\\Users\\Daniel\\Documents\\node_modules","C:\\Users\\Daniel\\node_modules","C:\\Users\\node_modules","C:\\node_modules","C:\\Users\\Daniel\\.node_modules","C:\\Users\\Daniel\\.node_libraries","C:\\nvm4w\\nodejs\\lib\\node"]
MODULE 45160: load "C:\\Users\\Daniel\\Documents\\projects\\SyncClassroom\\repos\\ai-editor\\node_modules\\unc-path-regex\\index.js" for module "C:\\Users\\Daniel\\Documents\\projects\\SyncClassroom\\repos\\ai-editor\\node_modules\\unc-path-regex\\index.js"
MODULE 45160: Module._load REQUEST is-windows parent: C:\Users\Daniel\Documents\projects\SyncClassroom\repos\ai-editor\node_modules\is-absolute\index.js
MODULE 45160: looking for "is-windows" in ["C:\\Users\\Daniel\\Documents\\projects\\SyncClassroom\\repos\\ai-editor\\node_modules\\is-absolute\\node_modules","C:\\Users\\Daniel\\Documents\\projects\\SyncClassroom\\repos\\ai-editor\\node_modules","C:\\Users\\Daniel\\Documents\\projects\\SyncClassroom\\repos\\node_modules","C:\\Users\\Daniel\\Documents\\projects\\SyncClassroom\\node_modules","C:\\Users\\Daniel\\Documents\\projects\\node_modules","C:\\Users\\Daniel\\Documents\\node_modules","C:\\Users\\Daniel\\node_modules","C:\\Users\\node_modules","C:\\node_modules","C:\\Users\\Daniel\\.node_modules","C:\\Users\\Daniel\\.node_libraries","C:\\nvm4w\\nodejs\\lib\\node"]
MODULE 45160: load "C:\\Users\\Daniel\\Documents\\projects\\SyncClassroom\\repos\\ai-editor\\node_modules\\is-windows\\index.js" for module "C:\\Users\\Daniel\\Documents\\projects\\SyncClassroom\\repos\\ai-editor\\node_modules\\is-windows\\index.js"
MODULE 45160: Module._load REQUEST path-root parent: C:\Users\Daniel\Documents\projects\SyncClassroom\repos\ai-editor\node_modules\parse-filepath\index.js
MODULE 45160: looking for "path-root" in ["C:\\Users\\Daniel\\Documents\\projects\\SyncClassroom\\repos\\ai-editor\\node_modules\\parse-filepath\\node_modules","C:\\Users\\Daniel\\Documents\\projects\\SyncClassroom\\repos\\ai-editor\\node_modules","C:\\Users\\Daniel\\Documents\\projects\\SyncClassroom\\repos\\node_modules","C:\\Users\\Daniel\\Documents\\projects\\SyncClassroom\\node_modules","C:\\Users\\Daniel\\Documents\\projects\\node_modules","C:\\Users\\Daniel\\Documents\\node_modules","C:\\Users\\Daniel\\node_modules","C:\\Users\\node_modules","C:\\node_modules","C:\\Users\\Daniel\\.node_modules","C:\\Users\\Daniel\\.node_libraries","C:\\nvm4w\\nodejs\\lib\\node"]
MODULE 45160: load "C:\\Users\\Daniel\\Documents\\projects\\SyncClassroom\\repos\\ai-editor\\node_modules\\path-root\\index.js" for module "C:\\Users\\Daniel\\Documents\\projects\\SyncClassroom\\repos\\ai-editor\\node_modules\\path-root\\index.js"
MODULE 45160: Module._load REQUEST path-root-regex parent: C:\Users\Daniel\Documents\projects\SyncClassroom\repos\ai-editor\node_modules\path-root\index.js
MODULE 45160: looking for "path-root-regex" in ["C:\\Users\\Daniel\\Documents\\projects\\SyncClassroom\\repos\\ai-editor\\node_modules\\path-root\\node_modules","C:\\Users\\Daniel\\Documents\\projects\\SyncClassroom\\repos\\ai-editor\\node_modules","C:\\Users\\Daniel\\Documents\\projects\\SyncClassroom\\repos\\node_modules","C:\\Users\\Daniel\\Documents\\projects\\SyncClassroom\\node_modules","C:\\Users\\Daniel\\Documents\\projects\\node_modules","C:\\Users\\Daniel\\Documents\\node_modules","C:\\Users\\Daniel\\node_modules","C:\\Users\\node_modules","C:\\node_modules","C:\\Users\\Daniel\\.node_modules","C:\\Users\\Daniel\\.node_libraries","C:\\nvm4w\\nodejs\\lib\\node"]
MODULE 45160: load "C:\\Users\\Daniel\\Documents\\projects\\SyncClassroom\\repos\\ai-editor\\node_modules\\path-root-regex\\index.js" for module "C:\\Users\\Daniel\\Documents\\projects\\SyncClassroom\\repos\\ai-editor\\node_modules\\path-root-regex\\index.js"
MODULE 45160: Module._load REQUEST map-cache parent: C:\Users\Daniel\Documents\projects\SyncClassroom\repos\ai-editor\node_modules\parse-filepath\index.js
MODULE 45160: looking for "map-cache" in ["C:\\Users\\Daniel\\Documents\\projects\\SyncClassroom\\repos\\ai-editor\\node_modules\\parse-filepath\\node_modules","C:\\Users\\Daniel\\Documents\\projects\\SyncClassroom\\repos\\ai-editor\\node_modules","C:\\Users\\Daniel\\Documents\\projects\\SyncClassroom\\repos\\node_modules","C:\\Users\\Daniel\\Documents\\projects\\SyncClassroom\\node_modules","C:\\Users\\Daniel\\Documents\\projects\\node_modules","C:\\Users\\Daniel\\Documents\\node_modules","C:\\Users\\Daniel\\node_modules","C:\\Users\\node_modules","C:\\node_modules","C:\\Users\\Daniel\\.node_modules","C:\\Users\\Daniel\\.node_libraries","C:\\nvm4w\\nodejs\\lib\\node"]
MODULE 45160: load "C:\\Users\\Daniel\\Documents\\projects\\SyncClassroom\\repos\\ai-editor\\node_modules\\map-cache\\index.js" for module "C:\\Users\\Daniel\\Documents\\projects\\SyncClassroom\\repos\\ai-editor\\node_modules\\map-cache\\index.js"
MODULE 45160: Module._load REQUEST ./lib/find_cwd parent: C:\Users\Daniel\Documents\projects\SyncClassroom\repos\ai-editor\node_modules\liftoff\index.js
MODULE 45160: RELATIVE: requested: ./lib/find_cwd from parent.id C:\Users\Daniel\Documents\projects\SyncClassroom\repos\ai-editor\node_modules\liftoff\index.js
MODULE 45160: looking for ["C:\\Users\\Daniel\\Documents\\projects\\SyncClassroom\\repos\\ai-editor\\node_modules\\liftoff"]
MODULE 45160: load "C:\\Users\\Daniel\\Documents\\projects\\SyncClassroom\\repos\\ai-editor\\node_modules\\liftoff\\lib\\find_cwd.js" for module "C:\\Users\\Daniel\\Documents\\projects\\SyncClassroom\\repos\\ai-editor\\node_modules\\liftoff\\lib\\find_cwd.js"
MODULE 45160: Module._load REQUEST path parent: C:\Users\Daniel\Documents\projects\SyncClassroom\repos\ai-editor\node_modules\liftoff\lib\find_cwd.js
MODULE 45160: load built-in module path
MODULE 45160: Module._load REQUEST ./lib/find_config parent: C:\Users\Daniel\Documents\projects\SyncClassroom\repos\ai-editor\node_modules\liftoff\index.js
MODULE 45160: RELATIVE: requested: ./lib/find_config from parent.id C:\Users\Daniel\Documents\projects\SyncClassroom\repos\ai-editor\node_modules\liftoff\index.js
MODULE 45160: looking for ["C:\\Users\\Daniel\\Documents\\projects\\SyncClassroom\\repos\\ai-editor\\node_modules\\liftoff"]
MODULE 45160: load "C:\\Users\\Daniel\\Documents\\projects\\SyncClassroom\\repos\\ai-editor\\node_modules\\liftoff\\lib\\find_config.js" for module "C:\\Users\\Daniel\\Documents\\projects\\SyncClassroom\\repos\\ai-editor\\node_modules\\liftoff\\lib\\find_config.js"
MODULE 45160: Module._load REQUEST fs parent: C:\Users\Daniel\Documents\projects\SyncClassroom\repos\ai-editor\node_modules\liftoff\lib\find_config.js
MODULE 45160: load built-in module fs
MODULE 45160: Module._load REQUEST path parent: C:\Users\Daniel\Documents\projects\SyncClassroom\repos\ai-editor\node_modules\liftoff\lib\find_config.js
MODULE 45160: load built-in module path
MODULE 45160: Module._load REQUEST ./file_search parent: C:\Users\Daniel\Documents\projects\SyncClassroom\repos\ai-editor\node_modules\liftoff\lib\find_config.js
MODULE 45160: RELATIVE: requested: ./file_search from parent.id C:\Users\Daniel\Documents\projects\SyncClassroom\repos\ai-editor\node_modules\liftoff\lib\find_config.js
MODULE 45160: looking for ["C:\\Users\\Daniel\\Documents\\projects\\SyncClassroom\\repos\\ai-editor\\node_modules\\liftoff\\lib"]
MODULE 45160: load "C:\\Users\\Daniel\\Documents\\projects\\SyncClassroom\\repos\\ai-editor\\node_modules\\liftoff\\lib\\file_search.js" for module "C:\\Users\\Daniel\\Documents\\projects\\SyncClassroom\\repos\\ai-editor\\node_modules\\liftoff\\lib\\file_search.js"
MODULE 45160: Module._load REQUEST findup-sync parent: C:\Users\Daniel\Documents\projects\SyncClassroom\repos\ai-editor\node_modules\liftoff\lib\file_search.js
MODULE 45160: looking for "findup-sync" in ["C:\\Users\\Daniel\\Documents\\projects\\SyncClassroom\\repos\\ai-editor\\node_modules\\liftoff\\lib\\node_modules","C:\\Users\\Daniel\\Documents\\projects\\SyncClassroom\\repos\\ai-editor\\node_modules\\liftoff\\node_modules","C:\\Users\\Daniel\\Documents\\projects\\SyncClassroom\\repos\\ai-editor\\node_modules","C:\\Users\\Daniel\\Documents\\projects\\SyncClassroom\\repos\\node_modules","C:\\Users\\Daniel\\Documents\\projects\\SyncClassroom\\node_modules","C:\\Users\\Daniel\\Documents\\projects\\node_modules","C:\\Users\\Daniel\\Documents\\node_modules","C:\\Users\\Daniel\\node_modules","C:\\Users\\node_modules","C:\\node_modules","C:\\Users\\Daniel\\.node_modules","C:\\Users\\Daniel\\.node_libraries","C:\\nvm4w\\nodejs\\lib\\node"]
MODULE 45160: load "C:\\Users\\Daniel\\Documents\\projects\\SyncClassroom\\repos\\ai-editor\\node_modules\\liftoff\\node_modules\\findup-sync\\index.js" for module "C:\\Users\\Daniel\\Documents\\projects\\SyncClassroom\\repos\\ai-editor\\node_modules\\liftoff\\node_modules\\findup-sync\\index.js"
MODULE 45160: Module._load REQUEST fs parent: C:\Users\Daniel\Documents\projects\SyncClassroom\repos\ai-editor\node_modules\liftoff\node_modules\findup-sync\index.js
MODULE 45160: load built-in module fs
MODULE 45160: Module._load REQUEST path parent: C:\Users\Daniel\Documents\projects\SyncClassroom\repos\ai-editor\node_modules\liftoff\node_modules\findup-sync\index.js
MODULE 45160: load built-in module path
MODULE 45160: Module._load REQUEST is-glob parent: C:\Users\Daniel\Documents\projects\SyncClassroom\repos\ai-editor\node_modules\liftoff\node_modules\findup-sync\index.js
MODULE 45160: looking for "is-glob" in ["C:\\Users\\Daniel\\Documents\\projects\\SyncClassroom\\repos\\ai-editor\\node_modules\\liftoff\\node_modules\\findup-sync\\node_modules","C:\\Users\\Daniel\\Documents\\projects\\SyncClassroom\\repos\\ai-editor\\node_modules\\liftoff\\node_modules","C:\\Users\\Daniel\\Documents\\projects\\SyncClassroom\\repos\\ai-editor\\node_modules","C:\\Users\\Daniel\\Documents\\projects\\SyncClassroom\\repos\\node_modules","C:\\Users\\Daniel\\Documents\\projects\\SyncClassroom\\node_modules","C:\\Users\\Daniel\\Documents\\projects\\node_modules","C:\\Users\\Daniel\\Documents\\node_modules","C:\\Users\\Daniel\\node_modules","C:\\Users\\node_modules","C:\\node_modules","C:\\Users\\Daniel\\.node_modules","C:\\Users\\Daniel\\.node_libraries","C:\\nvm4w\\nodejs\\lib\\node"]
MODULE 45160: load "C:\\Users\\Daniel\\Documents\\projects\\SyncClassroom\\repos\\ai-editor\\node_modules\\is-glob\\index.js" for module "C:\\Users\\Daniel\\Documents\\projects\\SyncClassroom\\repos\\ai-editor\\node_modules\\is-glob\\index.js"
MODULE 45160: Module._load REQUEST is-extglob parent: C:\Users\Daniel\Documents\projects\SyncClassroom\repos\ai-editor\node_modules\is-glob\index.js
MODULE 45160: looking for "is-extglob" in ["C:\\Users\\Daniel\\Documents\\projects\\SyncClassroom\\repos\\ai-editor\\node_modules\\is-glob\\node_modules","C:\\Users\\Daniel\\Documents\\projects\\SyncClassroom\\repos\\ai-editor\\node_modules","C:\\Users\\Daniel\\Documents\\projects\\SyncClassroom\\repos\\node_modules","C:\\Users\\Daniel\\Documents\\projects\\SyncClassroom\\node_modules","C:\\Users\\Daniel\\Documents\\projects\\node_modules","C:\\Users\\Daniel\\Documents\\node_modules","C:\\Users\\Daniel\\node_modules","C:\\Users\\node_modules","C:\\node_modules","C:\\Users\\Daniel\\.node_modules","C:\\Users\\Daniel\\.node_libraries","C:\\nvm4w\\nodejs\\lib\\node"]
MODULE 45160: load "C:\\Users\\Daniel\\Documents\\projects\\SyncClassroom\\repos\\ai-editor\\node_modules\\is-extglob\\index.js" for module "C:\\Users\\Daniel\\Documents\\projects\\SyncClassroom\\repos\\ai-editor\\node_modules\\is-extglob\\index.js"
MODULE 45160: Module._load REQUEST resolve-dir parent: C:\Users\Daniel\Documents\projects\SyncClassroom\repos\ai-editor\node_modules\liftoff\node_modules\findup-sync\index.js
MODULE 45160: looking for "resolve-dir" in ["C:\\Users\\Daniel\\Documents\\projects\\SyncClassroom\\repos\\ai-editor\\node_modules\\liftoff\\node_modules\\findup-sync\\node_modules","C:\\Users\\Daniel\\Documents\\projects\\SyncClassroom\\repos\\ai-editor\\node_modules\\liftoff\\node_modules","C:\\Users\\Daniel\\Documents\\projects\\SyncClassroom\\repos\\ai-editor\\node_modules","C:\\Users\\Daniel\\Documents\\projects\\SyncClassroom\\repos\\node_modules","C:\\Users\\Daniel\\Documents\\projects\\SyncClassroom\\node_modules","C:\\Users\\Daniel\\Documents\\projects\\node_modules","C:\\Users\\Daniel\\Documents\\node_modules","C:\\Users\\Daniel\\node_modules","C:\\Users\\node_modules","C:\\node_modules","C:\\Users\\Daniel\\.node_modules","C:\\Users\\Daniel\\.node_libraries","C:\\nvm4w\\nodejs\\lib\\node"]
MODULE 45160: load "C:\\Users\\Daniel\\Documents\\projects\\SyncClassroom\\repos\\ai-editor\\node_modules\\resolve-dir\\index.js" for module "C:\\Users\\Daniel\\Documents\\projects\\SyncClassroom\\repos\\ai-editor\\node_modules\\resolve-dir\\index.js"
MODULE 45160: Module._load REQUEST path parent: C:\Users\Daniel\Documents\projects\SyncClassroom\repos\ai-editor\node_modules\resolve-dir\index.js
MODULE 45160: load built-in module path
MODULE 45160: Module._load REQUEST expand-tilde parent: C:\Users\Daniel\Documents\projects\SyncClassroom\repos\ai-editor\node_modules\resolve-dir\index.js
MODULE 45160: looking for "expand-tilde" in ["C:\\Users\\Daniel\\Documents\\projects\\SyncClassroom\\repos\\ai-editor\\node_modules\\resolve-dir\\node_modules","C:\\Users\\Daniel\\Documents\\projects\\SyncClassroom\\repos\\ai-editor\\node_modules","C:\\Users\\Daniel\\Documents\\projects\\SyncClassroom\\repos\\node_modules","C:\\Users\\Daniel\\Documents\\projects\\SyncClassroom\\node_modules","C:\\Users\\Daniel\\Documents\\projects\\node_modules","C:\\Users\\Daniel\\Documents\\node_modules","C:\\Users\\Daniel\\node_modules","C:\\Users\\node_modules","C:\\node_modules","C:\\Users\\Daniel\\.node_modules","C:\\Users\\Daniel\\.node_libraries","C:\\nvm4w\\nodejs\\lib\\node"]
MODULE 45160: Module._load REQUEST global-modules parent: C:\Users\Daniel\Documents\projects\SyncClassroom\repos\ai-editor\node_modules\resolve-dir\index.js
MODULE 45160: looking for "global-modules" in ["C:\\Users\\Daniel\\Documents\\projects\\SyncClassroom\\repos\\ai-editor\\node_modules\\resolve-dir\\node_modules","C:\\Users\\Daniel\\Documents\\projects\\SyncClassroom\\repos\\ai-editor\\node_modules","C:\\Users\\Daniel\\Documents\\projects\\SyncClassroom\\repos\\node_modules","C:\\Users\\Daniel\\Documents\\projects\\SyncClassroom\\node_modules","C:\\Users\\Daniel\\Documents\\projects\\node_modules","C:\\Users\\Daniel\\Documents\\node_modules","C:\\Users\\Daniel\\node_modules","C:\\Users\\node_modules","C:\\node_modules","C:\\Users\\Daniel\\.node_modules","C:\\Users\\Daniel\\.node_libraries","C:\\nvm4w\\nodejs\\lib\\node"]
MODULE 45160: load "C:\\Users\\Daniel\\Documents\\projects\\SyncClassroom\\repos\\ai-editor\\node_modules\\global-modules\\index.js" for module "C:\\Users\\Daniel\\Documents\\projects\\SyncClassroom\\repos\\ai-editor\\node_modules\\global-modules\\index.js"
MODULE 45160: Module._load REQUEST path parent: C:\Users\Daniel\Documents\projects\SyncClassroom\repos\ai-editor\node_modules\global-modules\index.js
MODULE 45160: load built-in module path
MODULE 45160: Module._load REQUEST global-prefix parent: C:\Users\Daniel\Documents\projects\SyncClassroom\repos\ai-editor\node_modules\global-modules\index.js
MODULE 45160: looking for "global-prefix" in ["C:\\Users\\Daniel\\Documents\\projects\\SyncClassroom\\repos\\ai-editor\\node_modules\\global-modules\\node_modules","C:\\Users\\Daniel\\Documents\\projects\\SyncClassroom\\repos\\ai-editor\\node_modules","C:\\Users\\Daniel\\Documents\\projects\\SyncClassroom\\repos\\node_modules","C:\\Users\\Daniel\\Documents\\projects\\SyncClassroom\\node_modules","C:\\Users\\Daniel\\Documents\\projects\\node_modules","C:\\Users\\Daniel\\Documents\\node_modules","C:\\Users\\Daniel\\node_modules","C:\\Users\\node_modules","C:\\node_modules","C:\\Users\\Daniel\\.node_modules","C:\\Users\\Daniel\\.node_libraries","C:\\nvm4w\\nodejs\\lib\\node"]
MODULE 45160: load "C:\\Users\\Daniel\\Documents\\projects\\SyncClassroom\\repos\\ai-editor\\node_modules\\global-prefix\\index.js" for module "C:\\Users\\Daniel\\Documents\\projects\\SyncClassroom\\repos\\ai-editor\\node_modules\\global-prefix\\index.js"
MODULE 45160: Module._load REQUEST fs parent: C:\Users\Daniel\Documents\projects\SyncClassroom\repos\ai-editor\node_modules\global-prefix\index.js
MODULE 45160: load built-in module fs
MODULE 45160: Module._load REQUEST path parent: C:\Users\Daniel\Documents\projects\SyncClassroom\repos\ai-editor\node_modules\global-prefix\index.js
MODULE 45160: load built-in module path
MODULE 45160: Module._load REQUEST expand-tilde parent: C:\Users\Daniel\Documents\projects\SyncClassroom\repos\ai-editor\node_modules\global-prefix\index.js
MODULE 45160: looking for "expand-tilde" in ["C:\\Users\\Daniel\\Documents\\projects\\SyncClassroom\\repos\\ai-editor\\node_modules\\global-prefix\\node_modules","C:\\Users\\Daniel\\Documents\\projects\\SyncClassroom\\repos\\ai-editor\\node_modules","C:\\Users\\Daniel\\Documents\\projects\\SyncClassroom\\repos\\node_modules","C:\\Users\\Daniel\\Documents\\projects\\SyncClassroom\\node_modules","C:\\Users\\Daniel\\Documents\\projects\\node_modules","C:\\Users\\Daniel\\Documents\\node_modules","C:\\Users\\Daniel\\node_modules","C:\\Users\\node_modules","C:\\node_modules","C:\\Users\\Daniel\\.node_modules","C:\\Users\\Daniel\\.node_libraries","C:\\nvm4w\\nodejs\\lib\\node"]
MODULE 45160: Module._load REQUEST homedir-polyfill parent: C:\Users\Daniel\Documents\projects\SyncClassroom\repos\ai-editor\node_modules\global-prefix\index.js
MODULE 45160: looking for "homedir-polyfill" in ["C:\\Users\\Daniel\\Documents\\projects\\SyncClassroom\\repos\\ai-editor\\node_modules\\global-prefix\\node_modules","C:\\Users\\Daniel\\Documents\\projects\\SyncClassroom\\repos\\ai-editor\\node_modules","C:\\Users\\Daniel\\Documents\\projects\\SyncClassroom\\repos\\node_modules","C:\\Users\\Daniel\\Documents\\projects\\SyncClassroom\\node_modules","C:\\Users\\Daniel\\Documents\\projects\\node_modules","C:\\Users\\Daniel\\Documents\\node_modules","C:\\Users\\Daniel\\node_modules","C:\\Users\\node_modules","C:\\node_modules","C:\\Users\\Daniel\\.node_modules","C:\\Users\\Daniel\\.node_libraries","C:\\nvm4w\\nodejs\\lib\\node"]
MODULE 45160: Module._load REQUEST ini parent: C:\Users\Daniel\Documents\projects\SyncClassroom\repos\ai-editor\node_modules\global-prefix\index.js
MODULE 45160: looking for "ini" in ["C:\\Users\\Daniel\\Documents\\projects\\SyncClassroom\\repos\\ai-editor\\node_modules\\global-prefix\\node_modules","C:\\Users\\Daniel\\Documents\\projects\\SyncClassroom\\repos\\ai-editor\\node_modules","C:\\Users\\Daniel\\Documents\\projects\\SyncClassroom\\repos\\node_modules","C:\\Users\\Daniel\\Documents\\projects\\SyncClassroom\\node_modules","C:\\Users\\Daniel\\Documents\\projects\\node_modules","C:\\Users\\Daniel\\Documents\\node_modules","C:\\Users\\Daniel\\node_modules","C:\\Users\\node_modules","C:\\node_modules","C:\\Users\\Daniel\\.node_modules","C:\\Users\\Daniel\\.node_libraries","C:\\nvm4w\\nodejs\\lib\\node"]
MODULE 45160: load "C:\\Users\\Daniel\\Documents\\projects\\SyncClassroom\\repos\\ai-editor\\node_modules\\ini\\ini.js" for module "C:\\Users\\Daniel\\Documents\\projects\\SyncClassroom\\repos\\ai-editor\\node_modules\\ini\\ini.js"
MODULE 45160: Module._load REQUEST which parent: C:\Users\Daniel\Documents\projects\SyncClassroom\repos\ai-editor\node_modules\global-prefix\index.js
MODULE 45160: looking for "which" in ["C:\\Users\\Daniel\\Documents\\projects\\SyncClassroom\\repos\\ai-editor\\node_modules\\global-prefix\\node_modules","C:\\Users\\Daniel\\Documents\\projects\\SyncClassroom\\repos\\ai-editor\\node_modules","C:\\Users\\Daniel\\Documents\\projects\\SyncClassroom\\repos\\node_modules","C:\\Users\\Daniel\\Documents\\projects\\SyncClassroom\\node_modules","C:\\Users\\Daniel\\Documents\\projects\\node_modules","C:\\Users\\Daniel\\Documents\\node_modules","C:\\Users\\Daniel\\node_modules","C:\\Users\\node_modules","C:\\node_modules","C:\\Users\\Daniel\\.node_modules","C:\\Users\\Daniel\\.node_libraries","C:\\nvm4w\\nodejs\\lib\\node"]
MODULE 45160: load "C:\\Users\\Daniel\\Documents\\projects\\SyncClassroom\\repos\\ai-editor\\node_modules\\global-prefix\\node_modules\\which\\which.js" for module "C:\\Users\\Daniel\\Documents\\projects\\SyncClassroom\\repos\\ai-editor\\node_modules\\global-prefix\\node_modules\\which\\which.js"
MODULE 45160: Module._load REQUEST path parent: C:\Users\Daniel\Documents\projects\SyncClassroom\repos\ai-editor\node_modules\global-prefix\node_modules\which\which.js
MODULE 45160: load built-in module path
MODULE 45160: Module._load REQUEST isexe parent: C:\Users\Daniel\Documents\projects\SyncClassroom\repos\ai-editor\node_modules\global-prefix\node_modules\which\which.js
MODULE 45160: looking for "isexe" in ["C:\\Users\\Daniel\\Documents\\projects\\SyncClassroom\\repos\\ai-editor\\node_modules\\global-prefix\\node_modules\\which\\node_modules","C:\\Users\\Daniel\\Documents\\projects\\SyncClassroom\\repos\\ai-editor\\node_modules\\global-prefix\\node_modules","C:\\Users\\Daniel\\Documents\\projects\\SyncClassroom\\repos\\ai-editor\\node_modules","C:\\Users\\Daniel\\Documents\\projects\\SyncClassroom\\repos\\node_modules","C:\\Users\\Daniel\\Documents\\projects\\SyncClassroom\\node_modules","C:\\Users\\Daniel\\Documents\\projects\\node_modules","C:\\Users\\Daniel\\Documents\\node_modules","C:\\Users\\Daniel\\node_modules","C:\\Users\\node_modules","C:\\node_modules","C:\\Users\\Daniel\\.node_modules","C:\\Users\\Daniel\\.node_libraries","C:\\nvm4w\\nodejs\\lib\\node"]
MODULE 45160: load "C:\\Users\\Daniel\\Documents\\projects\\SyncClassroom\\repos\\ai-editor\\node_modules\\isexe\\index.js" for module "C:\\Users\\Daniel\\Documents\\projects\\SyncClassroom\\repos\\ai-editor\\node_modules\\isexe\\index.js"
MODULE 45160: Module._load REQUEST fs parent: C:\Users\Daniel\Documents\projects\SyncClassroom\repos\ai-editor\node_modules\isexe\index.js
MODULE 45160: load built-in module fs
MODULE 45160: Module._load REQUEST ./windows.js parent: C:\Users\Daniel\Documents\projects\SyncClassroom\repos\ai-editor\node_modules\isexe\index.js
MODULE 45160: RELATIVE: requested: ./windows.js from parent.id C:\Users\Daniel\Documents\projects\SyncClassroom\repos\ai-editor\node_modules\isexe\index.js
MODULE 45160: looking for ["C:\\Users\\Daniel\\Documents\\projects\\SyncClassroom\\repos\\ai-editor\\node_modules\\isexe"]
MODULE 45160: load "C:\\Users\\Daniel\\Documents\\projects\\SyncClassroom\\repos\\ai-editor\\node_modules\\isexe\\windows.js" for module "C:\\Users\\Daniel\\Documents\\projects\\SyncClassroom\\repos\\ai-editor\\node_modules\\isexe\\windows.js"
MODULE 45160: Module._load REQUEST fs parent: C:\Users\Daniel\Documents\projects\SyncClassroom\repos\ai-editor\node_modules\isexe\windows.js
MODULE 45160: load built-in module fs
MODULE 45160: Module._load REQUEST is-windows parent: C:\Users\Daniel\Documents\projects\SyncClassroom\repos\ai-editor\node_modules\global-prefix\index.js
MODULE 45160: looking for "is-windows" in ["C:\\Users\\Daniel\\Documents\\projects\\SyncClassroom\\repos\\ai-editor\\node_modules\\global-prefix\\node_modules","C:\\Users\\Daniel\\Documents\\projects\\SyncClassroom\\repos\\ai-editor\\node_modules","C:\\Users\\Daniel\\Documents\\projects\\SyncClassroom\\repos\\node_modules","C:\\Users\\Daniel\\Documents\\projects\\SyncClassroom\\node_modules","C:\\Users\\Daniel\\Documents\\projects\\node_modules","C:\\Users\\Daniel\\Documents\\node_modules","C:\\Users\\Daniel\\node_modules","C:\\Users\\node_modules","C:\\node_modules","C:\\Users\\Daniel\\.node_modules","C:\\Users\\Daniel\\.node_libraries","C:\\nvm4w\\nodejs\\lib\\node"]
MODULE 45160: Module._load REQUEST is-windows parent: C:\Users\Daniel\Documents\projects\SyncClassroom\repos\ai-editor\node_modules\global-modules\index.js
MODULE 45160: looking for "is-windows" in ["C:\\Users\\Daniel\\Documents\\projects\\SyncClassroom\\repos\\ai-editor\\node_modules\\global-modules\\node_modules","C:\\Users\\Daniel\\Documents\\projects\\SyncClassroom\\repos\\ai-editor\\node_modules","C:\\Users\\Daniel\\Documents\\projects\\SyncClassroom\\repos\\node_modules","C:\\Users\\Daniel\\Documents\\projects\\SyncClassroom\\node_modules","C:\\Users\\Daniel\\Documents\\projects\\node_modules","C:\\Users\\Daniel\\Documents\\node_modules","C:\\Users\\Daniel\\node_modules","C:\\Users\\node_modules","C:\\node_modules","C:\\Users\\Daniel\\.node_modules","C:\\Users\\Daniel\\.node_libraries","C:\\nvm4w\\nodejs\\lib\\node"]
MODULE 45160: Module._load REQUEST detect-file parent: C:\Users\Daniel\Documents\projects\SyncClassroom\repos\ai-editor\node_modules\liftoff\node_modules\findup-sync\index.js
MODULE 45160: looking for "detect-file" in ["C:\\Users\\Daniel\\Documents\\projects\\SyncClassroom\\repos\\ai-editor\\node_modules\\liftoff\\node_modules\\findup-sync\\node_modules","C:\\Users\\Daniel\\Documents\\projects\\SyncClassroom\\repos\\ai-editor\\node_modules\\liftoff\\node_modules","C:\\Users\\Daniel\\Documents\\projects\\SyncClassroom\\repos\\ai-editor\\node_modules","C:\\Users\\Daniel\\Documents\\projects\\SyncClassroom\\repos\\node_modules","C:\\Users\\Daniel\\Documents\\projects\\SyncClassroom\\node_modules","C:\\Users\\Daniel\\Documents\\projects\\node_modules","C:\\Users\\Daniel\\Documents\\node_modules","C:\\Users\\Daniel\\node_modules","C:\\Users\\node_modules","C:\\node_modules","C:\\Users\\Daniel\\.node_modules","C:\\Users\\Daniel\\.node_libraries","C:\\nvm4w\\nodejs\\lib\\node"]
MODULE 45160: load "C:\\Users\\Daniel\\Documents\\projects\\SyncClassroom\\repos\\ai-editor\\node_modules\\detect-file\\index.js" for module "C:\\Users\\Daniel\\Documents\\projects\\SyncClassroom\\repos\\ai-editor\\node_modules\\detect-file\\index.js"
MODULE 45160: Module._load REQUEST fs parent: C:\Users\Daniel\Documents\projects\SyncClassroom\repos\ai-editor\node_modules\detect-file\index.js
MODULE 45160: load built-in module fs
MODULE 45160: Module._load REQUEST path parent: C:\Users\Daniel\Documents\projects\SyncClassroom\repos\ai-editor\node_modules\detect-file\index.js
MODULE 45160: load built-in module path
MODULE 45160: Module._load REQUEST micromatch parent: C:\Users\Daniel\Documents\projects\SyncClassroom\repos\ai-editor\node_modules\liftoff\node_modules\findup-sync\index.js
MODULE 45160: looking for "micromatch" in ["C:\\Users\\Daniel\\Documents\\projects\\SyncClassroom\\repos\\ai-editor\\node_modules\\liftoff\\node_modules\\findup-sync\\node_modules","C:\\Users\\Daniel\\Documents\\projects\\SyncClassroom\\repos\\ai-editor\\node_modules\\liftoff\\node_modules","C:\\Users\\Daniel\\Documents\\projects\\SyncClassroom\\repos\\ai-editor\\node_modules","C:\\Users\\Daniel\\Documents\\projects\\SyncClassroom\\repos\\node_modules","C:\\Users\\Daniel\\Documents\\projects\\SyncClassroom\\node_modules","C:\\Users\\Daniel\\Documents\\projects\\node_modules","C:\\Users\\Daniel\\Documents\\node_modules","C:\\Users\\Daniel\\node_modules","C:\\Users\\node_modules","C:\\node_modules","C:\\Users\\Daniel\\.node_modules","C:\\Users\\Daniel\\.node_libraries","C:\\nvm4w\\nodejs\\lib\\node"]
MODULE 45160: load "C:\\Users\\Daniel\\Documents\\projects\\SyncClassroom\\repos\\ai-editor\\node_modules\\micromatch\\index.js" for module "C:\\Users\\Daniel\\Documents\\projects\\SyncClassroom\\repos\\ai-editor\\node_modules\\micromatch\\index.js"
MODULE 45160: Module._load REQUEST util parent: C:\Users\Daniel\Documents\projects\SyncClassroom\repos\ai-editor\node_modules\micromatch\index.js
MODULE 45160: load built-in module util
MODULE 45160: Module._load REQUEST braces parent: C:\Users\Daniel\Documents\projects\SyncClassroom\repos\ai-editor\node_modules\micromatch\index.js
MODULE 45160: looking for "braces" in ["C:\\Users\\Daniel\\Documents\\projects\\SyncClassroom\\repos\\ai-editor\\node_modules\\micromatch\\node_modules","C:\\Users\\Daniel\\Documents\\projects\\SyncClassroom\\repos\\ai-editor\\node_modules","C:\\Users\\Daniel\\Documents\\projects\\SyncClassroom\\repos\\node_modules","C:\\Users\\Daniel\\Documents\\projects\\SyncClassroom\\node_modules","C:\\Users\\Daniel\\Documents\\projects\\node_modules","C:\\Users\\Daniel\\Documents\\node_modules","C:\\Users\\Daniel\\node_modules","C:\\Users\\node_modules","C:\\node_modules","C:\\Users\\Daniel\\.node_modules","C:\\Users\\Daniel\\.node_libraries","C:\\nvm4w\\nodejs\\lib\\node"]
MODULE 45160: load "C:\\Users\\Daniel\\Documents\\projects\\SyncClassroom\\repos\\ai-editor\\node_modules\\micromatch\\node_modules\\braces\\index.js" for module "C:\\Users\\Daniel\\Documents\\projects\\SyncClassroom\\repos\\ai-editor\\node_modules\\micromatch\\node_modules\\braces\\index.js"
MODULE 45160: Module._load REQUEST to-regex parent: C:\Users\Daniel\Documents\projects\SyncClassroom\repos\ai-editor\node_modules\micromatch\node_modules\braces\index.js
MODULE 45160: looking for "to-regex" in ["C:\\Users\\Daniel\\Documents\\projects\\SyncClassroom\\repos\\ai-editor\\node_modules\\micromatch\\node_modules\\braces\\node_modules","C:\\Users\\Daniel\\Documents\\projects\\SyncClassroom\\repos\\ai-editor\\node_modules\\micromatch\\node_modules","C:\\Users\\Daniel\\Documents\\projects\\SyncClassroom\\repos\\ai-editor\\node_modules","C:\\Users\\Daniel\\Documents\\projects\\SyncClassroom\\repos\\node_modules","C:\\Users\\Daniel\\Documents\\projects\\SyncClassroom\\node_modules","C:\\Users\\Daniel\\Documents\\projects\\node_modules","C:\\Users\\Daniel\\Documents\\node_modules","C:\\Users\\Daniel\\node_modules","C:\\Users\\node_modules","C:\\node_modules","C:\\Users\\Daniel\\.node_modules","C:\\Users\\Daniel\\.node_libraries","C:\\nvm4w\\nodejs\\lib\\node"]
MODULE 45160: load "C:\\Users\\Daniel\\Documents\\projects\\SyncClassroom\\repos\\ai-editor\\node_modules\\to-regex\\index.js" for module "C:\\Users\\Daniel\\Documents\\projects\\SyncClassroom\\repos\\ai-editor\\node_modules\\to-regex\\index.js"
MODULE 45160: Module._load REQUEST safe-regex parent: C:\Users\Daniel\Documents\projects\SyncClassroom\repos\ai-editor\node_modules\to-regex\index.js
MODULE 45160: looking for "safe-regex" in ["C:\\Users\\Daniel\\Documents\\projects\\SyncClassroom\\repos\\ai-editor\\node_modules\\to-regex\\node_modules","C:\\Users\\Daniel\\Documents\\projects\\SyncClassroom\\repos\\ai-editor\\node_modules","C:\\Users\\Daniel\\Documents\\projects\\SyncClassroom\\repos\\node_modules","C:\\Users\\Daniel\\Documents\\projects\\SyncClassroom\\node_modules","C:\\Users\\Daniel\\Documents\\projects\\node_modules","C:\\Users\\Daniel\\Documents\\node_modules","C:\\Users\\Daniel\\node_modules","C:\\Users\\node_modules","C:\\node_modules","C:\\Users\\Daniel\\.node_modules","C:\\Users\\Daniel\\.node_libraries","C:\\nvm4w\\nodejs\\lib\\node"]
MODULE 45160: load "C:\\Users\\Daniel\\Documents\\projects\\SyncClassroom\\repos\\ai-editor\\node_modules\\safe-regex\\index.js" for module "C:\\Users\\Daniel\\Documents\\projects\\SyncClassroom\\repos\\ai-editor\\node_modules\\safe-regex\\index.js"
MODULE 45160: Module._load REQUEST ret parent: C:\Users\Daniel\Documents\projects\SyncClassroom\repos\ai-editor\node_modules\safe-regex\index.js
MODULE 45160: looking for "ret" in ["C:\\Users\\Daniel\\Documents\\projects\\SyncClassroom\\repos\\ai-editor\\node_modules\\safe-regex\\node_modules","C:\\Users\\Daniel\\Documents\\projects\\SyncClassroom\\repos\\ai-editor\\node_modules","C:\\Users\\Daniel\\Documents\\projects\\SyncClassroom\\repos\\node_modules","C:\\Users\\Daniel\\Documents\\projects\\SyncClassroom\\node_modules","C:\\Users\\Daniel\\Documents\\projects\\node_modules","C:\\Users\\Daniel\\Documents\\node_modules","C:\\Users\\Daniel\\node_modules","C:\\Users\\node_modules","C:\\node_modules","C:\\Users\\Daniel\\.node_modules","C:\\Users\\Daniel\\.node_libraries","C:\\nvm4w\\nodejs\\lib\\node"]
MODULE 45160: load "C:\\Users\\Daniel\\Documents\\projects\\SyncClassroom\\repos\\ai-editor\\node_modules\\safe-regex\\node_modules\\ret\\lib\\index.js" for module "C:\\Users\\Daniel\\Documents\\projects\\SyncClassroom\\repos\\ai-editor\\node_modules\\safe-regex\\node_modules\\ret\\lib\\index.js"
MODULE 45160: Module._load REQUEST ./util parent: C:\Users\Daniel\Documents\projects\SyncClassroom\repos\ai-editor\node_modules\safe-regex\node_modules\ret\lib\index.js
MODULE 45160: RELATIVE: requested: ./util from parent.id C:\Users\Daniel\Documents\projects\SyncClassroom\repos\ai-editor\node_modules\safe-regex\node_modules\ret\lib\index.js
MODULE 45160: looking for ["C:\\Users\\Daniel\\Documents\\projects\\SyncClassroom\\repos\\ai-editor\\node_modules\\safe-regex\\node_modules\\ret\\lib"]
MODULE 45160: load "C:\\Users\\Daniel\\Documents\\projects\\SyncClassroom\\repos\\ai-editor\\node_modules\\safe-regex\\node_modules\\ret\\lib\\util.js" for module "C:\\Users\\Daniel\\Documents\\projects\\SyncClassroom\\repos\\ai-editor\\node_modules\\safe-regex\\node_modules\\ret\\lib\\util.js"
MODULE 45160: Module._load REQUEST ./types parent: C:\Users\Daniel\Documents\projects\SyncClassroom\repos\ai-editor\node_modules\safe-regex\node_modules\ret\lib\util.js
MODULE 45160: RELATIVE: requested: ./types from parent.id C:\Users\Daniel\Documents\projects\SyncClassroom\repos\ai-editor\node_modules\safe-regex\node_modules\ret\lib\util.js
MODULE 45160: looking for ["C:\\Users\\Daniel\\Documents\\projects\\SyncClassroom\\repos\\ai-editor\\node_modules\\safe-regex\\node_modules\\ret\\lib"]
MODULE 45160: load "C:\\Users\\Daniel\\Documents\\projects\\SyncClassroom\\repos\\ai-editor\\node_modules\\safe-regex\\node_modules\\ret\\lib\\types.js" for module "C:\\Users\\Daniel\\Documents\\projects\\SyncClassroom\\repos\\ai-editor\\node_modules\\safe-regex\\node_modules\\ret\\lib\\types.js"
MODULE 45160: Module._load REQUEST ./sets parent: C:\Users\Daniel\Documents\projects\SyncClassroom\repos\ai-editor\node_modules\safe-regex\node_modules\ret\lib\util.js
MODULE 45160: RELATIVE: requested: ./sets from parent.id C:\Users\Daniel\Documents\projects\SyncClassroom\repos\ai-editor\node_modules\safe-regex\node_modules\ret\lib\util.js
MODULE 45160: looking for ["C:\\Users\\Daniel\\Documents\\projects\\SyncClassroom\\repos\\ai-editor\\node_modules\\safe-regex\\node_modules\\ret\\lib"]
MODULE 45160: load "C:\\Users\\Daniel\\Documents\\projects\\SyncClassroom\\repos\\ai-editor\\node_modules\\safe-regex\\node_modules\\ret\\lib\\sets.js" for module "C:\\Users\\Daniel\\Documents\\projects\\SyncClassroom\\repos\\ai-editor\\node_modules\\safe-regex\\node_modules\\ret\\lib\\sets.js"
MODULE 45160: Module._load REQUEST ./types parent: C:\Users\Daniel\Documents\projects\SyncClassroom\repos\ai-editor\node_modules\safe-regex\node_modules\ret\lib\sets.js
MODULE 45160: Module._load REQUEST ./types parent: C:\Users\Daniel\Documents\projects\SyncClassroom\repos\ai-editor\node_modules\safe-regex\node_modules\ret\lib\index.js
MODULE 45160: Module._load REQUEST ./sets parent: C:\Users\Daniel\Documents\projects\SyncClassroom\repos\ai-editor\node_modules\safe-regex\node_modules\ret\lib\index.js
MODULE 45160: Module._load REQUEST ./positions parent: C:\Users\Daniel\Documents\projects\SyncClassroom\repos\ai-editor\node_modules\safe-regex\node_modules\ret\lib\index.js
MODULE 45160: RELATIVE: requested: ./positions from parent.id C:\Users\Daniel\Documents\projects\SyncClassroom\repos\ai-editor\node_modules\safe-regex\node_modules\ret\lib\index.js
MODULE 45160: looking for ["C:\\Users\\Daniel\\Documents\\projects\\SyncClassroom\\repos\\ai-editor\\node_modules\\safe-regex\\node_modules\\ret\\lib"]
MODULE 45160: load "C:\\Users\\Daniel\\Documents\\projects\\SyncClassroom\\repos\\ai-editor\\node_modules\\safe-regex\\node_modules\\ret\\lib\\positions.js" for module "C:\\Users\\Daniel\\Documents\\projects\\SyncClassroom\\repos\\ai-editor\\node_modules\\safe-regex\\node_modules\\ret\\lib\\positions.js"
MODULE 45160: Module._load REQUEST ./types parent: C:\Users\Daniel\Documents\projects\SyncClassroom\repos\ai-editor\node_modules\safe-regex\node_modules\ret\lib\positions.js
MODULE 45160: Module._load REQUEST define-property parent: C:\Users\Daniel\Documents\projects\SyncClassroom\repos\ai-editor\node_modules\to-regex\index.js
MODULE 45160: looking for "define-property" in ["C:\\Users\\Daniel\\Documents\\projects\\SyncClassroom\\repos\\ai-editor\\node_modules\\to-regex\\node_modules","C:\\Users\\Daniel\\Documents\\projects\\SyncClassroom\\repos\\ai-editor\\node_modules","C:\\Users\\Daniel\\Documents\\projects\\SyncClassroom\\repos\\node_modules","C:\\Users\\Daniel\\Documents\\projects\\SyncClassroom\\node_modules","C:\\Users\\Daniel\\Documents\\projects\\node_modules","C:\\Users\\Daniel\\Documents\\node_modules","C:\\Users\\Daniel\\node_modules","C:\\Users\\node_modules","C:\\node_modules","C:\\Users\\Daniel\\.node_modules","C:\\Users\\Daniel\\.node_libraries","C:\\nvm4w\\nodejs\\lib\\node"]
MODULE 45160: load "C:\\Users\\Daniel\\Documents\\projects\\SyncClassroom\\repos\\ai-editor\\node_modules\\to-regex\\node_modules\\define-property\\index.js" for module "C:\\Users\\Daniel\\Documents\\projects\\SyncClassroom\\repos\\ai-editor\\node_modules\\to-regex\\node_modules\\define-property\\index.js"
MODULE 45160: Module._load REQUEST isobject parent: C:\Users\Daniel\Documents\projects\SyncClassroom\repos\ai-editor\node_modules\to-regex\node_modules\define-property\index.js
MODULE 45160: looking for "isobject" in ["C:\\Users\\Daniel\\Documents\\projects\\SyncClassroom\\repos\\ai-editor\\node_modules\\to-regex\\node_modules\\define-property\\node_modules","C:\\Users\\Daniel\\Documents\\projects\\SyncClassroom\\repos\\ai-editor\\node_modules\\to-regex\\node_modules","C:\\Users\\Daniel\\Documents\\projects\\SyncClassroom\\repos\\ai-editor\\node_modules","C:\\Users\\Daniel\\Documents\\projects\\SyncClassroom\\repos\\node_modules","C:\\Users\\Daniel\\Documents\\projects\\SyncClassroom\\node_modules","C:\\Users\\Daniel\\Documents\\projects\\node_modules","C:\\Users\\Daniel\\Documents\\node_modules","C:\\Users\\Daniel\\node_modules","C:\\Users\\node_modules","C:\\node_modules","C:\\Users\\Daniel\\.node_modules","C:\\Users\\Daniel\\.node_libraries","C:\\nvm4w\\nodejs\\lib\\node"]
MODULE 45160: Module._load REQUEST is-descriptor parent: C:\Users\Daniel\Documents\projects\SyncClassroom\repos\ai-editor\node_modules\to-regex\node_modules\define-property\index.js
MODULE 45160: looking for "is-descriptor" in ["C:\\Users\\Daniel\\Documents\\projects\\SyncClassroom\\repos\\ai-editor\\node_modules\\to-regex\\node_modules\\define-property\\node_modules","C:\\Users\\Daniel\\Documents\\projects\\SyncClassroom\\repos\\ai-editor\\node_modules\\to-regex\\node_modules","C:\\Users\\Daniel\\Documents\\projects\\SyncClassroom\\repos\\ai-editor\\node_modules","C:\\Users\\Daniel\\Documents\\projects\\SyncClassroom\\repos\\node_modules","C:\\Users\\Daniel\\Documents\\projects\\SyncClassroom\\node_modules","C:\\Users\\Daniel\\Documents\\projects\\node_modules","C:\\Users\\Daniel\\Documents\\node_modules","C:\\Users\\Daniel\\node_modules","C:\\Users\\node_modules","C:\\node_modules","C:\\Users\\Daniel\\.node_modules","C:\\Users\\Daniel\\.node_libraries","C:\\nvm4w\\nodejs\\lib\\node"]
MODULE 45160: load "C:\\Users\\Daniel\\Documents\\projects\\SyncClassroom\\repos\\ai-editor\\node_modules\\is-descriptor\\index.js" for module "C:\\Users\\Daniel\\Documents\\projects\\SyncClassroom\\repos\\ai-editor\\node_modules\\is-descriptor\\index.js"
MODULE 45160: Module._load REQUEST is-accessor-descriptor parent: C:\Users\Daniel\Documents\projects\SyncClassroom\repos\ai-editor\node_modules\is-descriptor\index.js
MODULE 45160: looking for "is-accessor-descriptor" in ["C:\\Users\\Daniel\\Documents\\projects\\SyncClassroom\\repos\\ai-editor\\node_modules\\is-descriptor\\node_modules","C:\\Users\\Daniel\\Documents\\projects\\SyncClassroom\\repos\\ai-editor\\node_modules","C:\\Users\\Daniel\\Documents\\projects\\SyncClassroom\\repos\\node_modules","C:\\Users\\Daniel\\Documents\\projects\\SyncClassroom\\node_modules","C:\\Users\\Daniel\\Documents\\projects\\node_modules","C:\\Users\\Daniel\\Documents\\node_modules","C:\\Users\\Daniel\\node_modules","C:\\Users\\node_modules","C:\\node_modules","C:\\Users\\Daniel\\.node_modules","C:\\Users\\Daniel\\.node_libraries","C:\\nvm4w\\nodejs\\lib\\node"]
MODULE 45160: load "C:\\Users\\Daniel\\Documents\\projects\\SyncClassroom\\repos\\ai-editor\\node_modules\\is-accessor-descriptor\\index.js" for module "C:\\Users\\Daniel\\Documents\\projects\\SyncClassroom\\repos\\ai-editor\\node_modules\\is-accessor-descriptor\\index.js"
MODULE 45160: Module._load REQUEST hasown parent: C:\Users\Daniel\Documents\projects\SyncClassroom\repos\ai-editor\node_modules\is-accessor-descriptor\index.js
MODULE 45160: looking for "hasown" in ["C:\\Users\\Daniel\\Documents\\projects\\SyncClassroom\\repos\\ai-editor\\node_modules\\is-accessor-descriptor\\node_modules","C:\\Users\\Daniel\\Documents\\projects\\SyncClassroom\\repos\\ai-editor\\node_modules","C:\\Users\\Daniel\\Documents\\projects\\SyncClassroom\\repos\\node_modules","C:\\Users\\Daniel\\Documents\\projects\\SyncClassroom\\node_modules","C:\\Users\\Daniel\\Documents\\projects\\node_modules","C:\\Users\\Daniel\\Documents\\node_modules","C:\\Users\\Daniel\\node_modules","C:\\Users\\node_modules","C:\\node_modules","C:\\Users\\Daniel\\.node_modules","C:\\Users\\Daniel\\.node_libraries","C:\\nvm4w\\nodejs\\lib\\node"]
MODULE 45160: Module._load REQUEST is-data-descriptor parent: C:\Users\Daniel\Documents\projects\SyncClassroom\repos\ai-editor\node_modules\is-descriptor\index.js
MODULE 45160: looking for "is-data-descriptor" in ["C:\\Users\\Daniel\\Documents\\projects\\SyncClassroom\\repos\\ai-editor\\node_modules\\is-descriptor\\node_modules","C:\\Users\\Daniel\\Documents\\projects\\SyncClassroom\\repos\\ai-editor\\node_modules","C:\\Users\\Daniel\\Documents\\projects\\SyncClassroom\\repos\\node_modules","C:\\Users\\Daniel\\Documents\\projects\\SyncClassroom\\node_modules","C:\\Users\\Daniel\\Documents\\projects\\node_modules","C:\\Users\\Daniel\\Documents\\node_modules","C:\\Users\\Daniel\\node_modules","C:\\Users\\node_modules","C:\\node_modules","C:\\Users\\Daniel\\.node_modules","C:\\Users\\Daniel\\.node_libraries","C:\\nvm4w\\nodejs\\lib\\node"]
MODULE 45160: load "C:\\Users\\Daniel\\Documents\\projects\\SyncClassroom\\repos\\ai-editor\\node_modules\\is-data-descriptor\\index.js" for module "C:\\Users\\Daniel\\Documents\\projects\\SyncClassroom\\repos\\ai-editor\\node_modules\\is-data-descriptor\\index.js"
MODULE 45160: Module._load REQUEST hasown parent: C:\Users\Daniel\Documents\projects\SyncClassroom\repos\ai-editor\node_modules\is-data-descriptor\index.js
MODULE 45160: looking for "hasown" in ["C:\\Users\\Daniel\\Documents\\projects\\SyncClassroom\\repos\\ai-editor\\node_modules\\is-data-descriptor\\node_modules","C:\\Users\\Daniel\\Documents\\projects\\SyncClassroom\\repos\\ai-editor\\node_modules","C:\\Users\\Daniel\\Documents\\projects\\SyncClassroom\\repos\\node_modules","C:\\Users\\Daniel\\Documents\\projects\\SyncClassroom\\node_modules","C:\\Users\\Daniel\\Documents\\projects\\node_modules","C:\\Users\\Daniel\\Documents\\node_modules","C:\\Users\\Daniel\\node_modules","C:\\Users\\node_modules","C:\\node_modules","C:\\Users\\Daniel\\.node_modules","C:\\Users\\Daniel\\.node_libraries","C:\\nvm4w\\nodejs\\lib\\node"]
MODULE 45160: Module._load REQUEST extend-shallow parent: C:\Users\Daniel\Documents\projects\SyncClassroom\repos\ai-editor\node_modules\to-regex\index.js
MODULE 45160: looking for "extend-shallow" in ["C:\\Users\\Daniel\\Documents\\projects\\SyncClassroom\\repos\\ai-editor\\node_modules\\to-regex\\node_modules","C:\\Users\\Daniel\\Documents\\projects\\SyncClassroom\\repos\\ai-editor\\node_modules","C:\\Users\\Daniel\\Documents\\projects\\SyncClassroom\\repos\\node_modules","C:\\Users\\Daniel\\Documents\\projects\\SyncClassroom\\node_modules","C:\\Users\\Daniel\\Documents\\projects\\node_modules","C:\\Users\\Daniel\\Documents\\node_modules","C:\\Users\\Daniel\\node_modules","C:\\Users\\node_modules","C:\\node_modules","C:\\Users\\Daniel\\.node_modules","C:\\Users\\Daniel\\.node_libraries","C:\\nvm4w\\nodejs\\lib\\node"]
MODULE 45160: load "C:\\Users\\Daniel\\Documents\\projects\\SyncClassroom\\repos\\ai-editor\\node_modules\\extend-shallow\\index.js" for module "C:\\Users\\Daniel\\Documents\\projects\\SyncClassroom\\repos\\ai-editor\\node_modules\\extend-shallow\\index.js"
MODULE 45160: Module._load REQUEST is-extendable parent: C:\Users\Daniel\Documents\projects\SyncClassroom\repos\ai-editor\node_modules\extend-shallow\index.js
MODULE 45160: looking for "is-extendable" in ["C:\\Users\\Daniel\\Documents\\projects\\SyncClassroom\\repos\\ai-editor\\node_modules\\extend-shallow\\node_modules","C:\\Users\\Daniel\\Documents\\projects\\SyncClassroom\\repos\\ai-editor\\node_modules","C:\\Users\\Daniel\\Documents\\projects\\SyncClassroom\\repos\\node_modules","C:\\Users\\Daniel\\Documents\\projects\\SyncClassroom\\node_modules","C:\\Users\\Daniel\\Documents\\projects\\node_modules","C:\\Users\\Daniel\\Documents\\node_modules","C:\\Users\\Daniel\\node_modules","C:\\Users\\node_modules","C:\\node_modules","C:\\Users\\Daniel\\.node_modules","C:\\Users\\Daniel\\.node_libraries","C:\\nvm4w\\nodejs\\lib\\node"]
MODULE 45160: load "C:\\Users\\Daniel\\Documents\\projects\\SyncClassroom\\repos\\ai-editor\\node_modules\\extend-shallow\\node_modules\\is-extendable\\index.js" for module "C:\\Users\\Daniel\\Documents\\projects\\SyncClassroom\\repos\\ai-editor\\node_modules\\extend-shallow\\node_modules\\is-extendable\\index.js"
MODULE 45160: Module._load REQUEST is-plain-object parent: C:\Users\Daniel\Documents\projects\SyncClassroom\repos\ai-editor\node_modules\extend-shallow\node_modules\is-extendable\index.js
MODULE 45160: looking for "is-plain-object" in ["C:\\Users\\Daniel\\Documents\\projects\\SyncClassroom\\repos\\ai-editor\\node_modules\\extend-shallow\\node_modules\\is-extendable\\node_modules","C:\\Users\\Daniel\\Documents\\projects\\SyncClassroom\\repos\\ai-editor\\node_modules\\extend-shallow\\node_modules","C:\\Users\\Daniel\\Documents\\projects\\SyncClassroom\\repos\\ai-editor\\node_modules","C:\\Users\\Daniel\\Documents\\projects\\SyncClassroom\\repos\\node_modules","C:\\Users\\Daniel\\Documents\\projects\\SyncClassroom\\node_modules","C:\\Users\\Daniel\\Documents\\projects\\node_modules","C:\\Users\\Daniel\\Documents\\node_modules","C:\\Users\\Daniel\\node_modules","C:\\Users\\node_modules","C:\\node_modules","C:\\Users\\Daniel\\.node_modules","C:\\Users\\Daniel\\.node_libraries","C:\\nvm4w\\nodejs\\lib\\node"]
MODULE 45160: Module._load REQUEST assign-symbols parent: C:\Users\Daniel\Documents\projects\SyncClassroom\repos\ai-editor\node_modules\extend-shallow\index.js
MODULE 45160: looking for "assign-symbols" in ["C:\\Users\\Daniel\\Documents\\projects\\SyncClassroom\\repos\\ai-editor\\node_modules\\extend-shallow\\node_modules","C:\\Users\\Daniel\\Documents\\projects\\SyncClassroom\\repos\\ai-editor\\node_modules","C:\\Users\\Daniel\\Documents\\projects\\SyncClassroom\\repos\\node_modules","C:\\Users\\Daniel\\Documents\\projects\\SyncClassroom\\node_modules","C:\\Users\\Daniel\\Documents\\projects\\node_modules","C:\\Users\\Daniel\\Documents\\node_modules","C:\\Users\\Daniel\\node_modules","C:\\Users\\node_modules","C:\\node_modules","C:\\Users\\Daniel\\.node_modules","C:\\Users\\Daniel\\.node_libraries","C:\\nvm4w\\nodejs\\lib\\node"]
MODULE 45160: load "C:\\Users\\Daniel\\Documents\\projects\\SyncClassroom\\repos\\ai-editor\\node_modules\\assign-symbols\\index.js" for module "C:\\Users\\Daniel\\Documents\\projects\\SyncClassroom\\repos\\ai-editor\\node_modules\\assign-symbols\\index.js"
MODULE 45160: Module._load REQUEST regex-not parent: C:\Users\Daniel\Documents\projects\SyncClassroom\repos\ai-editor\node_modules\to-regex\index.js
MODULE 45160: looking for "regex-not" in ["C:\\Users\\Daniel\\Documents\\projects\\SyncClassroom\\repos\\ai-editor\\node_modules\\to-regex\\node_modules","C:\\Users\\Daniel\\Documents\\projects\\SyncClassroom\\repos\\ai-editor\\node_modules","C:\\Users\\Daniel\\Documents\\projects\\SyncClassroom\\repos\\node_modules","C:\\Users\\Daniel\\Documents\\projects\\SyncClassroom\\node_modules","C:\\Users\\Daniel\\Documents\\projects\\node_modules","C:\\Users\\Daniel\\Documents\\node_modules","C:\\Users\\Daniel\\node_modules","C:\\Users\\node_modules","C:\\node_modules","C:\\Users\\Daniel\\.node_modules","C:\\Users\\Daniel\\.node_libraries","C:\\nvm4w\\nodejs\\lib\\node"]
MODULE 45160: load "C:\\Users\\Daniel\\Documents\\projects\\SyncClassroom\\repos\\ai-editor\\node_modules\\regex-not\\index.js" for module "C:\\Users\\Daniel\\Documents\\projects\\SyncClassroom\\repos\\ai-editor\\node_modules\\regex-not\\index.js"
MODULE 45160: Module._load REQUEST extend-shallow parent: C:\Users\Daniel\Documents\projects\SyncClassroom\repos\ai-editor\node_modules\regex-not\index.js
MODULE 45160: looking for "extend-shallow" in ["C:\\Users\\Daniel\\Documents\\projects\\SyncClassroom\\repos\\ai-editor\\node_modules\\regex-not\\node_modules","C:\\Users\\Daniel\\Documents\\projects\\SyncClassroom\\repos\\ai-editor\\node_modules","C:\\Users\\Daniel\\Documents\\projects\\SyncClassroom\\repos\\node_modules","C:\\Users\\Daniel\\Documents\\projects\\SyncClassroom\\node_modules","C:\\Users\\Daniel\\Documents\\projects\\node_modules","C:\\Users\\Daniel\\Documents\\node_modules","C:\\Users\\Daniel\\node_modules","C:\\Users\\node_modules","C:\\node_modules","C:\\Users\\Daniel\\.node_modules","C:\\Users\\Daniel\\.node_libraries","C:\\nvm4w\\nodejs\\lib\\node"]
MODULE 45160: Module._load REQUEST safe-regex parent: C:\Users\Daniel\Documents\projects\SyncClassroom\repos\ai-editor\node_modules\regex-not\index.js
MODULE 45160: looking for "safe-regex" in ["C:\\Users\\Daniel\\Documents\\projects\\SyncClassroom\\repos\\ai-editor\\node_modules\\regex-not\\node_modules","C:\\Users\\Daniel\\Documents\\projects\\SyncClassroom\\repos\\ai-editor\\node_modules","C:\\Users\\Daniel\\Documents\\projects\\SyncClassroom\\repos\\node_modules","C:\\Users\\Daniel\\Documents\\projects\\SyncClassroom\\node_modules","C:\\Users\\Daniel\\Documents\\projects\\node_modules","C:\\Users\\Daniel\\Documents\\node_modules","C:\\Users\\Daniel\\node_modules","C:\\Users\\node_modules","C:\\node_modules","C:\\Users\\Daniel\\.node_modules","C:\\Users\\Daniel\\.node_libraries","C:\\nvm4w\\nodejs\\lib\\node"]
MODULE 45160: Module._load REQUEST array-unique parent: C:\Users\Daniel\Documents\projects\SyncClassroom\repos\ai-editor\node_modules\micromatch\node_modules\braces\index.js
MODULE 45160: looking for "array-unique" in ["C:\\Users\\Daniel\\Documents\\projects\\SyncClassroom\\repos\\ai-editor\\node_modules\\micromatch\\node_modules\\braces\\node_modules","C:\\Users\\Daniel\\Documents\\projects\\SyncClassroom\\repos\\ai-editor\\node_modules\\micromatch\\node_modules","C:\\Users\\Daniel\\Documents\\projects\\SyncClassroom\\repos\\ai-editor\\node_modules","C:\\Users\\Daniel\\Documents\\projects\\SyncClassroom\\repos\\node_modules","C:\\Users\\Daniel\\Documents\\projects\\SyncClassroom\\node_modules","C:\\Users\\Daniel\\Documents\\projects\\node_modules","C:\\Users\\Daniel\\Documents\\node_modules","C:\\Users\\Daniel\\node_modules","C:\\Users\\node_modules","C:\\node_modules","C:\\Users\\Daniel\\.node_modules","C:\\Users\\Daniel\\.node_libraries","C:\\nvm4w\\nodejs\\lib\\node"]
MODULE 45160: load "C:\\Users\\Daniel\\Documents\\projects\\SyncClassroom\\repos\\ai-editor\\node_modules\\array-unique\\index.js" for module "C:\\Users\\Daniel\\Documents\\projects\\SyncClassroom\\repos\\ai-editor\\node_modules\\array-unique\\index.js"
MODULE 45160: Module._load REQUEST extend-shallow parent: C:\Users\Daniel\Documents\projects\SyncClassroom\repos\ai-editor\node_modules\micromatch\node_modules\braces\index.js
MODULE 45160: looking for "extend-shallow" in ["C:\\Users\\Daniel\\Documents\\projects\\SyncClassroom\\repos\\ai-editor\\node_modules\\micromatch\\node_modules\\braces\\node_modules","C:\\Users\\Daniel\\Documents\\projects\\SyncClassroom\\repos\\ai-editor\\node_modules\\micromatch\\node_modules","C:\\Users\\Daniel\\Documents\\projects\\SyncClassroom\\repos\\ai-editor\\node_modules","C:\\Users\\Daniel\\Documents\\projects\\SyncClassroom\\repos\\node_modules","C:\\Users\\Daniel\\Documents\\projects\\SyncClassroom\\node_modules","C:\\Users\\Daniel\\Documents\\projects\\node_modules","C:\\Users\\Daniel\\Documents\\node_modules","C:\\Users\\Daniel\\node_modules","C:\\Users\\node_modules","C:\\node_modules","C:\\Users\\Daniel\\.node_modules","C:\\Users\\Daniel\\.node_libraries","C:\\nvm4w\\nodejs\\lib\\node"]
MODULE 45160: load "C:\\Users\\Daniel\\Documents\\projects\\SyncClassroom\\repos\\ai-editor\\node_modules\\micromatch\\node_modules\\braces\\node_modules\\extend-shallow\\index.js" for module "C:\\Users\\Daniel\\Documents\\projects\\SyncClassroom\\repos\\ai-editor\\node_modules\\micromatch\\node_modules\\braces\\node_modules\\extend-shallow\\index.js"
MODULE 45160: Module._load REQUEST is-extendable parent: C:\Users\Daniel\Documents\projects\SyncClassroom\repos\ai-editor\node_modules\micromatch\node_modules\braces\node_modules\extend-shallow\index.js
MODULE 45160: looking for "is-extendable" in ["C:\\Users\\Daniel\\Documents\\projects\\SyncClassroom\\repos\\ai-editor\\node_modules\\micromatch\\node_modules\\braces\\node_modules\\extend-shallow\\node_modules","C:\\Users\\Daniel\\Documents\\projects\\SyncClassroom\\repos\\ai-editor\\node_modules\\micromatch\\node_modules\\braces\\node_modules","C:\\Users\\Daniel\\Documents\\projects\\SyncClassroom\\repos\\ai-editor\\node_modules\\micromatch\\node_modules","C:\\Users\\Daniel\\Documents\\projects\\SyncClassroom\\repos\\ai-editor\\node_modules","C:\\Users\\Daniel\\Documents\\projects\\SyncClassroom\\repos\\node_modules","C:\\Users\\Daniel\\Documents\\projects\\SyncClassroom\\node_modules","C:\\Users\\Daniel\\Documents\\projects\\node_modules","C:\\Users\\Daniel\\Documents\\node_modules","C:\\Users\\Daniel\\node_modules","C:\\Users\\node_modules","C:\\node_modules","C:\\Users\\Daniel\\.node_modules","C:\\Users\\Daniel\\.node_libraries","C:\\nvm4w\\nodejs\\lib\\node"]
MODULE 45160: load "C:\\Users\\Daniel\\Documents\\projects\\SyncClassroom\\repos\\ai-editor\\node_modules\\is-extendable\\index.js" for module "C:\\Users\\Daniel\\Documents\\projects\\SyncClassroom\\repos\\ai-editor\\node_modules\\is-extendable\\index.js"
MODULE 45160: Module._load REQUEST ./lib/compilers parent: C:\Users\Daniel\Documents\projects\SyncClassroom\repos\ai-editor\node_modules\micromatch\node_modules\braces\index.js
MODULE 45160: RELATIVE: requested: ./lib/compilers from parent.id C:\Users\Daniel\Documents\projects\SyncClassroom\repos\ai-editor\node_modules\micromatch\node_modules\braces\index.js
MODULE 45160: looking for ["C:\\Users\\Daniel\\Documents\\projects\\SyncClassroom\\repos\\ai-editor\\node_modules\\micromatch\\node_modules\\braces"]
MODULE 45160: load "C:\\Users\\Daniel\\Documents\\projects\\SyncClassroom\\repos\\ai-editor\\node_modules\\micromatch\\node_modules\\braces\\lib\\compilers.js" for module "C:\\Users\\Daniel\\Documents\\projects\\SyncClassroom\\repos\\ai-editor\\node_modules\\micromatch\\node_modules\\braces\\lib\\compilers.js"
MODULE 45160: Module._load REQUEST ./utils parent: C:\Users\Daniel\Documents\projects\SyncClassroom\repos\ai-editor\node_modules\micromatch\node_modules\braces\lib\compilers.js
MODULE 45160: RELATIVE: requested: ./utils from parent.id C:\Users\Daniel\Documents\projects\SyncClassroom\repos\ai-editor\node_modules\micromatch\node_modules\braces\lib\compilers.js
MODULE 45160: looking for ["C:\\Users\\Daniel\\Documents\\projects\\SyncClassroom\\repos\\ai-editor\\node_modules\\micromatch\\node_modules\\braces\\lib"]
MODULE 45160: load "C:\\Users\\Daniel\\Documents\\projects\\SyncClassroom\\repos\\ai-editor\\node_modules\\micromatch\\node_modules\\braces\\lib\\utils.js" for module "C:\\Users\\Daniel\\Documents\\projects\\SyncClassroom\\repos\\ai-editor\\node_modules\\micromatch\\node_modules\\braces\\lib\\utils.js"
MODULE 45160: Module._load REQUEST split-string parent: C:\Users\Daniel\Documents\projects\SyncClassroom\repos\ai-editor\node_modules\micromatch\node_modules\braces\lib\utils.js
MODULE 45160: looking for "split-string" in ["C:\\Users\\Daniel\\Documents\\projects\\SyncClassroom\\repos\\ai-editor\\node_modules\\micromatch\\node_modules\\braces\\lib\\node_modules","C:\\Users\\Daniel\\Documents\\projects\\SyncClassroom\\repos\\ai-editor\\node_modules\\micromatch\\node_modules\\braces\\node_modules","C:\\Users\\Daniel\\Documents\\projects\\SyncClassroom\\repos\\ai-editor\\node_modules\\micromatch\\node_modules","C:\\Users\\Daniel\\Documents\\projects\\SyncClassroom\\repos\\ai-editor\\node_modules","C:\\Users\\Daniel\\Documents\\projects\\SyncClassroom\\repos\\node_modules","C:\\Users\\Daniel\\Documents\\projects\\SyncClassroom\\node_modules","C:\\Users\\Daniel\\Documents\\projects\\node_modules","C:\\Users\\Daniel\\Documents\\node_modules","C:\\Users\\Daniel\\node_modules","C:\\Users\\node_modules","C:\\node_modules","C:\\Users\\Daniel\\.node_modules","C:\\Users\\Daniel\\.node_libraries","C:\\nvm4w\\nodejs\\lib\\node"]
MODULE 45160: load "C:\\Users\\Daniel\\Documents\\projects\\SyncClassroom\\repos\\ai-editor\\node_modules\\split-string\\index.js" for module "C:\\Users\\Daniel\\Documents\\projects\\SyncClassroom\\repos\\ai-editor\\node_modules\\split-string\\index.js"
MODULE 45160: Module._load REQUEST extend-shallow parent: C:\Users\Daniel\Documents\projects\SyncClassroom\repos\ai-editor\node_modules\split-string\index.js
MODULE 45160: looking for "extend-shallow" in ["C:\\Users\\Daniel\\Documents\\projects\\SyncClassroom\\repos\\ai-editor\\node_modules\\split-string\\node_modules","C:\\Users\\Daniel\\Documents\\projects\\SyncClassroom\\repos\\ai-editor\\node_modules","C:\\Users\\Daniel\\Documents\\projects\\SyncClassroom\\repos\\node_modules","C:\\Users\\Daniel\\Documents\\projects\\SyncClassroom\\node_modules","C:\\Users\\Daniel\\Documents\\projects\\node_modules","C:\\Users\\Daniel\\Documents\\node_modules","C:\\Users\\Daniel\\node_modules","C:\\Users\\node_modules","C:\\node_modules","C:\\Users\\Daniel\\.node_modules","C:\\Users\\Daniel\\.node_libraries","C:\\nvm4w\\nodejs\\lib\\node"]
MODULE 45160: Module._load REQUEST extend-shallow parent: C:\Users\Daniel\Documents\projects\SyncClassroom\repos\ai-editor\node_modules\micromatch\node_modules\braces\lib\utils.js
MODULE 45160: looking for "extend-shallow" in ["C:\\Users\\Daniel\\Documents\\projects\\SyncClassroom\\repos\\ai-editor\\node_modules\\micromatch\\node_modules\\braces\\lib\\node_modules","C:\\Users\\Daniel\\Documents\\projects\\SyncClassroom\\repos\\ai-editor\\node_modules\\micromatch\\node_modules\\braces\\node_modules","C:\\Users\\Daniel\\Documents\\projects\\SyncClassroom\\repos\\ai-editor\\node_modules\\micromatch\\node_modules","C:\\Users\\Daniel\\Documents\\projects\\SyncClassroom\\repos\\ai-editor\\node_modules","C:\\Users\\Daniel\\Documents\\projects\\SyncClassroom\\repos\\node_modules","C:\\Users\\Daniel\\Documents\\projects\\SyncClassroom\\node_modules","C:\\Users\\Daniel\\Documents\\projects\\node_modules","C:\\Users\\Daniel\\Documents\\node_modules","C:\\Users\\Daniel\\node_modules","C:\\Users\\node_modules","C:\\node_modules","C:\\Users\\Daniel\\.node_modules","C:\\Users\\Daniel\\.node_libraries","C:\\nvm4w\\nodejs\\lib\\node"]
MODULE 45160: Module._load REQUEST arr-flatten parent: C:\Users\Daniel\Documents\projects\SyncClassroom\repos\ai-editor\node_modules\micromatch\node_modules\braces\lib\utils.js
MODULE 45160: looking for "arr-flatten" in ["C:\\Users\\Daniel\\Documents\\projects\\SyncClassroom\\repos\\ai-editor\\node_modules\\micromatch\\node_modules\\braces\\lib\\node_modules","C:\\Users\\Daniel\\Documents\\projects\\SyncClassroom\\repos\\ai-editor\\node_modules\\micromatch\\node_modules\\braces\\node_modules","C:\\Users\\Daniel\\Documents\\projects\\SyncClassroom\\repos\\ai-editor\\node_modules\\micromatch\\node_modules","C:\\Users\\Daniel\\Documents\\projects\\SyncClassroom\\repos\\ai-editor\\node_modules","C:\\Users\\Daniel\\Documents\\projects\\SyncClassroom\\repos\\node_modules","C:\\Users\\Daniel\\Documents\\projects\\SyncClassroom\\node_modules","C:\\Users\\Daniel\\Documents\\projects\\node_modules","C:\\Users\\Daniel\\Documents\\node_modules","C:\\Users\\Daniel\\node_modules","C:\\Users\\node_modules","C:\\node_modules","C:\\Users\\Daniel\\.node_modules","C:\\Users\\Daniel\\.node_libraries","C:\\nvm4w\\nodejs\\lib\\node"]
MODULE 45160: load "C:\\Users\\Daniel\\Documents\\projects\\SyncClassroom\\repos\\ai-editor\\node_modules\\arr-flatten\\index.js" for module "C:\\Users\\Daniel\\Documents\\projects\\SyncClassroom\\repos\\ai-editor\\node_modules\\arr-flatten\\index.js"
MODULE 45160: Module._load REQUEST isobject parent: C:\Users\Daniel\Documents\projects\SyncClassroom\repos\ai-editor\node_modules\micromatch\node_modules\braces\lib\utils.js
MODULE 45160: looking for "isobject" in ["C:\\Users\\Daniel\\Documents\\projects\\SyncClassroom\\repos\\ai-editor\\node_modules\\micromatch\\node_modules\\braces\\lib\\node_modules","C:\\Users\\Daniel\\Documents\\projects\\SyncClassroom\\repos\\ai-editor\\node_modules\\micromatch\\node_modules\\braces\\node_modules","C:\\Users\\Daniel\\Documents\\projects\\SyncClassroom\\repos\\ai-editor\\node_modules\\micromatch\\node_modules","C:\\Users\\Daniel\\Documents\\projects\\SyncClassroom\\repos\\ai-editor\\node_modules","C:\\Users\\Daniel\\Documents\\projects\\SyncClassroom\\repos\\node_modules","C:\\Users\\Daniel\\Documents\\projects\\SyncClassroom\\node_modules","C:\\Users\\Daniel\\Documents\\projects\\node_modules","C:\\Users\\Daniel\\Documents\\node_modules","C:\\Users\\Daniel\\node_modules","C:\\Users\\node_modules","C:\\node_modules","C:\\Users\\Daniel\\.node_modules","C:\\Users\\Daniel\\.node_libraries","C:\\nvm4w\\nodejs\\lib\\node"]
MODULE 45160: Module._load REQUEST fill-range parent: C:\Users\Daniel\Documents\projects\SyncClassroom\repos\ai-editor\node_modules\micromatch\node_modules\braces\lib\utils.js
MODULE 45160: looking for "fill-range" in ["C:\\Users\\Daniel\\Documents\\projects\\SyncClassroom\\repos\\ai-editor\\node_modules\\micromatch\\node_modules\\braces\\lib\\node_modules","C:\\Users\\Daniel\\Documents\\projects\\SyncClassroom\\repos\\ai-editor\\node_modules\\micromatch\\node_modules\\braces\\node_modules","C:\\Users\\Daniel\\Documents\\projects\\SyncClassroom\\repos\\ai-editor\\node_modules\\micromatch\\node_modules","C:\\Users\\Daniel\\Documents\\projects\\SyncClassroom\\repos\\ai-editor\\node_modules","C:\\Users\\Daniel\\Documents\\projects\\SyncClassroom\\repos\\node_modules","C:\\Users\\Daniel\\Documents\\projects\\SyncClassroom\\node_modules","C:\\Users\\Daniel\\Documents\\projects\\node_modules","C:\\Users\\Daniel\\Documents\\node_modules","C:\\Users\\Daniel\\node_modules","C:\\Users\\node_modules","C:\\node_modules","C:\\Users\\Daniel\\.node_modules","C:\\Users\\Daniel\\.node_libraries","C:\\nvm4w\\nodejs\\lib\\node"]
MODULE 45160: load "C:\\Users\\Daniel\\Documents\\projects\\SyncClassroom\\repos\\ai-editor\\node_modules\\micromatch\\node_modules\\fill-range\\index.js" for module "C:\\Users\\Daniel\\Documents\\projects\\SyncClassroom\\repos\\ai-editor\\node_modules\\micromatch\\node_modules\\fill-range\\index.js"
MODULE 45160: Module._load REQUEST util parent: C:\Users\Daniel\Documents\projects\SyncClassroom\repos\ai-editor\node_modules\micromatch\node_modules\fill-range\index.js
MODULE 45160: load built-in module util
MODULE 45160: Module._load REQUEST is-number parent: C:\Users\Daniel\Documents\projects\SyncClassroom\repos\ai-editor\node_modules\micromatch\node_modules\fill-range\index.js
MODULE 45160: looking for "is-number" in ["C:\\Users\\Daniel\\Documents\\projects\\SyncClassroom\\repos\\ai-editor\\node_modules\\micromatch\\node_modules\\fill-range\\node_modules","C:\\Users\\Daniel\\Documents\\projects\\SyncClassroom\\repos\\ai-editor\\node_modules\\micromatch\\node_modules","C:\\Users\\Daniel\\Documents\\projects\\SyncClassroom\\repos\\ai-editor\\node_modules","C:\\Users\\Daniel\\Documents\\projects\\SyncClassroom\\repos\\node_modules","C:\\Users\\Daniel\\Documents\\projects\\SyncClassroom\\node_modules","C:\\Users\\Daniel\\Documents\\projects\\node_modules","C:\\Users\\Daniel\\Documents\\node_modules","C:\\Users\\Daniel\\node_modules","C:\\Users\\node_modules","C:\\node_modules","C:\\Users\\Daniel\\.node_modules","C:\\Users\\Daniel\\.node_libraries","C:\\nvm4w\\nodejs\\lib\\node"]
MODULE 45160: load "C:\\Users\\Daniel\\Documents\\projects\\SyncClassroom\\repos\\ai-editor\\node_modules\\is-number\\index.js" for module "C:\\Users\\Daniel\\Documents\\projects\\SyncClassroom\\repos\\ai-editor\\node_modules\\is-number\\index.js"
MODULE 45160: Module._load REQUEST kind-of parent: C:\Users\Daniel\Documents\projects\SyncClassroom\repos\ai-editor\node_modules\is-number\index.js
MODULE 45160: looking for "kind-of" in ["C:\\Users\\Daniel\\Documents\\projects\\SyncClassroom\\repos\\ai-editor\\node_modules\\is-number\\node_modules","C:\\Users\\Daniel\\Documents\\projects\\SyncClassroom\\repos\\ai-editor\\node_modules","C:\\Users\\Daniel\\Documents\\projects\\SyncClassroom\\repos\\node_modules","C:\\Users\\Daniel\\Documents\\projects\\SyncClassroom\\node_modules","C:\\Users\\Daniel\\Documents\\projects\\node_modules","C:\\Users\\Daniel\\Documents\\node_modules","C:\\Users\\Daniel\\node_modules","C:\\Users\\node_modules","C:\\node_modules","C:\\Users\\Daniel\\.node_modules","C:\\Users\\Daniel\\.node_libraries","C:\\nvm4w\\nodejs\\lib\\node"]
MODULE 45160: load "C:\\Users\\Daniel\\Documents\\projects\\SyncClassroom\\repos\\ai-editor\\node_modules\\kind-of\\index.js" for module "C:\\Users\\Daniel\\Documents\\projects\\SyncClassroom\\repos\\ai-editor\\node_modules\\kind-of\\index.js"
MODULE 45160: Module._load REQUEST is-buffer parent: C:\Users\Daniel\Documents\projects\SyncClassroom\repos\ai-editor\node_modules\kind-of\index.js
MODULE 45160: looking for "is-buffer" in ["C:\\Users\\Daniel\\Documents\\projects\\SyncClassroom\\repos\\ai-editor\\node_modules\\kind-of\\node_modules","C:\\Users\\Daniel\\Documents\\projects\\SyncClassroom\\repos\\ai-editor\\node_modules","C:\\Users\\Daniel\\Documents\\projects\\SyncClassroom\\repos\\node_modules","C:\\Users\\Daniel\\Documents\\projects\\SyncClassroom\\node_modules","C:\\Users\\Daniel\\Documents\\projects\\node_modules","C:\\Users\\Daniel\\Documents\\node_modules","C:\\Users\\Daniel\\node_modules","C:\\Users\\node_modules","C:\\node_modules","C:\\Users\\Daniel\\.node_modules","C:\\Users\\Daniel\\.node_libraries","C:\\nvm4w\\nodejs\\lib\\node"]
MODULE 45160: load "C:\\Users\\Daniel\\Documents\\projects\\SyncClassroom\\repos\\ai-editor\\node_modules\\is-buffer\\index.js" for module "C:\\Users\\Daniel\\Documents\\projects\\SyncClassroom\\repos\\ai-editor\\node_modules\\is-buffer\\index.js"
MODULE 45160: Module._load REQUEST extend-shallow parent: C:\Users\Daniel\Documents\projects\SyncClassroom\repos\ai-editor\node_modules\micromatch\node_modules\fill-range\index.js
MODULE 45160: looking for "extend-shallow" in ["C:\\Users\\Daniel\\Documents\\projects\\SyncClassroom\\repos\\ai-editor\\node_modules\\micromatch\\node_modules\\fill-range\\node_modules","C:\\Users\\Daniel\\Documents\\projects\\SyncClassroom\\repos\\ai-editor\\node_modules\\micromatch\\node_modules","C:\\Users\\Daniel\\Documents\\projects\\SyncClassroom\\repos\\ai-editor\\node_modules","C:\\Users\\Daniel\\Documents\\projects\\SyncClassroom\\repos\\node_modules","C:\\Users\\Daniel\\Documents\\projects\\SyncClassroom\\node_modules","C:\\Users\\Daniel\\Documents\\projects\\node_modules","C:\\Users\\Daniel\\Documents\\node_modules","C:\\Users\\Daniel\\node_modules","C:\\Users\\node_modules","C:\\node_modules","C:\\Users\\Daniel\\.node_modules","C:\\Users\\Daniel\\.node_libraries","C:\\nvm4w\\nodejs\\lib\\node"]
MODULE 45160: load "C:\\Users\\Daniel\\Documents\\projects\\SyncClassroom\\repos\\ai-editor\\node_modules\\micromatch\\node_modules\\fill-range\\node_modules\\extend-shallow\\index.js" for module "C:\\Users\\Daniel\\Documents\\projects\\SyncClassroom\\repos\\ai-editor\\node_modules\\micromatch\\node_modules\\fill-range\\node_modules\\extend-shallow\\index.js"
MODULE 45160: Module._load REQUEST is-extendable parent: C:\Users\Daniel\Documents\projects\SyncClassroom\repos\ai-editor\node_modules\micromatch\node_modules\fill-range\node_modules\extend-shallow\index.js
MODULE 45160: looking for "is-extendable" in ["C:\\Users\\Daniel\\Documents\\projects\\SyncClassroom\\repos\\ai-editor\\node_modules\\micromatch\\node_modules\\fill-range\\node_modules\\extend-shallow\\node_modules","C:\\Users\\Daniel\\Documents\\projects\\SyncClassroom\\repos\\ai-editor\\node_modules\\micromatch\\node_modules\\fill-range\\node_modules","C:\\Users\\Daniel\\Documents\\projects\\SyncClassroom\\repos\\ai-editor\\node_modules\\micromatch\\node_modules","C:\\Users\\Daniel\\Documents\\projects\\SyncClassroom\\repos\\ai-editor\\node_modules","C:\\Users\\Daniel\\Documents\\projects\\SyncClassroom\\repos\\node_modules","C:\\Users\\Daniel\\Documents\\projects\\SyncClassroom\\node_modules","C:\\Users\\Daniel\\Documents\\projects\\node_modules","C:\\Users\\Daniel\\Documents\\node_modules","C:\\Users\\Daniel\\node_modules","C:\\Users\\node_modules","C:\\node_modules","C:\\Users\\Daniel\\.node_modules","C:\\Users\\Daniel\\.node_libraries","C:\\nvm4w\\nodejs\\lib\\node"]
MODULE 45160: Module._load REQUEST repeat-string parent: C:\Users\Daniel\Documents\projects\SyncClassroom\repos\ai-editor\node_modules\micromatch\node_modules\fill-range\index.js
MODULE 45160: looking for "repeat-string" in ["C:\\Users\\Daniel\\Documents\\projects\\SyncClassroom\\repos\\ai-editor\\node_modules\\micromatch\\node_modules\\fill-range\\node_modules","C:\\Users\\Daniel\\Documents\\projects\\SyncClassroom\\repos\\ai-editor\\node_modules\\micromatch\\node_modules","C:\\Users\\Daniel\\Documents\\projects\\SyncClassroom\\repos\\ai-editor\\node_modules","C:\\Users\\Daniel\\Documents\\projects\\SyncClassroom\\repos\\node_modules","C:\\Users\\Daniel\\Documents\\projects\\SyncClassroom\\node_modules","C:\\Users\\Daniel\\Documents\\projects\\node_modules","C:\\Users\\Daniel\\Documents\\node_modules","C:\\Users\\Daniel\\node_modules","C:\\Users\\node_modules","C:\\node_modules","C:\\Users\\Daniel\\.node_modules","C:\\Users\\Daniel\\.node_libraries","C:\\nvm4w\\nodejs\\lib\\node"]
MODULE 45160: load "C:\\Users\\Daniel\\Documents\\projects\\SyncClassroom\\repos\\ai-editor\\node_modules\\repeat-string\\index.js" for module "C:\\Users\\Daniel\\Documents\\projects\\SyncClassroom\\repos\\ai-editor\\node_modules\\repeat-string\\index.js"
MODULE 45160: Module._load REQUEST to-regex-range parent: C:\Users\Daniel\Documents\projects\SyncClassroom\repos\ai-editor\node_modules\micromatch\node_modules\fill-range\index.js
MODULE 45160: looking for "to-regex-range" in ["C:\\Users\\Daniel\\Documents\\projects\\SyncClassroom\\repos\\ai-editor\\node_modules\\micromatch\\node_modules\\fill-range\\node_modules","C:\\Users\\Daniel\\Documents\\projects\\SyncClassroom\\repos\\ai-editor\\node_modules\\micromatch\\node_modules","C:\\Users\\Daniel\\Documents\\projects\\SyncClassroom\\repos\\ai-editor\\node_modules","C:\\Users\\Daniel\\Documents\\projects\\SyncClassroom\\repos\\node_modules","C:\\Users\\Daniel\\Documents\\projects\\SyncClassroom\\node_modules","C:\\Users\\Daniel\\Documents\\projects\\node_modules","C:\\Users\\Daniel\\Documents\\node_modules","C:\\Users\\Daniel\\node_modules","C:\\Users\\node_modules","C:\\node_modules","C:\\Users\\Daniel\\.node_modules","C:\\Users\\Daniel\\.node_libraries","C:\\nvm4w\\nodejs\\lib\\node"]
MODULE 45160: load "C:\\Users\\Daniel\\Documents\\projects\\SyncClassroom\\repos\\ai-editor\\node_modules\\micromatch\\node_modules\\to-regex-range\\index.js" for module "C:\\Users\\Daniel\\Documents\\projects\\SyncClassroom\\repos\\ai-editor\\node_modules\\micromatch\\node_modules\\to-regex-range\\index.js"
MODULE 45160: Module._load REQUEST repeat-string parent: C:\Users\Daniel\Documents\projects\SyncClassroom\repos\ai-editor\node_modules\micromatch\node_modules\to-regex-range\index.js
MODULE 45160: looking for "repeat-string" in ["C:\\Users\\Daniel\\Documents\\projects\\SyncClassroom\\repos\\ai-editor\\node_modules\\micromatch\\node_modules\\to-regex-range\\node_modules","C:\\Users\\Daniel\\Documents\\projects\\SyncClassroom\\repos\\ai-editor\\node_modules\\micromatch\\node_modules","C:\\Users\\Daniel\\Documents\\projects\\SyncClassroom\\repos\\ai-editor\\node_modules","C:\\Users\\Daniel\\Documents\\projects\\SyncClassroom\\repos\\node_modules","C:\\Users\\Daniel\\Documents\\projects\\SyncClassroom\\node_modules","C:\\Users\\Daniel\\Documents\\projects\\node_modules","C:\\Users\\Daniel\\Documents\\node_modules","C:\\Users\\Daniel\\node_modules","C:\\Users\\node_modules","C:\\node_modules","C:\\Users\\Daniel\\.node_modules","C:\\Users\\Daniel\\.node_libraries","C:\\nvm4w\\nodejs\\lib\\node"]
MODULE 45160: Module._load REQUEST is-number parent: C:\Users\Daniel\Documents\projects\SyncClassroom\repos\ai-editor\node_modules\micromatch\node_modules\to-regex-range\index.js
MODULE 45160: looking for "is-number" in ["C:\\Users\\Daniel\\Documents\\projects\\SyncClassroom\\repos\\ai-editor\\node_modules\\micromatch\\node_modules\\to-regex-range\\node_modules","C:\\Users\\Daniel\\Documents\\projects\\SyncClassroom\\repos\\ai-editor\\node_modules\\micromatch\\node_modules","C:\\Users\\Daniel\\Documents\\projects\\SyncClassroom\\repos\\ai-editor\\node_modules","C:\\Users\\Daniel\\Documents\\projects\\SyncClassroom\\repos\\node_modules","C:\\Users\\Daniel\\Documents\\projects\\SyncClassroom\\node_modules","C:\\Users\\Daniel\\Documents\\projects\\node_modules","C:\\Users\\Daniel\\Documents\\node_modules","C:\\Users\\Daniel\\node_modules","C:\\Users\\node_modules","C:\\node_modules","C:\\Users\\Daniel\\.node_modules","C:\\Users\\Daniel\\.node_libraries","C:\\nvm4w\\nodejs\\lib\\node"]
MODULE 45160: Module._load REQUEST repeat-element parent: C:\Users\Daniel\Documents\projects\SyncClassroom\repos\ai-editor\node_modules\micromatch\node_modules\braces\lib\utils.js
MODULE 45160: looking for "repeat-element" in ["C:\\Users\\Daniel\\Documents\\projects\\SyncClassroom\\repos\\ai-editor\\node_modules\\micromatch\\node_modules\\braces\\lib\\node_modules","C:\\Users\\Daniel\\Documents\\projects\\SyncClassroom\\repos\\ai-editor\\node_modules\\micromatch\\node_modules\\braces\\node_modules","C:\\Users\\Daniel\\Documents\\projects\\SyncClassroom\\repos\\ai-editor\\node_modules\\micromatch\\node_modules","C:\\Users\\Daniel\\Documents\\projects\\SyncClassroom\\repos\\ai-editor\\node_modules","C:\\Users\\Daniel\\Documents\\projects\\SyncClassroom\\repos\\node_modules","C:\\Users\\Daniel\\Documents\\projects\\SyncClassroom\\node_modules","C:\\Users\\Daniel\\Documents\\projects\\node_modules","C:\\Users\\Daniel\\Documents\\node_modules","C:\\Users\\Daniel\\node_modules","C:\\Users\\node_modules","C:\\node_modules","C:\\Users\\Daniel\\.node_modules","C:\\Users\\Daniel\\.node_libraries","C:\\nvm4w\\nodejs\\lib\\node"]
MODULE 45160: load "C:\\Users\\Daniel\\Documents\\projects\\SyncClassroom\\repos\\ai-editor\\node_modules\\repeat-element\\index.js" for module "C:\\Users\\Daniel\\Documents\\projects\\SyncClassroom\\repos\\ai-editor\\node_modules\\repeat-element\\index.js"
MODULE 45160: Module._load REQUEST array-unique parent: C:\Users\Daniel\Documents\projects\SyncClassroom\repos\ai-editor\node_modules\micromatch\node_modules\braces\lib\utils.js
MODULE 45160: looking for "array-unique" in ["C:\\Users\\Daniel\\Documents\\projects\\SyncClassroom\\repos\\ai-editor\\node_modules\\micromatch\\node_modules\\braces\\lib\\node_modules","C:\\Users\\Daniel\\Documents\\projects\\SyncClassroom\\repos\\ai-editor\\node_modules\\micromatch\\node_modules\\braces\\node_modules","C:\\Users\\Daniel\\Documents\\projects\\SyncClassroom\\repos\\ai-editor\\node_modules\\micromatch\\node_modules","C:\\Users\\Daniel\\Documents\\projects\\SyncClassroom\\repos\\ai-editor\\node_modules","C:\\Users\\Daniel\\Documents\\projects\\SyncClassroom\\repos\\node_modules","C:\\Users\\Daniel\\Documents\\projects\\SyncClassroom\\node_modules","C:\\Users\\Daniel\\Documents\\projects\\node_modules","C:\\Users\\Daniel\\Documents\\node_modules","C:\\Users\\Daniel\\node_modules","C:\\Users\\node_modules","C:\\node_modules","C:\\Users\\Daniel\\.node_modules","C:\\Users\\Daniel\\.node_libraries","C:\\nvm4w\\nodejs\\lib\\node"]
MODULE 45160: Module._load REQUEST ./lib/parsers parent: C:\Users\Daniel\Documents\projects\SyncClassroom\repos\ai-editor\node_modules\micromatch\node_modules\braces\index.js
MODULE 45160: RELATIVE: requested: ./lib/parsers from parent.id C:\Users\Daniel\Documents\projects\SyncClassroom\repos\ai-editor\node_modules\micromatch\node_modules\braces\index.js
MODULE 45160: looking for ["C:\\Users\\Daniel\\Documents\\projects\\SyncClassroom\\repos\\ai-editor\\node_modules\\micromatch\\node_modules\\braces"]
MODULE 45160: load "C:\\Users\\Daniel\\Documents\\projects\\SyncClassroom\\repos\\ai-editor\\node_modules\\micromatch\\node_modules\\braces\\lib\\parsers.js" for module "C:\\Users\\Daniel\\Documents\\projects\\SyncClassroom\\repos\\ai-editor\\node_modules\\micromatch\\node_modules\\braces\\lib\\parsers.js"
MODULE 45160: Module._load REQUEST snapdragon-node parent: C:\Users\Daniel\Documents\projects\SyncClassroom\repos\ai-editor\node_modules\micromatch\node_modules\braces\lib\parsers.js
MODULE 45160: looking for "snapdragon-node" in ["C:\\Users\\Daniel\\Documents\\projects\\SyncClassroom\\repos\\ai-editor\\node_modules\\micromatch\\node_modules\\braces\\lib\\node_modules","C:\\Users\\Daniel\\Documents\\projects\\SyncClassroom\\repos\\ai-editor\\node_modules\\micromatch\\node_modules\\braces\\node_modules","C:\\Users\\Daniel\\Documents\\projects\\SyncClassroom\\repos\\ai-editor\\node_modules\\micromatch\\node_modules","C:\\Users\\Daniel\\Documents\\projects\\SyncClassroom\\repos\\ai-editor\\node_modules","C:\\Users\\Daniel\\Documents\\projects\\SyncClassroom\\repos\\node_modules","C:\\Users\\Daniel\\Documents\\projects\\SyncClassroom\\node_modules","C:\\Users\\Daniel\\Documents\\projects\\node_modules","C:\\Users\\Daniel\\Documents\\node_modules","C:\\Users\\Daniel\\node_modules","C:\\Users\\node_modules","C:\\node_modules","C:\\Users\\Daniel\\.node_modules","C:\\Users\\Daniel\\.node_libraries","C:\\nvm4w\\nodejs\\lib\\node"]
MODULE 45160: load "C:\\Users\\Daniel\\Documents\\projects\\SyncClassroom\\repos\\ai-editor\\node_modules\\snapdragon-node\\index.js" for module "C:\\Users\\Daniel\\Documents\\projects\\SyncClassroom\\repos\\ai-editor\\node_modules\\snapdragon-node\\index.js"
MODULE 45160: Module._load REQUEST isobject parent: C:\Users\Daniel\Documents\projects\SyncClassroom\repos\ai-editor\node_modules\snapdragon-node\index.js
MODULE 45160: looking for "isobject" in ["C:\\Users\\Daniel\\Documents\\projects\\SyncClassroom\\repos\\ai-editor\\node_modules\\snapdragon-node\\node_modules","C:\\Users\\Daniel\\Documents\\projects\\SyncClassroom\\repos\\ai-editor\\node_modules","C:\\Users\\Daniel\\Documents\\projects\\SyncClassroom\\repos\\node_modules","C:\\Users\\Daniel\\Documents\\projects\\SyncClassroom\\node_modules","C:\\Users\\Daniel\\Documents\\projects\\node_modules","C:\\Users\\Daniel\\Documents\\node_modules","C:\\Users\\Daniel\\node_modules","C:\\Users\\node_modules","C:\\node_modules","C:\\Users\\Daniel\\.node_modules","C:\\Users\\Daniel\\.node_libraries","C:\\nvm4w\\nodejs\\lib\\node"]
MODULE 45160: Module._load REQUEST define-property parent: C:\Users\Daniel\Documents\projects\SyncClassroom\repos\ai-editor\node_modules\snapdragon-node\index.js
MODULE 45160: looking for "define-property" in ["C:\\Users\\Daniel\\Documents\\projects\\SyncClassroom\\repos\\ai-editor\\node_modules\\snapdragon-node\\node_modules","C:\\Users\\Daniel\\Documents\\projects\\SyncClassroom\\repos\\ai-editor\\node_modules","C:\\Users\\Daniel\\Documents\\projects\\SyncClassroom\\repos\\node_modules","C:\\Users\\Daniel\\Documents\\projects\\SyncClassroom\\node_modules","C:\\Users\\Daniel\\Documents\\projects\\node_modules","C:\\Users\\Daniel\\Documents\\node_modules","C:\\Users\\Daniel\\node_modules","C:\\Users\\node_modules","C:\\node_modules","C:\\Users\\Daniel\\.node_modules","C:\\Users\\Daniel\\.node_libraries","C:\\nvm4w\\nodejs\\lib\\node"]
MODULE 45160: load "C:\\Users\\Daniel\\Documents\\projects\\SyncClassroom\\repos\\ai-editor\\node_modules\\snapdragon-node\\node_modules\\define-property\\index.js" for module "C:\\Users\\Daniel\\Documents\\projects\\SyncClassroom\\repos\\ai-editor\\node_modules\\snapdragon-node\\node_modules\\define-property\\index.js"
MODULE 45160: Module._load REQUEST is-descriptor parent: C:\Users\Daniel\Documents\projects\SyncClassroom\repos\ai-editor\node_modules\snapdragon-node\node_modules\define-property\index.js
MODULE 45160: looking for "is-descriptor" in ["C:\\Users\\Daniel\\Documents\\projects\\SyncClassroom\\repos\\ai-editor\\node_modules\\snapdragon-node\\node_modules\\define-property\\node_modules","C:\\Users\\Daniel\\Documents\\projects\\SyncClassroom\\repos\\ai-editor\\node_modules\\snapdragon-node\\node_modules","C:\\Users\\Daniel\\Documents\\projects\\SyncClassroom\\repos\\ai-editor\\node_modules","C:\\Users\\Daniel\\Documents\\projects\\SyncClassroom\\repos\\node_modules","C:\\Users\\Daniel\\Documents\\projects\\SyncClassroom\\node_modules","C:\\Users\\Daniel\\Documents\\projects\\node_modules","C:\\Users\\Daniel\\Documents\\node_modules","C:\\Users\\Daniel\\node_modules","C:\\Users\\node_modules","C:\\node_modules","C:\\Users\\Daniel\\.node_modules","C:\\Users\\Daniel\\.node_libraries","C:\\nvm4w\\nodejs\\lib\\node"]
MODULE 45160: Module._load REQUEST snapdragon-util parent: C:\Users\Daniel\Documents\projects\SyncClassroom\repos\ai-editor\node_modules\snapdragon-node\index.js
MODULE 45160: looking for "snapdragon-util" in ["C:\\Users\\Daniel\\Documents\\projects\\SyncClassroom\\repos\\ai-editor\\node_modules\\snapdragon-node\\node_modules","C:\\Users\\Daniel\\Documents\\projects\\SyncClassroom\\repos\\ai-editor\\node_modules","C:\\Users\\Daniel\\Documents\\projects\\SyncClassroom\\repos\\node_modules","C:\\Users\\Daniel\\Documents\\projects\\SyncClassroom\\node_modules","C:\\Users\\Daniel\\Documents\\projects\\node_modules","C:\\Users\\Daniel\\Documents\\node_modules","C:\\Users\\Daniel\\node_modules","C:\\Users\\node_modules","C:\\node_modules","C:\\Users\\Daniel\\.node_modules","C:\\Users\\Daniel\\.node_libraries","C:\\nvm4w\\nodejs\\lib\\node"]
MODULE 45160: load "C:\\Users\\Daniel\\Documents\\projects\\SyncClassroom\\repos\\ai-editor\\node_modules\\snapdragon-util\\index.js" for module "C:\\Users\\Daniel\\Documents\\projects\\SyncClassroom\\repos\\ai-editor\\node_modules\\snapdragon-util\\index.js"
MODULE 45160: Module._load REQUEST kind-of parent: C:\Users\Daniel\Documents\projects\SyncClassroom\repos\ai-editor\node_modules\snapdragon-util\index.js
MODULE 45160: looking for "kind-of" in ["C:\\Users\\Daniel\\Documents\\projects\\SyncClassroom\\repos\\ai-editor\\node_modules\\snapdragon-util\\node_modules","C:\\Users\\Daniel\\Documents\\projects\\SyncClassroom\\repos\\ai-editor\\node_modules","C:\\Users\\Daniel\\Documents\\projects\\SyncClassroom\\repos\\node_modules","C:\\Users\\Daniel\\Documents\\projects\\SyncClassroom\\node_modules","C:\\Users\\Daniel\\Documents\\projects\\node_modules","C:\\Users\\Daniel\\Documents\\node_modules","C:\\Users\\Daniel\\node_modules","C:\\Users\\node_modules","C:\\node_modules","C:\\Users\\Daniel\\.node_modules","C:\\Users\\Daniel\\.node_libraries","C:\\nvm4w\\nodejs\\lib\\node"]
MODULE 45160: Module._load REQUEST ./utils parent: C:\Users\Daniel\Documents\projects\SyncClassroom\repos\ai-editor\node_modules\micromatch\node_modules\braces\lib\parsers.js
MODULE 45160: Module._load REQUEST ./lib/braces parent: C:\Users\Daniel\Documents\projects\SyncClassroom\repos\ai-editor\node_modules\micromatch\node_modules\braces\index.js
MODULE 45160: RELATIVE: requested: ./lib/braces from parent.id C:\Users\Daniel\Documents\projects\SyncClassroom\repos\ai-editor\node_modules\micromatch\node_modules\braces\index.js
MODULE 45160: looking for ["C:\\Users\\Daniel\\Documents\\projects\\SyncClassroom\\repos\\ai-editor\\node_modules\\micromatch\\node_modules\\braces"]
MODULE 45160: load "C:\\Users\\Daniel\\Documents\\projects\\SyncClassroom\\repos\\ai-editor\\node_modules\\micromatch\\node_modules\\braces\\lib\\braces.js" for module "C:\\Users\\Daniel\\Documents\\projects\\SyncClassroom\\repos\\ai-editor\\node_modules\\micromatch\\node_modules\\braces\\lib\\braces.js"
MODULE 45160: Module._load REQUEST extend-shallow parent: C:\Users\Daniel\Documents\projects\SyncClassroom\repos\ai-editor\node_modules\micromatch\node_modules\braces\lib\braces.js
MODULE 45160: looking for "extend-shallow" in ["C:\\Users\\Daniel\\Documents\\projects\\SyncClassroom\\repos\\ai-editor\\node_modules\\micromatch\\node_modules\\braces\\lib\\node_modules","C:\\Users\\Daniel\\Documents\\projects\\SyncClassroom\\repos\\ai-editor\\node_modules\\micromatch\\node_modules\\braces\\node_modules","C:\\Users\\Daniel\\Documents\\projects\\SyncClassroom\\repos\\ai-editor\\node_modules\\micromatch\\node_modules","C:\\Users\\Daniel\\Documents\\projects\\SyncClassroom\\repos\\ai-editor\\node_modules","C:\\Users\\Daniel\\Documents\\projects\\SyncClassroom\\repos\\node_modules","C:\\Users\\Daniel\\Documents\\projects\\SyncClassroom\\node_modules","C:\\Users\\Daniel\\Documents\\projects\\node_modules","C:\\Users\\Daniel\\Documents\\node_modules","C:\\Users\\Daniel\\node_modules","C:\\Users\\node_modules","C:\\node_modules","C:\\Users\\Daniel\\.node_modules","C:\\Users\\Daniel\\.node_libraries","C:\\nvm4w\\nodejs\\lib\\node"]
MODULE 45160: Module._load REQUEST snapdragon parent: C:\Users\Daniel\Documents\projects\SyncClassroom\repos\ai-editor\node_modules\micromatch\node_modules\braces\lib\braces.js
MODULE 45160: looking for "snapdragon" in ["C:\\Users\\Daniel\\Documents\\projects\\SyncClassroom\\repos\\ai-editor\\node_modules\\micromatch\\node_modules\\braces\\lib\\node_modules","C:\\Users\\Daniel\\Documents\\projects\\SyncClassroom\\repos\\ai-editor\\node_modules\\micromatch\\node_modules\\braces\\node_modules","C:\\Users\\Daniel\\Documents\\projects\\SyncClassroom\\repos\\ai-editor\\node_modules\\micromatch\\node_modules","C:\\Users\\Daniel\\Documents\\projects\\SyncClassroom\\repos\\ai-editor\\node_modules","C:\\Users\\Daniel\\Documents\\projects\\SyncClassroom\\repos\\node_modules","C:\\Users\\Daniel\\Documents\\projects\\SyncClassroom\\node_modules","C:\\Users\\Daniel\\Documents\\projects\\node_modules","C:\\Users\\Daniel\\Documents\\node_modules","C:\\Users\\Daniel\\node_modules","C:\\Users\\node_modules","C:\\node_modules","C:\\Users\\Daniel\\.node_modules","C:\\Users\\Daniel\\.node_libraries","C:\\nvm4w\\nodejs\\lib\\node"]
MODULE 45160: load "C:\\Users\\Daniel\\Documents\\projects\\SyncClassroom\\repos\\ai-editor\\node_modules\\snapdragon\\index.js" for module "C:\\Users\\Daniel\\Documents\\projects\\SyncClassroom\\repos\\ai-editor\\node_modules\\snapdragon\\index.js"
MODULE 45160: Module._load REQUEST base parent: C:\Users\Daniel\Documents\projects\SyncClassroom\repos\ai-editor\node_modules\snapdragon\index.js
MODULE 45160: looking for "base" in ["C:\\Users\\Daniel\\Documents\\projects\\SyncClassroom\\repos\\ai-editor\\node_modules\\snapdragon\\node_modules","C:\\Users\\Daniel\\Documents\\projects\\SyncClassroom\\repos\\ai-editor\\node_modules","C:\\Users\\Daniel\\Documents\\projects\\SyncClassroom\\repos\\node_modules","C:\\Users\\Daniel\\Documents\\projects\\SyncClassroom\\node_modules","C:\\Users\\Daniel\\Documents\\projects\\node_modules","C:\\Users\\Daniel\\Documents\\node_modules","C:\\Users\\Daniel\\node_modules","C:\\Users\\node_modules","C:\\node_modules","C:\\Users\\Daniel\\.node_modules","C:\\Users\\Daniel\\.node_libraries","C:\\nvm4w\\nodejs\\lib\\node"]
MODULE 45160: load "C:\\Users\\Daniel\\Documents\\projects\\SyncClassroom\\repos\\ai-editor\\node_modules\\base\\index.js" for module "C:\\Users\\Daniel\\Documents\\projects\\SyncClassroom\\repos\\ai-editor\\node_modules\\base\\index.js"
MODULE 45160: Module._load REQUEST util parent: C:\Users\Daniel\Documents\projects\SyncClassroom\repos\ai-editor\node_modules\base\index.js
MODULE 45160: load built-in module util
MODULE 45160: Module._load REQUEST define-property parent: C:\Users\Daniel\Documents\projects\SyncClassroom\repos\ai-editor\node_modules\base\index.js
MODULE 45160: looking for "define-property" in ["C:\\Users\\Daniel\\Documents\\projects\\SyncClassroom\\repos\\ai-editor\\node_modules\\base\\node_modules","C:\\Users\\Daniel\\Documents\\projects\\SyncClassroom\\repos\\ai-editor\\node_modules","C:\\Users\\Daniel\\Documents\\projects\\SyncClassroom\\repos\\node_modules","C:\\Users\\Daniel\\Documents\\projects\\SyncClassroom\\node_modules","C:\\Users\\Daniel\\Documents\\projects\\node_modules","C:\\Users\\Daniel\\Documents\\node_modules","C:\\Users\\Daniel\\node_modules","C:\\Users\\node_modules","C:\\node_modules","C:\\Users\\Daniel\\.node_modules","C:\\Users\\Daniel\\.node_libraries","C:\\nvm4w\\nodejs\\lib\\node"]
MODULE 45160: load "C:\\Users\\Daniel\\Documents\\projects\\SyncClassroom\\repos\\ai-editor\\node_modules\\base\\node_modules\\define-property\\index.js" for module "C:\\Users\\Daniel\\Documents\\projects\\SyncClassroom\\repos\\ai-editor\\node_modules\\base\\node_modules\\define-property\\index.js"
MODULE 45160: Module._load REQUEST is-descriptor parent: C:\Users\Daniel\Documents\projects\SyncClassroom\repos\ai-editor\node_modules\base\node_modules\define-property\index.js
MODULE 45160: looking for "is-descriptor" in ["C:\\Users\\Daniel\\Documents\\projects\\SyncClassroom\\repos\\ai-editor\\node_modules\\base\\node_modules\\define-property\\node_modules","C:\\Users\\Daniel\\Documents\\projects\\SyncClassroom\\repos\\ai-editor\\node_modules\\base\\node_modules","C:\\Users\\Daniel\\Documents\\projects\\SyncClassroom\\repos\\ai-editor\\node_modules","C:\\Users\\Daniel\\Documents\\projects\\SyncClassroom\\repos\\node_modules","C:\\Users\\Daniel\\Documents\\projects\\SyncClassroom\\node_modules","C:\\Users\\Daniel\\Documents\\projects\\node_modules","C:\\Users\\Daniel\\Documents\\node_modules","C:\\Users\\Daniel\\node_modules","C:\\Users\\node_modules","C:\\node_modules","C:\\Users\\Daniel\\.node_modules","C:\\Users\\Daniel\\.node_libraries","C:\\nvm4w\\nodejs\\lib\\node"]
MODULE 45160: Module._load REQUEST cache-base parent: C:\Users\Daniel\Documents\projects\SyncClassroom\repos\ai-editor\node_modules\base\index.js
MODULE 45160: looking for "cache-base" in ["C:\\Users\\Daniel\\Documents\\projects\\SyncClassroom\\repos\\ai-editor\\node_modules\\base\\node_modules","C:\\Users\\Daniel\\Documents\\projects\\SyncClassroom\\repos\\ai-editor\\node_modules","C:\\Users\\Daniel\\Documents\\projects\\SyncClassroom\\repos\\node_modules","C:\\Users\\Daniel\\Documents\\projects\\SyncClassroom\\node_modules","C:\\Users\\Daniel\\Documents\\projects\\node_modules","C:\\Users\\Daniel\\Documents\\node_modules","C:\\Users\\Daniel\\node_modules","C:\\Users\\node_modules","C:\\node_modules","C:\\Users\\Daniel\\.node_modules","C:\\Users\\Daniel\\.node_libraries","C:\\nvm4w\\nodejs\\lib\\node"]
MODULE 45160: load "C:\\Users\\Daniel\\Documents\\projects\\SyncClassroom\\repos\\ai-editor\\node_modules\\cache-base\\index.js" for module "C:\\Users\\Daniel\\Documents\\projects\\SyncClassroom\\repos\\ai-editor\\node_modules\\cache-base\\index.js"
MODULE 45160: Module._load REQUEST isobject parent: C:\Users\Daniel\Documents\projects\SyncClassroom\repos\ai-editor\node_modules\cache-base\index.js
MODULE 45160: looking for "isobject" in ["C:\\Users\\Daniel\\Documents\\projects\\SyncClassroom\\repos\\ai-editor\\node_modules\\cache-base\\node_modules","C:\\Users\\Daniel\\Documents\\projects\\SyncClassroom\\repos\\ai-editor\\node_modules","C:\\Users\\Daniel\\Documents\\projects\\SyncClassroom\\repos\\node_modules","C:\\Users\\Daniel\\Documents\\projects\\SyncClassroom\\node_modules","C:\\Users\\Daniel\\Documents\\projects\\node_modules","C:\\Users\\Daniel\\Documents\\node_modules","C:\\Users\\Daniel\\node_modules","C:\\Users\\node_modules","C:\\node_modules","C:\\Users\\Daniel\\.node_modules","C:\\Users\\Daniel\\.node_libraries","C:\\nvm4w\\nodejs\\lib\\node"]
MODULE 45160: Module._load REQUEST component-emitter parent: C:\Users\Daniel\Documents\projects\SyncClassroom\repos\ai-editor\node_modules\cache-base\index.js
MODULE 45160: looking for "component-emitter" in ["C:\\Users\\Daniel\\Documents\\projects\\SyncClassroom\\repos\\ai-editor\\node_modules\\cache-base\\node_modules","C:\\Users\\Daniel\\Documents\\projects\\SyncClassroom\\repos\\ai-editor\\node_modules","C:\\Users\\Daniel\\Documents\\projects\\SyncClassroom\\repos\\node_modules","C:\\Users\\Daniel\\Documents\\projects\\SyncClassroom\\node_modules","C:\\Users\\Daniel\\Documents\\projects\\node_modules","C:\\Users\\Daniel\\Documents\\node_modules","C:\\Users\\Daniel\\node_modules","C:\\Users\\node_modules","C:\\node_modules","C:\\Users\\Daniel\\.node_modules","C:\\Users\\Daniel\\.node_libraries","C:\\nvm4w\\nodejs\\lib\\node"]
MODULE 45160: load "C:\\Users\\Daniel\\Documents\\projects\\SyncClassroom\\repos\\ai-editor\\node_modules\\component-emitter\\index.js" for module "C:\\Users\\Daniel\\Documents\\projects\\SyncClassroom\\repos\\ai-editor\\node_modules\\component-emitter\\index.js"
MODULE 45160: Module._load REQUEST collection-visit parent: C:\Users\Daniel\Documents\projects\SyncClassroom\repos\ai-editor\node_modules\cache-base\index.js
MODULE 45160: looking for "collection-visit" in ["C:\\Users\\Daniel\\Documents\\projects\\SyncClassroom\\repos\\ai-editor\\node_modules\\cache-base\\node_modules","C:\\Users\\Daniel\\Documents\\projects\\SyncClassroom\\repos\\ai-editor\\node_modules","C:\\Users\\Daniel\\Documents\\projects\\SyncClassroom\\repos\\node_modules","C:\\Users\\Daniel\\Documents\\projects\\SyncClassroom\\node_modules","C:\\Users\\Daniel\\Documents\\projects\\node_modules","C:\\Users\\Daniel\\Documents\\node_modules","C:\\Users\\Daniel\\node_modules","C:\\Users\\node_modules","C:\\node_modules","C:\\Users\\Daniel\\.node_modules","C:\\Users\\Daniel\\.node_libraries","C:\\nvm4w\\nodejs\\lib\\node"]
MODULE 45160: load "C:\\Users\\Daniel\\Documents\\projects\\SyncClassroom\\repos\\ai-editor\\node_modules\\collection-visit\\index.js" for module "C:\\Users\\Daniel\\Documents\\projects\\SyncClassroom\\repos\\ai-editor\\node_modules\\collection-visit\\index.js"
MODULE 45160: Module._load REQUEST object-visit parent: C:\Users\Daniel\Documents\projects\SyncClassroom\repos\ai-editor\node_modules\collection-visit\index.js
MODULE 45160: looking for "object-visit" in ["C:\\Users\\Daniel\\Documents\\projects\\SyncClassroom\\repos\\ai-editor\\node_modules\\collection-visit\\node_modules","C:\\Users\\Daniel\\Documents\\projects\\SyncClassroom\\repos\\ai-editor\\node_modules","C:\\Users\\Daniel\\Documents\\projects\\SyncClassroom\\repos\\node_modules","C:\\Users\\Daniel\\Documents\\projects\\SyncClassroom\\node_modules","C:\\Users\\Daniel\\Documents\\projects\\node_modules","C:\\Users\\Daniel\\Documents\\node_modules","C:\\Users\\Daniel\\node_modules","C:\\Users\\node_modules","C:\\node_modules","C:\\Users\\Daniel\\.node_modules","C:\\Users\\Daniel\\.node_libraries","C:\\nvm4w\\nodejs\\lib\\node"]
MODULE 45160: load "C:\\Users\\Daniel\\Documents\\projects\\SyncClassroom\\repos\\ai-editor\\node_modules\\object-visit\\index.js" for module "C:\\Users\\Daniel\\Documents\\projects\\SyncClassroom\\repos\\ai-editor\\node_modules\\object-visit\\index.js"
MODULE 45160: Module._load REQUEST isobject parent: C:\Users\Daniel\Documents\projects\SyncClassroom\repos\ai-editor\node_modules\object-visit\index.js
MODULE 45160: looking for "isobject" in ["C:\\Users\\Daniel\\Documents\\projects\\SyncClassroom\\repos\\ai-editor\\node_modules\\object-visit\\node_modules","C:\\Users\\Daniel\\Documents\\projects\\SyncClassroom\\repos\\ai-editor\\node_modules","C:\\Users\\Daniel\\Documents\\projects\\SyncClassroom\\repos\\node_modules","C:\\Users\\Daniel\\Documents\\projects\\SyncClassroom\\node_modules","C:\\Users\\Daniel\\Documents\\projects\\node_modules","C:\\Users\\Daniel\\Documents\\node_modules","C:\\Users\\Daniel\\node_modules","C:\\Users\\node_modules","C:\\node_modules","C:\\Users\\Daniel\\.node_modules","C:\\Users\\Daniel\\.node_libraries","C:\\nvm4w\\nodejs\\lib\\node"]
MODULE 45160: Module._load REQUEST map-visit parent: C:\Users\Daniel\Documents\projects\SyncClassroom\repos\ai-editor\node_modules\collection-visit\index.js
MODULE 45160: looking for "map-visit" in ["C:\\Users\\Daniel\\Documents\\projects\\SyncClassroom\\repos\\ai-editor\\node_modules\\collection-visit\\node_modules","C:\\Users\\Daniel\\Documents\\projects\\SyncClassroom\\repos\\ai-editor\\node_modules","C:\\Users\\Daniel\\Documents\\projects\\SyncClassroom\\repos\\node_modules","C:\\Users\\Daniel\\Documents\\projects\\SyncClassroom\\node_modules","C:\\Users\\Daniel\\Documents\\projects\\node_modules","C:\\Users\\Daniel\\Documents\\node_modules","C:\\Users\\Daniel\\node_modules","C:\\Users\\node_modules","C:\\node_modules","C:\\Users\\Daniel\\.node_modules","C:\\Users\\Daniel\\.node_libraries","C:\\nvm4w\\nodejs\\lib\\node"]
MODULE 45160: load "C:\\Users\\Daniel\\Documents\\projects\\SyncClassroom\\repos\\ai-editor\\node_modules\\map-visit\\index.js" for module "C:\\Users\\Daniel\\Documents\\projects\\SyncClassroom\\repos\\ai-editor\\node_modules\\map-visit\\index.js"
MODULE 45160: Module._load REQUEST util parent: C:\Users\Daniel\Documents\projects\SyncClassroom\repos\ai-editor\node_modules\map-visit\index.js
MODULE 45160: load built-in module util
MODULE 45160: Module._load REQUEST object-visit parent: C:\Users\Daniel\Documents\projects\SyncClassroom\repos\ai-editor\node_modules\map-visit\index.js
MODULE 45160: looking for "object-visit" in ["C:\\Users\\Daniel\\Documents\\projects\\SyncClassroom\\repos\\ai-editor\\node_modules\\map-visit\\node_modules","C:\\Users\\Daniel\\Documents\\projects\\SyncClassroom\\repos\\ai-editor\\node_modules","C:\\Users\\Daniel\\Documents\\projects\\SyncClassroom\\repos\\node_modules","C:\\Users\\Daniel\\Documents\\projects\\SyncClassroom\\node_modules","C:\\Users\\Daniel\\Documents\\projects\\node_modules","C:\\Users\\Daniel\\Documents\\node_modules","C:\\Users\\Daniel\\node_modules","C:\\Users\\node_modules","C:\\node_modules","C:\\Users\\Daniel\\.node_modules","C:\\Users\\Daniel\\.node_libraries","C:\\nvm4w\\nodejs\\lib\\node"]
MODULE 45160: Module._load REQUEST to-object-path parent: C:\Users\Daniel\Documents\projects\SyncClassroom\repos\ai-editor\node_modules\cache-base\index.js
MODULE 45160: looking for "to-object-path" in ["C:\\Users\\Daniel\\Documents\\projects\\SyncClassroom\\repos\\ai-editor\\node_modules\\cache-base\\node_modules","C:\\Users\\Daniel\\Documents\\projects\\SyncClassroom\\repos\\ai-editor\\node_modules","C:\\Users\\Daniel\\Documents\\projects\\SyncClassroom\\repos\\node_modules","C:\\Users\\Daniel\\Documents\\projects\\SyncClassroom\\node_modules","C:\\Users\\Daniel\\Documents\\projects\\node_modules","C:\\Users\\Daniel\\Documents\\node_modules","C:\\Users\\Daniel\\node_modules","C:\\Users\\node_modules","C:\\node_modules","C:\\Users\\Daniel\\.node_modules","C:\\Users\\Daniel\\.node_libraries","C:\\nvm4w\\nodejs\\lib\\node"]
MODULE 45160: load "C:\\Users\\Daniel\\Documents\\projects\\SyncClassroom\\repos\\ai-editor\\node_modules\\to-object-path\\index.js" for module "C:\\Users\\Daniel\\Documents\\projects\\SyncClassroom\\repos\\ai-editor\\node_modules\\to-object-path\\index.js"
MODULE 45160: Module._load REQUEST kind-of parent: C:\Users\Daniel\Documents\projects\SyncClassroom\repos\ai-editor\node_modules\to-object-path\index.js
MODULE 45160: looking for "kind-of" in ["C:\\Users\\Daniel\\Documents\\projects\\SyncClassroom\\repos\\ai-editor\\node_modules\\to-object-path\\node_modules","C:\\Users\\Daniel\\Documents\\projects\\SyncClassroom\\repos\\ai-editor\\node_modules","C:\\Users\\Daniel\\Documents\\projects\\SyncClassroom\\repos\\node_modules","C:\\Users\\Daniel\\Documents\\projects\\SyncClassroom\\node_modules","C:\\Users\\Daniel\\Documents\\projects\\node_modules","C:\\Users\\Daniel\\Documents\\node_modules","C:\\Users\\Daniel\\node_modules","C:\\Users\\node_modules","C:\\node_modules","C:\\Users\\Daniel\\.node_modules","C:\\Users\\Daniel\\.node_libraries","C:\\nvm4w\\nodejs\\lib\\node"]
MODULE 45160: Module._load REQUEST union-value parent: C:\Users\Daniel\Documents\projects\SyncClassroom\repos\ai-editor\node_modules\cache-base\index.js
MODULE 45160: looking for "union-value" in ["C:\\Users\\Daniel\\Documents\\projects\\SyncClassroom\\repos\\ai-editor\\node_modules\\cache-base\\node_modules","C:\\Users\\Daniel\\Documents\\projects\\SyncClassroom\\repos\\ai-editor\\node_modules","C:\\Users\\Daniel\\Documents\\projects\\SyncClassroom\\repos\\node_modules","C:\\Users\\Daniel\\Documents\\projects\\SyncClassroom\\node_modules","C:\\Users\\Daniel\\Documents\\projects\\node_modules","C:\\Users\\Daniel\\Documents\\node_modules","C:\\Users\\Daniel\\node_modules","C:\\Users\\node_modules","C:\\node_modules","C:\\Users\\Daniel\\.node_modules","C:\\Users\\Daniel\\.node_libraries","C:\\nvm4w\\nodejs\\lib\\node"]
MODULE 45160: load "C:\\Users\\Daniel\\Documents\\projects\\SyncClassroom\\repos\\ai-editor\\node_modules\\union-value\\index.js" for module "C:\\Users\\Daniel\\Documents\\projects\\SyncClassroom\\repos\\ai-editor\\node_modules\\union-value\\index.js"
MODULE 45160: Module._load REQUEST is-extendable parent: C:\Users\Daniel\Documents\projects\SyncClassroom\repos\ai-editor\node_modules\union-value\index.js
MODULE 45160: looking for "is-extendable" in ["C:\\Users\\Daniel\\Documents\\projects\\SyncClassroom\\repos\\ai-editor\\node_modules\\union-value\\node_modules","C:\\Users\\Daniel\\Documents\\projects\\SyncClassroom\\repos\\ai-editor\\node_modules","C:\\Users\\Daniel\\Documents\\projects\\SyncClassroom\\repos\\node_modules","C:\\Users\\Daniel\\Documents\\projects\\SyncClassroom\\node_modules","C:\\Users\\Daniel\\Documents\\projects\\node_modules","C:\\Users\\Daniel\\Documents\\node_modules","C:\\Users\\Daniel\\node_modules","C:\\Users\\node_modules","C:\\node_modules","C:\\Users\\Daniel\\.node_modules","C:\\Users\\Daniel\\.node_libraries","C:\\nvm4w\\nodejs\\lib\\node"]
MODULE 45160: Module._load REQUEST arr-union parent: C:\Users\Daniel\Documents\projects\SyncClassroom\repos\ai-editor\node_modules\union-value\index.js
MODULE 45160: looking for "arr-union" in ["C:\\Users\\Daniel\\Documents\\projects\\SyncClassroom\\repos\\ai-editor\\node_modules\\union-value\\node_modules","C:\\Users\\Daniel\\Documents\\projects\\SyncClassroom\\repos\\ai-editor\\node_modules","C:\\Users\\Daniel\\Documents\\projects\\SyncClassroom\\repos\\node_modules","C:\\Users\\Daniel\\Documents\\projects\\SyncClassroom\\node_modules","C:\\Users\\Daniel\\Documents\\projects\\node_modules","C:\\Users\\Daniel\\Documents\\node_modules","C:\\Users\\Daniel\\node_modules","C:\\Users\\node_modules","C:\\node_modules","C:\\Users\\Daniel\\.node_modules","C:\\Users\\Daniel\\.node_libraries","C:\\nvm4w\\nodejs\\lib\\node"]
MODULE 45160: load "C:\\Users\\Daniel\\Documents\\projects\\SyncClassroom\\repos\\ai-editor\\node_modules\\arr-union\\index.js" for module "C:\\Users\\Daniel\\Documents\\projects\\SyncClassroom\\repos\\ai-editor\\node_modules\\arr-union\\index.js"
MODULE 45160: Module._load REQUEST get-value parent: C:\Users\Daniel\Documents\projects\SyncClassroom\repos\ai-editor\node_modules\union-value\index.js
MODULE 45160: looking for "get-value" in ["C:\\Users\\Daniel\\Documents\\projects\\SyncClassroom\\repos\\ai-editor\\node_modules\\union-value\\node_modules","C:\\Users\\Daniel\\Documents\\projects\\SyncClassroom\\repos\\ai-editor\\node_modules","C:\\Users\\Daniel\\Documents\\projects\\SyncClassroom\\repos\\node_modules","C:\\Users\\Daniel\\Documents\\projects\\SyncClassroom\\node_modules","C:\\Users\\Daniel\\Documents\\projects\\node_modules","C:\\Users\\Daniel\\Documents\\node_modules","C:\\Users\\Daniel\\node_modules","C:\\Users\\node_modules","C:\\node_modules","C:\\Users\\Daniel\\.node_modules","C:\\Users\\Daniel\\.node_libraries","C:\\nvm4w\\nodejs\\lib\\node"]
MODULE 45160: load "C:\\Users\\Daniel\\Documents\\projects\\SyncClassroom\\repos\\ai-editor\\node_modules\\get-value\\index.js" for module "C:\\Users\\Daniel\\Documents\\projects\\SyncClassroom\\repos\\ai-editor\\node_modules\\get-value\\index.js"
MODULE 45160: Module._load REQUEST set-value parent: C:\Users\Daniel\Documents\projects\SyncClassroom\repos\ai-editor\node_modules\union-value\index.js
MODULE 45160: looking for "set-value" in ["C:\\Users\\Daniel\\Documents\\projects\\SyncClassroom\\repos\\ai-editor\\node_modules\\union-value\\node_modules","C:\\Users\\Daniel\\Documents\\projects\\SyncClassroom\\repos\\ai-editor\\node_modules","C:\\Users\\Daniel\\Documents\\projects\\SyncClassroom\\repos\\node_modules","C:\\Users\\Daniel\\Documents\\projects\\SyncClassroom\\node_modules","C:\\Users\\Daniel\\Documents\\projects\\node_modules","C:\\Users\\Daniel\\Documents\\node_modules","C:\\Users\\Daniel\\node_modules","C:\\Users\\node_modules","C:\\node_modules","C:\\Users\\Daniel\\.node_modules","C:\\Users\\Daniel\\.node_libraries","C:\\nvm4w\\nodejs\\lib\\node"]
MODULE 45160: load "C:\\Users\\Daniel\\Documents\\projects\\SyncClassroom\\repos\\ai-editor\\node_modules\\set-value\\index.js" for module "C:\\Users\\Daniel\\Documents\\projects\\SyncClassroom\\repos\\ai-editor\\node_modules\\set-value\\index.js"
MODULE 45160: Module._load REQUEST split-string parent: C:\Users\Daniel\Documents\projects\SyncClassroom\repos\ai-editor\node_modules\set-value\index.js
MODULE 45160: looking for "split-string" in ["C:\\Users\\Daniel\\Documents\\projects\\SyncClassroom\\repos\\ai-editor\\node_modules\\set-value\\node_modules","C:\\Users\\Daniel\\Documents\\projects\\SyncClassroom\\repos\\ai-editor\\node_modules","C:\\Users\\Daniel\\Documents\\projects\\SyncClassroom\\repos\\node_modules","C:\\Users\\Daniel\\Documents\\projects\\SyncClassroom\\node_modules","C:\\Users\\Daniel\\Documents\\projects\\node_modules","C:\\Users\\Daniel\\Documents\\node_modules","C:\\Users\\Daniel\\node_modules","C:\\Users\\node_modules","C:\\node_modules","C:\\Users\\Daniel\\.node_modules","C:\\Users\\Daniel\\.node_libraries","C:\\nvm4w\\nodejs\\lib\\node"]
MODULE 45160: Module._load REQUEST extend-shallow parent: C:\Users\Daniel\Documents\projects\SyncClassroom\repos\ai-editor\node_modules\set-value\index.js
MODULE 45160: looking for "extend-shallow" in ["C:\\Users\\Daniel\\Documents\\projects\\SyncClassroom\\repos\\ai-editor\\node_modules\\set-value\\node_modules","C:\\Users\\Daniel\\Documents\\projects\\SyncClassroom\\repos\\ai-editor\\node_modules","C:\\Users\\Daniel\\Documents\\projects\\SyncClassroom\\repos\\node_modules","C:\\Users\\Daniel\\Documents\\projects\\SyncClassroom\\node_modules","C:\\Users\\Daniel\\Documents\\projects\\node_modules","C:\\Users\\Daniel\\Documents\\node_modules","C:\\Users\\Daniel\\node_modules","C:\\Users\\node_modules","C:\\node_modules","C:\\Users\\Daniel\\.node_modules","C:\\Users\\Daniel\\.node_libraries","C:\\nvm4w\\nodejs\\lib\\node"]
MODULE 45160: load "C:\\Users\\Daniel\\Documents\\projects\\SyncClassroom\\repos\\ai-editor\\node_modules\\set-value\\node_modules\\extend-shallow\\index.js" for module "C:\\Users\\Daniel\\Documents\\projects\\SyncClassroom\\repos\\ai-editor\\node_modules\\set-value\\node_modules\\extend-shallow\\index.js"
MODULE 45160: Module._load REQUEST is-extendable parent: C:\Users\Daniel\Documents\projects\SyncClassroom\repos\ai-editor\node_modules\set-value\node_modules\extend-shallow\index.js
MODULE 45160: looking for "is-extendable" in ["C:\\Users\\Daniel\\Documents\\projects\\SyncClassroom\\repos\\ai-editor\\node_modules\\set-value\\node_modules\\extend-shallow\\node_modules","C:\\Users\\Daniel\\Documents\\projects\\SyncClassroom\\repos\\ai-editor\\node_modules\\set-value\\node_modules","C:\\Users\\Daniel\\Documents\\projects\\SyncClassroom\\repos\\ai-editor\\node_modules","C:\\Users\\Daniel\\Documents\\projects\\SyncClassroom\\repos\\node_modules","C:\\Users\\Daniel\\Documents\\projects\\SyncClassroom\\node_modules","C:\\Users\\Daniel\\Documents\\projects\\node_modules","C:\\Users\\Daniel\\Documents\\node_modules","C:\\Users\\Daniel\\node_modules","C:\\Users\\node_modules","C:\\node_modules","C:\\Users\\Daniel\\.node_modules","C:\\Users\\Daniel\\.node_libraries","C:\\nvm4w\\nodejs\\lib\\node"]
MODULE 45160: Module._load REQUEST is-plain-object parent: C:\Users\Daniel\Documents\projects\SyncClassroom\repos\ai-editor\node_modules\set-value\index.js
MODULE 45160: looking for "is-plain-object" in ["C:\\Users\\Daniel\\Documents\\projects\\SyncClassroom\\repos\\ai-editor\\node_modules\\set-value\\node_modules","C:\\Users\\Daniel\\Documents\\projects\\SyncClassroom\\repos\\ai-editor\\node_modules","C:\\Users\\Daniel\\Documents\\projects\\SyncClassroom\\repos\\node_modules","C:\\Users\\Daniel\\Documents\\projects\\SyncClassroom\\node_modules","C:\\Users\\Daniel\\Documents\\projects\\node_modules","C:\\Users\\Daniel\\Documents\\node_modules","C:\\Users\\Daniel\\node_modules","C:\\Users\\node_modules","C:\\node_modules","C:\\Users\\Daniel\\.node_modules","C:\\Users\\Daniel\\.node_libraries","C:\\nvm4w\\nodejs\\lib\\node"]
MODULE 45160: Module._load REQUEST is-extendable parent: C:\Users\Daniel\Documents\projects\SyncClassroom\repos\ai-editor\node_modules\set-value\index.js
MODULE 45160: looking for "is-extendable" in ["C:\\Users\\Daniel\\Documents\\projects\\SyncClassroom\\repos\\ai-editor\\node_modules\\set-value\\node_modules","C:\\Users\\Daniel\\Documents\\projects\\SyncClassroom\\repos\\ai-editor\\node_modules","C:\\Users\\Daniel\\Documents\\projects\\SyncClassroom\\repos\\node_modules","C:\\Users\\Daniel\\Documents\\projects\\SyncClassroom\\node_modules","C:\\Users\\Daniel\\Documents\\projects\\node_modules","C:\\Users\\Daniel\\Documents\\node_modules","C:\\Users\\Daniel\\node_modules","C:\\Users\\node_modules","C:\\node_modules","C:\\Users\\Daniel\\.node_modules","C:\\Users\\Daniel\\.node_libraries","C:\\nvm4w\\nodejs\\lib\\node"]
MODULE 45160: Module._load REQUEST unset-value parent: C:\Users\Daniel\Documents\projects\SyncClassroom\repos\ai-editor\node_modules\cache-base\index.js
MODULE 45160: looking for "unset-value" in ["C:\\Users\\Daniel\\Documents\\projects\\SyncClassroom\\repos\\ai-editor\\node_modules\\cache-base\\node_modules","C:\\Users\\Daniel\\Documents\\projects\\SyncClassroom\\repos\\ai-editor\\node_modules","C:\\Users\\Daniel\\Documents\\projects\\SyncClassroom\\repos\\node_modules","C:\\Users\\Daniel\\Documents\\projects\\SyncClassroom\\node_modules","C:\\Users\\Daniel\\Documents\\projects\\node_modules","C:\\Users\\Daniel\\Documents\\node_modules","C:\\Users\\Daniel\\node_modules","C:\\Users\\node_modules","C:\\node_modules","C:\\Users\\Daniel\\.node_modules","C:\\Users\\Daniel\\.node_libraries","C:\\nvm4w\\nodejs\\lib\\node"]
MODULE 45160: load "C:\\Users\\Daniel\\Documents\\projects\\SyncClassroom\\repos\\ai-editor\\node_modules\\unset-value\\index.js" for module "C:\\Users\\Daniel\\Documents\\projects\\SyncClassroom\\repos\\ai-editor\\node_modules\\unset-value\\index.js"
MODULE 45160: Module._load REQUEST isobject parent: C:\Users\Daniel\Documents\projects\SyncClassroom\repos\ai-editor\node_modules\unset-value\index.js
MODULE 45160: looking for "isobject" in ["C:\\Users\\Daniel\\Documents\\projects\\SyncClassroom\\repos\\ai-editor\\node_modules\\unset-value\\node_modules","C:\\Users\\Daniel\\Documents\\projects\\SyncClassroom\\repos\\ai-editor\\node_modules","C:\\Users\\Daniel\\Documents\\projects\\SyncClassroom\\repos\\node_modules","C:\\Users\\Daniel\\Documents\\projects\\SyncClassroom\\node_modules","C:\\Users\\Daniel\\Documents\\projects\\node_modules","C:\\Users\\Daniel\\Documents\\node_modules","C:\\Users\\Daniel\\node_modules","C:\\Users\\node_modules","C:\\node_modules","C:\\Users\\Daniel\\.node_modules","C:\\Users\\Daniel\\.node_libraries","C:\\nvm4w\\nodejs\\lib\\node"]
MODULE 45160: Module._load REQUEST has-value parent: C:\Users\Daniel\Documents\projects\SyncClassroom\repos\ai-editor\node_modules\unset-value\index.js
MODULE 45160: looking for "has-value" in ["C:\\Users\\Daniel\\Documents\\projects\\SyncClassroom\\repos\\ai-editor\\node_modules\\unset-value\\node_modules","C:\\Users\\Daniel\\Documents\\projects\\SyncClassroom\\repos\\ai-editor\\node_modules","C:\\Users\\Daniel\\Documents\\projects\\SyncClassroom\\repos\\node_modules","C:\\Users\\Daniel\\Documents\\projects\\SyncClassroom\\node_modules","C:\\Users\\Daniel\\Documents\\projects\\node_modules","C:\\Users\\Daniel\\Documents\\node_modules","C:\\Users\\Daniel\\node_modules","C:\\Users\\node_modules","C:\\node_modules","C:\\Users\\Daniel\\.node_modules","C:\\Users\\Daniel\\.node_libraries","C:\\nvm4w\\nodejs\\lib\\node"]
MODULE 45160: load "C:\\Users\\Daniel\\Documents\\projects\\SyncClassroom\\repos\\ai-editor\\node_modules\\has-value\\index.js" for module "C:\\Users\\Daniel\\Documents\\projects\\SyncClassroom\\repos\\ai-editor\\node_modules\\has-value\\index.js"
MODULE 45160: Module._load REQUEST isobject parent: C:\Users\Daniel\Documents\projects\SyncClassroom\repos\ai-editor\node_modules\has-value\index.js
MODULE 45160: looking for "isobject" in ["C:\\Users\\Daniel\\Documents\\projects\\SyncClassroom\\repos\\ai-editor\\node_modules\\has-value\\node_modules","C:\\Users\\Daniel\\Documents\\projects\\SyncClassroom\\repos\\ai-editor\\node_modules","C:\\Users\\Daniel\\Documents\\projects\\SyncClassroom\\repos\\node_modules","C:\\Users\\Daniel\\Documents\\projects\\SyncClassroom\\node_modules","C:\\Users\\Daniel\\Documents\\projects\\node_modules","C:\\Users\\Daniel\\Documents\\node_modules","C:\\Users\\Daniel\\node_modules","C:\\Users\\node_modules","C:\\node_modules","C:\\Users\\Daniel\\.node_modules","C:\\Users\\Daniel\\.node_libraries","C:\\nvm4w\\nodejs\\lib\\node"]
MODULE 45160: load "C:\\Users\\Daniel\\Documents\\projects\\SyncClassroom\\repos\\ai-editor\\node_modules\\has-value\\node_modules\\isobject\\index.js" for module "C:\\Users\\Daniel\\Documents\\projects\\SyncClassroom\\repos\\ai-editor\\node_modules\\has-value\\node_modules\\isobject\\index.js"
MODULE 45160: Module._load REQUEST isarray parent: C:\Users\Daniel\Documents\projects\SyncClassroom\repos\ai-editor\node_modules\has-value\node_modules\isobject\index.js
MODULE 45160: looking for "isarray" in ["C:\\Users\\Daniel\\Documents\\projects\\SyncClassroom\\repos\\ai-editor\\node_modules\\has-value\\node_modules\\isobject\\node_modules","C:\\Users\\Daniel\\Documents\\projects\\SyncClassroom\\repos\\ai-editor\\node_modules\\has-value\\node_modules","C:\\Users\\Daniel\\Documents\\projects\\SyncClassroom\\repos\\ai-editor\\node_modules","C:\\Users\\Daniel\\Documents\\projects\\SyncClassroom\\repos\\node_modules","C:\\Users\\Daniel\\Documents\\projects\\SyncClassroom\\node_modules","C:\\Users\\Daniel\\Documents\\projects\\node_modules","C:\\Users\\Daniel\\Documents\\node_modules","C:\\Users\\Daniel\\node_modules","C:\\Users\\node_modules","C:\\node_modules","C:\\Users\\Daniel\\.node_modules","C:\\Users\\Daniel\\.node_libraries","C:\\nvm4w\\nodejs\\lib\\node"]
MODULE 45160: load "C:\\Users\\Daniel\\Documents\\projects\\SyncClassroom\\repos\\ai-editor\\node_modules\\isarray\\index.js" for module "C:\\Users\\Daniel\\Documents\\projects\\SyncClassroom\\repos\\ai-editor\\node_modules\\isarray\\index.js"
MODULE 45160: Module._load REQUEST has-values parent: C:\Users\Daniel\Documents\projects\SyncClassroom\repos\ai-editor\node_modules\has-value\index.js
MODULE 45160: looking for "has-values" in ["C:\\Users\\Daniel\\Documents\\projects\\SyncClassroom\\repos\\ai-editor\\node_modules\\has-value\\node_modules","C:\\Users\\Daniel\\Documents\\projects\\SyncClassroom\\repos\\ai-editor\\node_modules","C:\\Users\\Daniel\\Documents\\projects\\SyncClassroom\\repos\\node_modules","C:\\Users\\Daniel\\Documents\\projects\\SyncClassroom\\node_modules","C:\\Users\\Daniel\\Documents\\projects\\node_modules","C:\\Users\\Daniel\\Documents\\node_modules","C:\\Users\\Daniel\\node_modules","C:\\Users\\node_modules","C:\\node_modules","C:\\Users\\Daniel\\.node_modules","C:\\Users\\Daniel\\.node_libraries","C:\\nvm4w\\nodejs\\lib\\node"]
MODULE 45160: load "C:\\Users\\Daniel\\Documents\\projects\\SyncClassroom\\repos\\ai-editor\\node_modules\\has-values\\index.js" for module "C:\\Users\\Daniel\\Documents\\projects\\SyncClassroom\\repos\\ai-editor\\node_modules\\has-values\\index.js"
MODULE 45160: Module._load REQUEST get-value parent: C:\Users\Daniel\Documents\projects\SyncClassroom\repos\ai-editor\node_modules\has-value\index.js
MODULE 45160: looking for "get-value" in ["C:\\Users\\Daniel\\Documents\\projects\\SyncClassroom\\repos\\ai-editor\\node_modules\\has-value\\node_modules","C:\\Users\\Daniel\\Documents\\projects\\SyncClassroom\\repos\\ai-editor\\node_modules","C:\\Users\\Daniel\\Documents\\projects\\SyncClassroom\\repos\\node_modules","C:\\Users\\Daniel\\Documents\\projects\\SyncClassroom\\node_modules","C:\\Users\\Daniel\\Documents\\projects\\node_modules","C:\\Users\\Daniel\\Documents\\node_modules","C:\\Users\\Daniel\\node_modules","C:\\Users\\node_modules","C:\\node_modules","C:\\Users\\Daniel\\.node_modules","C:\\Users\\Daniel\\.node_libraries","C:\\nvm4w\\nodejs\\lib\\node"]
MODULE 45160: Module._load REQUEST get-value parent: C:\Users\Daniel\Documents\projects\SyncClassroom\repos\ai-editor\node_modules\cache-base\index.js
MODULE 45160: looking for "get-value" in ["C:\\Users\\Daniel\\Documents\\projects\\SyncClassroom\\repos\\ai-editor\\node_modules\\cache-base\\node_modules","C:\\Users\\Daniel\\Documents\\projects\\SyncClassroom\\repos\\ai-editor\\node_modules","C:\\Users\\Daniel\\Documents\\projects\\SyncClassroom\\repos\\node_modules","C:\\Users\\Daniel\\Documents\\projects\\SyncClassroom\\node_modules","C:\\Users\\Daniel\\Documents\\projects\\node_modules","C:\\Users\\Daniel\\Documents\\node_modules","C:\\Users\\Daniel\\node_modules","C:\\Users\\node_modules","C:\\node_modules","C:\\Users\\Daniel\\.node_modules","C:\\Users\\Daniel\\.node_libraries","C:\\nvm4w\\nodejs\\lib\\node"]
MODULE 45160: Module._load REQUEST has-value parent: C:\Users\Daniel\Documents\projects\SyncClassroom\repos\ai-editor\node_modules\cache-base\index.js
MODULE 45160: looking for "has-value" in ["C:\\Users\\Daniel\\Documents\\projects\\SyncClassroom\\repos\\ai-editor\\node_modules\\cache-base\\node_modules","C:\\Users\\Daniel\\Documents\\projects\\SyncClassroom\\repos\\ai-editor\\node_modules","C:\\Users\\Daniel\\Documents\\projects\\SyncClassroom\\repos\\node_modules","C:\\Users\\Daniel\\Documents\\projects\\SyncClassroom\\node_modules","C:\\Users\\Daniel\\Documents\\projects\\node_modules","C:\\Users\\Daniel\\Documents\\node_modules","C:\\Users\\Daniel\\node_modules","C:\\Users\\node_modules","C:\\node_modules","C:\\Users\\Daniel\\.node_modules","C:\\Users\\Daniel\\.node_libraries","C:\\nvm4w\\nodejs\\lib\\node"]
MODULE 45160: load "C:\\Users\\Daniel\\Documents\\projects\\SyncClassroom\\repos\\ai-editor\\node_modules\\cache-base\\node_modules\\has-value\\index.js" for module "C:\\Users\\Daniel\\Documents\\projects\\SyncClassroom\\repos\\ai-editor\\node_modules\\cache-base\\node_modules\\has-value\\index.js"
MODULE 45160: Module._load REQUEST isobject parent: C:\Users\Daniel\Documents\projects\SyncClassroom\repos\ai-editor\node_modules\cache-base\node_modules\has-value\index.js
MODULE 45160: looking for "isobject" in ["C:\\Users\\Daniel\\Documents\\projects\\SyncClassroom\\repos\\ai-editor\\node_modules\\cache-base\\node_modules\\has-value\\node_modules","C:\\Users\\Daniel\\Documents\\projects\\SyncClassroom\\repos\\ai-editor\\node_modules\\cache-base\\node_modules","C:\\Users\\Daniel\\Documents\\projects\\SyncClassroom\\repos\\ai-editor\\node_modules","C:\\Users\\Daniel\\Documents\\projects\\SyncClassroom\\repos\\node_modules","C:\\Users\\Daniel\\Documents\\projects\\SyncClassroom\\node_modules","C:\\Users\\Daniel\\Documents\\projects\\node_modules","C:\\Users\\Daniel\\Documents\\node_modules","C:\\Users\\Daniel\\node_modules","C:\\Users\\node_modules","C:\\node_modules","C:\\Users\\Daniel\\.node_modules","C:\\Users\\Daniel\\.node_libraries","C:\\nvm4w\\nodejs\\lib\\node"]
MODULE 45160: Module._load REQUEST has-values parent: C:\Users\Daniel\Documents\projects\SyncClassroom\repos\ai-editor\node_modules\cache-base\node_modules\has-value\index.js
MODULE 45160: looking for "has-values" in ["C:\\Users\\Daniel\\Documents\\projects\\SyncClassroom\\repos\\ai-editor\\node_modules\\cache-base\\node_modules\\has-value\\node_modules","C:\\Users\\Daniel\\Documents\\projects\\SyncClassroom\\repos\\ai-editor\\node_modules\\cache-base\\node_modules","C:\\Users\\Daniel\\Documents\\projects\\SyncClassroom\\repos\\ai-editor\\node_modules","C:\\Users\\Daniel\\Documents\\projects\\SyncClassroom\\repos\\node_modules","C:\\Users\\Daniel\\Documents\\projects\\SyncClassroom\\node_modules","C:\\Users\\Daniel\\Documents\\projects\\node_modules","C:\\Users\\Daniel\\Documents\\node_modules","C:\\Users\\Daniel\\node_modules","C:\\Users\\node_modules","C:\\node_modules","C:\\Users\\Daniel\\.node_modules","C:\\Users\\Daniel\\.node_libraries","C:\\nvm4w\\nodejs\\lib\\node"]
MODULE 45160: load "C:\\Users\\Daniel\\Documents\\projects\\SyncClassroom\\repos\\ai-editor\\node_modules\\cache-base\\node_modules\\has-values\\index.js" for module "C:\\Users\\Daniel\\Documents\\projects\\SyncClassroom\\repos\\ai-editor\\node_modules\\cache-base\\node_modules\\has-values\\index.js"
MODULE 45160: Module._load REQUEST kind-of parent: C:\Users\Daniel\Documents\projects\SyncClassroom\repos\ai-editor\node_modules\cache-base\node_modules\has-values\index.js
MODULE 45160: looking for "kind-of" in ["C:\\Users\\Daniel\\Documents\\projects\\SyncClassroom\\repos\\ai-editor\\node_modules\\cache-base\\node_modules\\has-values\\node_modules","C:\\Users\\Daniel\\Documents\\projects\\SyncClassroom\\repos\\ai-editor\\node_modules\\cache-base\\node_modules","C:\\Users\\Daniel\\Documents\\projects\\SyncClassroom\\repos\\ai-editor\\node_modules","C:\\Users\\Daniel\\Documents\\projects\\SyncClassroom\\repos\\node_modules","C:\\Users\\Daniel\\Documents\\projects\\SyncClassroom\\node_modules","C:\\Users\\Daniel\\Documents\\projects\\node_modules","C:\\Users\\Daniel\\Documents\\node_modules","C:\\Users\\Daniel\\node_modules","C:\\Users\\node_modules","C:\\node_modules","C:\\Users\\Daniel\\.node_modules","C:\\Users\\Daniel\\.node_libraries","C:\\nvm4w\\nodejs\\lib\\node"]
MODULE 45160: load "C:\\Users\\Daniel\\Documents\\projects\\SyncClassroom\\repos\\ai-editor\\node_modules\\cache-base\\node_modules\\kind-of\\index.js" for module "C:\\Users\\Daniel\\Documents\\projects\\SyncClassroom\\repos\\ai-editor\\node_modules\\cache-base\\node_modules\\kind-of\\index.js"
MODULE 45160: Module._load REQUEST is-buffer parent: C:\Users\Daniel\Documents\projects\SyncClassroom\repos\ai-editor\node_modules\cache-base\node_modules\kind-of\index.js
MODULE 45160: looking for "is-buffer" in ["C:\\Users\\Daniel\\Documents\\projects\\SyncClassroom\\repos\\ai-editor\\node_modules\\cache-base\\node_modules\\kind-of\\node_modules","C:\\Users\\Daniel\\Documents\\projects\\SyncClassroom\\repos\\ai-editor\\node_modules\\cache-base\\node_modules","C:\\Users\\Daniel\\Documents\\projects\\SyncClassroom\\repos\\ai-editor\\node_modules","C:\\Users\\Daniel\\Documents\\projects\\SyncClassroom\\repos\\node_modules","C:\\Users\\Daniel\\Documents\\projects\\SyncClassroom\\node_modules","C:\\Users\\Daniel\\Documents\\projects\\node_modules","C:\\Users\\Daniel\\Documents\\node_modules","C:\\Users\\Daniel\\node_modules","C:\\Users\\node_modules","C:\\node_modules","C:\\Users\\Daniel\\.node_modules","C:\\Users\\Daniel\\.node_libraries","C:\\nvm4w\\nodejs\\lib\\node"]
MODULE 45160: Module._load REQUEST is-number parent: C:\Users\Daniel\Documents\projects\SyncClassroom\repos\ai-editor\node_modules\cache-base\node_modules\has-values\index.js
MODULE 45160: looking for "is-number" in ["C:\\Users\\Daniel\\Documents\\projects\\SyncClassroom\\repos\\ai-editor\\node_modules\\cache-base\\node_modules\\has-values\\node_modules","C:\\Users\\Daniel\\Documents\\projects\\SyncClassroom\\repos\\ai-editor\\node_modules\\cache-base\\node_modules","C:\\Users\\Daniel\\Documents\\projects\\SyncClassroom\\repos\\ai-editor\\node_modules","C:\\Users\\Daniel\\Documents\\projects\\SyncClassroom\\repos\\node_modules","C:\\Users\\Daniel\\Documents\\projects\\SyncClassroom\\node_modules","C:\\Users\\Daniel\\Documents\\projects\\node_modules","C:\\Users\\Daniel\\Documents\\node_modules","C:\\Users\\Daniel\\node_modules","C:\\Users\\node_modules","C:\\node_modules","C:\\Users\\Daniel\\.node_modules","C:\\Users\\Daniel\\.node_libraries","C:\\nvm4w\\nodejs\\lib\\node"]
MODULE 45160: Module._load REQUEST get-value parent: C:\Users\Daniel\Documents\projects\SyncClassroom\repos\ai-editor\node_modules\cache-base\node_modules\has-value\index.js
MODULE 45160: looking for "get-value" in ["C:\\Users\\Daniel\\Documents\\projects\\SyncClassroom\\repos\\ai-editor\\node_modules\\cache-base\\node_modules\\has-value\\node_modules","C:\\Users\\Daniel\\Documents\\projects\\SyncClassroom\\repos\\ai-editor\\node_modules\\cache-base\\node_modules","C:\\Users\\Daniel\\Documents\\projects\\SyncClassroom\\repos\\ai-editor\\node_modules","C:\\Users\\Daniel\\Documents\\projects\\SyncClassroom\\repos\\node_modules","C:\\Users\\Daniel\\Documents\\projects\\SyncClassroom\\node_modules","C:\\Users\\Daniel\\Documents\\projects\\node_modules","C:\\Users\\Daniel\\Documents\\node_modules","C:\\Users\\Daniel\\node_modules","C:\\Users\\node_modules","C:\\node_modules","C:\\Users\\Daniel\\.node_modules","C:\\Users\\Daniel\\.node_libraries","C:\\nvm4w\\nodejs\\lib\\node"]
MODULE 45160: Module._load REQUEST set-value parent: C:\Users\Daniel\Documents\projects\SyncClassroom\repos\ai-editor\node_modules\cache-base\index.js
MODULE 45160: looking for "set-value" in ["C:\\Users\\Daniel\\Documents\\projects\\SyncClassroom\\repos\\ai-editor\\node_modules\\cache-base\\node_modules","C:\\Users\\Daniel\\Documents\\projects\\SyncClassroom\\repos\\ai-editor\\node_modules","C:\\Users\\Daniel\\Documents\\projects\\SyncClassroom\\repos\\node_modules","C:\\Users\\Daniel\\Documents\\projects\\SyncClassroom\\node_modules","C:\\Users\\Daniel\\Documents\\projects\\node_modules","C:\\Users\\Daniel\\Documents\\node_modules","C:\\Users\\Daniel\\node_modules","C:\\Users\\node_modules","C:\\node_modules","C:\\Users\\Daniel\\.node_modules","C:\\Users\\Daniel\\.node_libraries","C:\\nvm4w\\nodejs\\lib\\node"]
MODULE 45160: Module._load REQUEST component-emitter parent: C:\Users\Daniel\Documents\projects\SyncClassroom\repos\ai-editor\node_modules\base\index.js
MODULE 45160: looking for "component-emitter" in ["C:\\Users\\Daniel\\Documents\\projects\\SyncClassroom\\repos\\ai-editor\\node_modules\\base\\node_modules","C:\\Users\\Daniel\\Documents\\projects\\SyncClassroom\\repos\\ai-editor\\node_modules","C:\\Users\\Daniel\\Documents\\projects\\SyncClassroom\\repos\\node_modules","C:\\Users\\Daniel\\Documents\\projects\\SyncClassroom\\node_modules","C:\\Users\\Daniel\\Documents\\projects\\node_modules","C:\\Users\\Daniel\\Documents\\node_modules","C:\\Users\\Daniel\\node_modules","C:\\Users\\node_modules","C:\\node_modules","C:\\Users\\Daniel\\.node_modules","C:\\Users\\Daniel\\.node_libraries","C:\\nvm4w\\nodejs\\lib\\node"]
MODULE 45160: Module._load REQUEST isobject parent: C:\Users\Daniel\Documents\projects\SyncClassroom\repos\ai-editor\node_modules\base\index.js
MODULE 45160: looking for "isobject" in ["C:\\Users\\Daniel\\Documents\\projects\\SyncClassroom\\repos\\ai-editor\\node_modules\\base\\node_modules","C:\\Users\\Daniel\\Documents\\projects\\SyncClassroom\\repos\\ai-editor\\node_modules","C:\\Users\\Daniel\\Documents\\projects\\SyncClassroom\\repos\\node_modules","C:\\Users\\Daniel\\Documents\\projects\\SyncClassroom\\node_modules","C:\\Users\\Daniel\\Documents\\projects\\node_modules","C:\\Users\\Daniel\\Documents\\node_modules","C:\\Users\\Daniel\\node_modules","C:\\Users\\node_modules","C:\\node_modules","C:\\Users\\Daniel\\.node_modules","C:\\Users\\Daniel\\.node_libraries","C:\\nvm4w\\nodejs\\lib\\node"]
MODULE 45160: Module._load REQUEST mixin-deep parent: C:\Users\Daniel\Documents\projects\SyncClassroom\repos\ai-editor\node_modules\base\index.js
MODULE 45160: looking for "mixin-deep" in ["C:\\Users\\Daniel\\Documents\\projects\\SyncClassroom\\repos\\ai-editor\\node_modules\\base\\node_modules","C:\\Users\\Daniel\\Documents\\projects\\SyncClassroom\\repos\\ai-editor\\node_modules","C:\\Users\\Daniel\\Documents\\projects\\SyncClassroom\\repos\\node_modules","C:\\Users\\Daniel\\Documents\\projects\\SyncClassroom\\node_modules","C:\\Users\\Daniel\\Documents\\projects\\node_modules","C:\\Users\\Daniel\\Documents\\node_modules","C:\\Users\\Daniel\\node_modules","C:\\Users\\node_modules","C:\\node_modules","C:\\Users\\Daniel\\.node_modules","C:\\Users\\Daniel\\.node_libraries","C:\\nvm4w\\nodejs\\lib\\node"]
MODULE 45160: load "C:\\Users\\Daniel\\Documents\\projects\\SyncClassroom\\repos\\ai-editor\\node_modules\\mixin-deep\\index.js" for module "C:\\Users\\Daniel\\Documents\\projects\\SyncClassroom\\repos\\ai-editor\\node_modules\\mixin-deep\\index.js"
MODULE 45160: Module._load REQUEST is-extendable parent: C:\Users\Daniel\Documents\projects\SyncClassroom\repos\ai-editor\node_modules\mixin-deep\index.js
MODULE 45160: looking for "is-extendable" in ["C:\\Users\\Daniel\\Documents\\projects\\SyncClassroom\\repos\\ai-editor\\node_modules\\mixin-deep\\node_modules","C:\\Users\\Daniel\\Documents\\projects\\SyncClassroom\\repos\\ai-editor\\node_modules","C:\\Users\\Daniel\\Documents\\projects\\SyncClassroom\\repos\\node_modules","C:\\Users\\Daniel\\Documents\\projects\\SyncClassroom\\node_modules","C:\\Users\\Daniel\\Documents\\projects\\node_modules","C:\\Users\\Daniel\\Documents\\node_modules","C:\\Users\\Daniel\\node_modules","C:\\Users\\node_modules","C:\\node_modules","C:\\Users\\Daniel\\.node_modules","C:\\Users\\Daniel\\.node_libraries","C:\\nvm4w\\nodejs\\lib\\node"]
MODULE 45160: load "C:\\Users\\Daniel\\Documents\\projects\\SyncClassroom\\repos\\ai-editor\\node_modules\\mixin-deep\\node_modules\\is-extendable\\index.js" for module "C:\\Users\\Daniel\\Documents\\projects\\SyncClassroom\\repos\\ai-editor\\node_modules\\mixin-deep\\node_modules\\is-extendable\\index.js"
MODULE 45160: Module._load REQUEST is-plain-object parent: C:\Users\Daniel\Documents\projects\SyncClassroom\repos\ai-editor\node_modules\mixin-deep\node_modules\is-extendable\index.js
MODULE 45160: looking for "is-plain-object" in ["C:\\Users\\Daniel\\Documents\\projects\\SyncClassroom\\repos\\ai-editor\\node_modules\\mixin-deep\\node_modules\\is-extendable\\node_modules","C:\\Users\\Daniel\\Documents\\projects\\SyncClassroom\\repos\\ai-editor\\node_modules\\mixin-deep\\node_modules","C:\\Users\\Daniel\\Documents\\projects\\SyncClassroom\\repos\\ai-editor\\node_modules","C:\\Users\\Daniel\\Documents\\projects\\SyncClassroom\\repos\\node_modules","C:\\Users\\Daniel\\Documents\\projects\\SyncClassroom\\node_modules","C:\\Users\\Daniel\\Documents\\projects\\node_modules","C:\\Users\\Daniel\\Documents\\node_modules","C:\\Users\\Daniel\\node_modules","C:\\Users\\node_modules","C:\\node_modules","C:\\Users\\Daniel\\.node_modules","C:\\Users\\Daniel\\.node_libraries","C:\\nvm4w\\nodejs\\lib\\node"]
MODULE 45160: Module._load REQUEST for-in parent: C:\Users\Daniel\Documents\projects\SyncClassroom\repos\ai-editor\node_modules\mixin-deep\index.js
MODULE 45160: looking for "for-in" in ["C:\\Users\\Daniel\\Documents\\projects\\SyncClassroom\\repos\\ai-editor\\node_modules\\mixin-deep\\node_modules","C:\\Users\\Daniel\\Documents\\projects\\SyncClassroom\\repos\\ai-editor\\node_modules","C:\\Users\\Daniel\\Documents\\projects\\SyncClassroom\\repos\\node_modules","C:\\Users\\Daniel\\Documents\\projects\\SyncClassroom\\node_modules","C:\\Users\\Daniel\\Documents\\projects\\node_modules","C:\\Users\\Daniel\\Documents\\node_modules","C:\\Users\\Daniel\\node_modules","C:\\Users\\node_modules","C:\\node_modules","C:\\Users\\Daniel\\.node_modules","C:\\Users\\Daniel\\.node_libraries","C:\\nvm4w\\nodejs\\lib\\node"]
MODULE 45160: Module._load REQUEST pascalcase parent: C:\Users\Daniel\Documents\projects\SyncClassroom\repos\ai-editor\node_modules\base\index.js
MODULE 45160: looking for "pascalcase" in ["C:\\Users\\Daniel\\Documents\\projects\\SyncClassroom\\repos\\ai-editor\\node_modules\\base\\node_modules","C:\\Users\\Daniel\\Documents\\projects\\SyncClassroom\\repos\\ai-editor\\node_modules","C:\\Users\\Daniel\\Documents\\projects\\SyncClassroom\\repos\\node_modules","C:\\Users\\Daniel\\Documents\\projects\\SyncClassroom\\node_modules","C:\\Users\\Daniel\\Documents\\projects\\node_modules","C:\\Users\\Daniel\\Documents\\node_modules","C:\\Users\\Daniel\\node_modules","C:\\Users\\node_modules","C:\\node_modules","C:\\Users\\Daniel\\.node_modules","C:\\Users\\Daniel\\.node_libraries","C:\\nvm4w\\nodejs\\lib\\node"]
MODULE 45160: load "C:\\Users\\Daniel\\Documents\\projects\\SyncClassroom\\repos\\ai-editor\\node_modules\\pascalcase\\index.js" for module "C:\\Users\\Daniel\\Documents\\projects\\SyncClassroom\\repos\\ai-editor\\node_modules\\pascalcase\\index.js"
MODULE 45160: Module._load REQUEST class-utils parent: C:\Users\Daniel\Documents\projects\SyncClassroom\repos\ai-editor\node_modules\base\index.js
MODULE 45160: looking for "class-utils" in ["C:\\Users\\Daniel\\Documents\\projects\\SyncClassroom\\repos\\ai-editor\\node_modules\\base\\node_modules","C:\\Users\\Daniel\\Documents\\projects\\SyncClassroom\\repos\\ai-editor\\node_modules","C:\\Users\\Daniel\\Documents\\projects\\SyncClassroom\\repos\\node_modules","C:\\Users\\Daniel\\Documents\\projects\\SyncClassroom\\node_modules","C:\\Users\\Daniel\\Documents\\projects\\node_modules","C:\\Users\\Daniel\\Documents\\node_modules","C:\\Users\\Daniel\\node_modules","C:\\Users\\node_modules","C:\\node_modules","C:\\Users\\Daniel\\.node_modules","C:\\Users\\Daniel\\.node_libraries","C:\\nvm4w\\nodejs\\lib\\node"]
MODULE 45160: load "C:\\Users\\Daniel\\Documents\\projects\\SyncClassroom\\repos\\ai-editor\\node_modules\\class-utils\\index.js" for module "C:\\Users\\Daniel\\Documents\\projects\\SyncClassroom\\repos\\ai-editor\\node_modules\\class-utils\\index.js"
MODULE 45160: Module._load REQUEST util parent: C:\Users\Daniel\Documents\projects\SyncClassroom\repos\ai-editor\node_modules\class-utils\index.js
MODULE 45160: load built-in module util
MODULE 45160: Module._load REQUEST arr-union parent: C:\Users\Daniel\Documents\projects\SyncClassroom\repos\ai-editor\node_modules\class-utils\index.js
MODULE 45160: looking for "arr-union" in ["C:\\Users\\Daniel\\Documents\\projects\\SyncClassroom\\repos\\ai-editor\\node_modules\\class-utils\\node_modules","C:\\Users\\Daniel\\Documents\\projects\\SyncClassroom\\repos\\ai-editor\\node_modules","C:\\Users\\Daniel\\Documents\\projects\\SyncClassroom\\repos\\node_modules","C:\\Users\\Daniel\\Documents\\projects\\SyncClassroom\\node_modules","C:\\Users\\Daniel\\Documents\\projects\\node_modules","C:\\Users\\Daniel\\Documents\\node_modules","C:\\Users\\Daniel\\node_modules","C:\\Users\\node_modules","C:\\node_modules","C:\\Users\\Daniel\\.node_modules","C:\\Users\\Daniel\\.node_libraries","C:\\nvm4w\\nodejs\\lib\\node"]
MODULE 45160: Module._load REQUEST define-property parent: C:\Users\Daniel\Documents\projects\SyncClassroom\repos\ai-editor\node_modules\class-utils\index.js
MODULE 45160: looking for "define-property" in ["C:\\Users\\Daniel\\Documents\\projects\\SyncClassroom\\repos\\ai-editor\\node_modules\\class-utils\\node_modules","C:\\Users\\Daniel\\Documents\\projects\\SyncClassroom\\repos\\ai-editor\\node_modules","C:\\Users\\Daniel\\Documents\\projects\\SyncClassroom\\repos\\node_modules","C:\\Users\\Daniel\\Documents\\projects\\SyncClassroom\\node_modules","C:\\Users\\Daniel\\Documents\\projects\\node_modules","C:\\Users\\Daniel\\Documents\\node_modules","C:\\Users\\Daniel\\node_modules","C:\\Users\\node_modules","C:\\node_modules","C:\\Users\\Daniel\\.node_modules","C:\\Users\\Daniel\\.node_libraries","C:\\nvm4w\\nodejs\\lib\\node"]
MODULE 45160: load "C:\\Users\\Daniel\\Documents\\projects\\SyncClassroom\\repos\\ai-editor\\node_modules\\define-property\\index.js" for module "C:\\Users\\Daniel\\Documents\\projects\\SyncClassroom\\repos\\ai-editor\\node_modules\\define-property\\index.js"
MODULE 45160: Module._load REQUEST is-descriptor parent: C:\Users\Daniel\Documents\projects\SyncClassroom\repos\ai-editor\node_modules\define-property\index.js
MODULE 45160: looking for "is-descriptor" in ["C:\\Users\\Daniel\\Documents\\projects\\SyncClassroom\\repos\\ai-editor\\node_modules\\define-property\\node_modules","C:\\Users\\Daniel\\Documents\\projects\\SyncClassroom\\repos\\ai-editor\\node_modules","C:\\Users\\Daniel\\Documents\\projects\\SyncClassroom\\repos\\node_modules","C:\\Users\\Daniel\\Documents\\projects\\SyncClassroom\\node_modules","C:\\Users\\Daniel\\Documents\\projects\\node_modules","C:\\Users\\Daniel\\Documents\\node_modules","C:\\Users\\Daniel\\node_modules","C:\\Users\\node_modules","C:\\node_modules","C:\\Users\\Daniel\\.node_modules","C:\\Users\\Daniel\\.node_libraries","C:\\nvm4w\\nodejs\\lib\\node"]
MODULE 45160: load "C:\\Users\\Daniel\\Documents\\projects\\SyncClassroom\\repos\\ai-editor\\node_modules\\define-property\\node_modules\\is-descriptor\\index.js" for module "C:\\Users\\Daniel\\Documents\\projects\\SyncClassroom\\repos\\ai-editor\\node_modules\\define-property\\node_modules\\is-descriptor\\index.js"
MODULE 45160: Module._load REQUEST is-accessor-descriptor parent: C:\Users\Daniel\Documents\projects\SyncClassroom\repos\ai-editor\node_modules\define-property\node_modules\is-descriptor\index.js
MODULE 45160: looking for "is-accessor-descriptor" in ["C:\\Users\\Daniel\\Documents\\projects\\SyncClassroom\\repos\\ai-editor\\node_modules\\define-property\\node_modules\\is-descriptor\\node_modules","C:\\Users\\Daniel\\Documents\\projects\\SyncClassroom\\repos\\ai-editor\\node_modules\\define-property\\node_modules","C:\\Users\\Daniel\\Documents\\projects\\SyncClassroom\\repos\\ai-editor\\node_modules","C:\\Users\\Daniel\\Documents\\projects\\SyncClassroom\\repos\\node_modules","C:\\Users\\Daniel\\Documents\\projects\\SyncClassroom\\node_modules","C:\\Users\\Daniel\\Documents\\projects\\node_modules","C:\\Users\\Daniel\\Documents\\node_modules","C:\\Users\\Daniel\\node_modules","C:\\Users\\node_modules","C:\\node_modules","C:\\Users\\Daniel\\.node_modules","C:\\Users\\Daniel\\.node_libraries","C:\\nvm4w\\nodejs\\lib\\node"]
MODULE 45160: Module._load REQUEST is-data-descriptor parent: C:\Users\Daniel\Documents\projects\SyncClassroom\repos\ai-editor\node_modules\define-property\node_modules\is-descriptor\index.js
MODULE 45160: looking for "is-data-descriptor" in ["C:\\Users\\Daniel\\Documents\\projects\\SyncClassroom\\repos\\ai-editor\\node_modules\\define-property\\node_modules\\is-descriptor\\node_modules","C:\\Users\\Daniel\\Documents\\projects\\SyncClassroom\\repos\\ai-editor\\node_modules\\define-property\\node_modules","C:\\Users\\Daniel\\Documents\\projects\\SyncClassroom\\repos\\ai-editor\\node_modules","C:\\Users\\Daniel\\Documents\\projects\\SyncClassroom\\repos\\node_modules","C:\\Users\\Daniel\\Documents\\projects\\SyncClassroom\\node_modules","C:\\Users\\Daniel\\Documents\\projects\\node_modules","C:\\Users\\Daniel\\Documents\\node_modules","C:\\Users\\Daniel\\node_modules","C:\\Users\\node_modules","C:\\node_modules","C:\\Users\\Daniel\\.node_modules","C:\\Users\\Daniel\\.node_libraries","C:\\nvm4w\\nodejs\\lib\\node"]
MODULE 45160: Module._load REQUEST static-extend parent: C:\Users\Daniel\Documents\projects\SyncClassroom\repos\ai-editor\node_modules\class-utils\index.js
MODULE 45160: looking for "static-extend" in ["C:\\Users\\Daniel\\Documents\\projects\\SyncClassroom\\repos\\ai-editor\\node_modules\\class-utils\\node_modules","C:\\Users\\Daniel\\Documents\\projects\\SyncClassroom\\repos\\ai-editor\\node_modules","C:\\Users\\Daniel\\Documents\\projects\\SyncClassroom\\repos\\node_modules","C:\\Users\\Daniel\\Documents\\projects\\SyncClassroom\\node_modules","C:\\Users\\Daniel\\Documents\\projects\\node_modules","C:\\Users\\Daniel\\Documents\\node_modules","C:\\Users\\Daniel\\node_modules","C:\\Users\\node_modules","C:\\node_modules","C:\\Users\\Daniel\\.node_modules","C:\\Users\\Daniel\\.node_libraries","C:\\nvm4w\\nodejs\\lib\\node"]
MODULE 45160: load "C:\\Users\\Daniel\\Documents\\projects\\SyncClassroom\\repos\\ai-editor\\node_modules\\static-extend\\index.js" for module "C:\\Users\\Daniel\\Documents\\projects\\SyncClassroom\\repos\\ai-editor\\node_modules\\static-extend\\index.js"
MODULE 45160: Module._load REQUEST object-copy parent: C:\Users\Daniel\Documents\projects\SyncClassroom\repos\ai-editor\node_modules\static-extend\index.js
MODULE 45160: looking for "object-copy" in ["C:\\Users\\Daniel\\Documents\\projects\\SyncClassroom\\repos\\ai-editor\\node_modules\\static-extend\\node_modules","C:\\Users\\Daniel\\Documents\\projects\\SyncClassroom\\repos\\ai-editor\\node_modules","C:\\Users\\Daniel\\Documents\\projects\\SyncClassroom\\repos\\node_modules","C:\\Users\\Daniel\\Documents\\projects\\SyncClassroom\\node_modules","C:\\Users\\Daniel\\Documents\\projects\\node_modules","C:\\Users\\Daniel\\Documents\\node_modules","C:\\Users\\Daniel\\node_modules","C:\\Users\\node_modules","C:\\node_modules","C:\\Users\\Daniel\\.node_modules","C:\\Users\\Daniel\\.node_libraries","C:\\nvm4w\\nodejs\\lib\\node"]
MODULE 45160: load "C:\\Users\\Daniel\\Documents\\projects\\SyncClassroom\\repos\\ai-editor\\node_modules\\object-copy\\index.js" for module "C:\\Users\\Daniel\\Documents\\projects\\SyncClassroom\\repos\\ai-editor\\node_modules\\object-copy\\index.js"
MODULE 45160: Module._load REQUEST kind-of parent: C:\Users\Daniel\Documents\projects\SyncClassroom\repos\ai-editor\node_modules\object-copy\index.js
MODULE 45160: looking for "kind-of" in ["C:\\Users\\Daniel\\Documents\\projects\\SyncClassroom\\repos\\ai-editor\\node_modules\\object-copy\\node_modules","C:\\Users\\Daniel\\Documents\\projects\\SyncClassroom\\repos\\ai-editor\\node_modules","C:\\Users\\Daniel\\Documents\\projects\\SyncClassroom\\repos\\node_modules","C:\\Users\\Daniel\\Documents\\projects\\SyncClassroom\\node_modules","C:\\Users\\Daniel\\Documents\\projects\\node_modules","C:\\Users\\Daniel\\Documents\\node_modules","C:\\Users\\Daniel\\node_modules","C:\\Users\\node_modules","C:\\node_modules","C:\\Users\\Daniel\\.node_modules","C:\\Users\\Daniel\\.node_libraries","C:\\nvm4w\\nodejs\\lib\\node"]
MODULE 45160: Module._load REQUEST copy-descriptor parent: C:\Users\Daniel\Documents\projects\SyncClassroom\repos\ai-editor\node_modules\object-copy\index.js
MODULE 45160: looking for "copy-descriptor" in ["C:\\Users\\Daniel\\Documents\\projects\\SyncClassroom\\repos\\ai-editor\\node_modules\\object-copy\\node_modules","C:\\Users\\Daniel\\Documents\\projects\\SyncClassroom\\repos\\ai-editor\\node_modules","C:\\Users\\Daniel\\Documents\\projects\\SyncClassroom\\repos\\node_modules","C:\\Users\\Daniel\\Documents\\projects\\SyncClassroom\\node_modules","C:\\Users\\Daniel\\Documents\\projects\\node_modules","C:\\Users\\Daniel\\Documents\\node_modules","C:\\Users\\Daniel\\node_modules","C:\\Users\\node_modules","C:\\node_modules","C:\\Users\\Daniel\\.node_modules","C:\\Users\\Daniel\\.node_libraries","C:\\nvm4w\\nodejs\\lib\\node"]
MODULE 45160: load "C:\\Users\\Daniel\\Documents\\projects\\SyncClassroom\\repos\\ai-editor\\node_modules\\copy-descriptor\\index.js" for module "C:\\Users\\Daniel\\Documents\\projects\\SyncClassroom\\repos\\ai-editor\\node_modules\\copy-descriptor\\index.js"
MODULE 45160: Module._load REQUEST define-property parent: C:\Users\Daniel\Documents\projects\SyncClassroom\repos\ai-editor\node_modules\object-copy\index.js
MODULE 45160: looking for "define-property" in ["C:\\Users\\Daniel\\Documents\\projects\\SyncClassroom\\repos\\ai-editor\\node_modules\\object-copy\\node_modules","C:\\Users\\Daniel\\Documents\\projects\\SyncClassroom\\repos\\ai-editor\\node_modules","C:\\Users\\Daniel\\Documents\\projects\\SyncClassroom\\repos\\node_modules","C:\\Users\\Daniel\\Documents\\projects\\SyncClassroom\\node_modules","C:\\Users\\Daniel\\Documents\\projects\\node_modules","C:\\Users\\Daniel\\Documents\\node_modules","C:\\Users\\Daniel\\node_modules","C:\\Users\\node_modules","C:\\node_modules","C:\\Users\\Daniel\\.node_modules","C:\\Users\\Daniel\\.node_libraries","C:\\nvm4w\\nodejs\\lib\\node"]
MODULE 45160: Module._load REQUEST define-property parent: C:\Users\Daniel\Documents\projects\SyncClassroom\repos\ai-editor\node_modules\static-extend\index.js
MODULE 45160: looking for "define-property" in ["C:\\Users\\Daniel\\Documents\\projects\\SyncClassroom\\repos\\ai-editor\\node_modules\\static-extend\\node_modules","C:\\Users\\Daniel\\Documents\\projects\\SyncClassroom\\repos\\ai-editor\\node_modules","C:\\Users\\Daniel\\Documents\\projects\\SyncClassroom\\repos\\node_modules","C:\\Users\\Daniel\\Documents\\projects\\SyncClassroom\\node_modules","C:\\Users\\Daniel\\Documents\\projects\\node_modules","C:\\Users\\Daniel\\Documents\\node_modules","C:\\Users\\Daniel\\node_modules","C:\\Users\\node_modules","C:\\node_modules","C:\\Users\\Daniel\\.node_modules","C:\\Users\\Daniel\\.node_libraries","C:\\nvm4w\\nodejs\\lib\\node"]
MODULE 45160: Module._load REQUEST util parent: C:\Users\Daniel\Documents\projects\SyncClassroom\repos\ai-editor\node_modules\static-extend\index.js
MODULE 45160: load built-in module util
MODULE 45160: Module._load REQUEST isobject parent: C:\Users\Daniel\Documents\projects\SyncClassroom\repos\ai-editor\node_modules\class-utils\index.js
MODULE 45160: looking for "isobject" in ["C:\\Users\\Daniel\\Documents\\projects\\SyncClassroom\\repos\\ai-editor\\node_modules\\class-utils\\node_modules","C:\\Users\\Daniel\\Documents\\projects\\SyncClassroom\\repos\\ai-editor\\node_modules","C:\\Users\\Daniel\\Documents\\projects\\SyncClassroom\\repos\\node_modules","C:\\Users\\Daniel\\Documents\\projects\\SyncClassroom\\node_modules","C:\\Users\\Daniel\\Documents\\projects\\node_modules","C:\\Users\\Daniel\\Documents\\node_modules","C:\\Users\\Daniel\\node_modules","C:\\Users\\node_modules","C:\\node_modules","C:\\Users\\Daniel\\.node_modules","C:\\Users\\Daniel\\.node_libraries","C:\\nvm4w\\nodejs\\lib\\node"]
MODULE 45160: Module._load REQUEST define-property parent: C:\Users\Daniel\Documents\projects\SyncClassroom\repos\ai-editor\node_modules\snapdragon\index.js
MODULE 45160: looking for "define-property" in ["C:\\Users\\Daniel\\Documents\\projects\\SyncClassroom\\repos\\ai-editor\\node_modules\\snapdragon\\node_modules","C:\\Users\\Daniel\\Documents\\projects\\SyncClassroom\\repos\\ai-editor\\node_modules","C:\\Users\\Daniel\\Documents\\projects\\SyncClassroom\\repos\\node_modules","C:\\Users\\Daniel\\Documents\\projects\\SyncClassroom\\node_modules","C:\\Users\\Daniel\\Documents\\projects\\node_modules","C:\\Users\\Daniel\\Documents\\node_modules","C:\\Users\\Daniel\\node_modules","C:\\Users\\node_modules","C:\\node_modules","C:\\Users\\Daniel\\.node_modules","C:\\Users\\Daniel\\.node_libraries","C:\\nvm4w\\nodejs\\lib\\node"]
MODULE 45160: Module._load REQUEST ./lib/compiler parent: C:\Users\Daniel\Documents\projects\SyncClassroom\repos\ai-editor\node_modules\snapdragon\index.js
MODULE 45160: RELATIVE: requested: ./lib/compiler from parent.id C:\Users\Daniel\Documents\projects\SyncClassroom\repos\ai-editor\node_modules\snapdragon\index.js
MODULE 45160: looking for ["C:\\Users\\Daniel\\Documents\\projects\\SyncClassroom\\repos\\ai-editor\\node_modules\\snapdragon"]
MODULE 45160: load "C:\\Users\\Daniel\\Documents\\projects\\SyncClassroom\\repos\\ai-editor\\node_modules\\snapdragon\\lib\\compiler.js" for module "C:\\Users\\Daniel\\Documents\\projects\\SyncClassroom\\repos\\ai-editor\\node_modules\\snapdragon\\lib\\compiler.js"
MODULE 45160: Module._load REQUEST use parent: C:\Users\Daniel\Documents\projects\SyncClassroom\repos\ai-editor\node_modules\snapdragon\lib\compiler.js
MODULE 45160: looking for "use" in ["C:\\Users\\Daniel\\Documents\\projects\\SyncClassroom\\repos\\ai-editor\\node_modules\\snapdragon\\lib\\node_modules","C:\\Users\\Daniel\\Documents\\projects\\SyncClassroom\\repos\\ai-editor\\node_modules\\snapdragon\\node_modules","C:\\Users\\Daniel\\Documents\\projects\\SyncClassroom\\repos\\ai-editor\\node_modules","C:\\Users\\Daniel\\Documents\\projects\\SyncClassroom\\repos\\node_modules","C:\\Users\\Daniel\\Documents\\projects\\SyncClassroom\\node_modules","C:\\Users\\Daniel\\Documents\\projects\\node_modules","C:\\Users\\Daniel\\Documents\\node_modules","C:\\Users\\Daniel\\node_modules","C:\\Users\\node_modules","C:\\node_modules","C:\\Users\\Daniel\\.node_modules","C:\\Users\\Daniel\\.node_libraries","C:\\nvm4w\\nodejs\\lib\\node"]
MODULE 45160: load "C:\\Users\\Daniel\\Documents\\projects\\SyncClassroom\\repos\\ai-editor\\node_modules\\use\\index.js" for module "C:\\Users\\Daniel\\Documents\\projects\\SyncClassroom\\repos\\ai-editor\\node_modules\\use\\index.js"
MODULE 45160: Module._load REQUEST define-property parent: C:\Users\Daniel\Documents\projects\SyncClassroom\repos\ai-editor\node_modules\snapdragon\lib\compiler.js
MODULE 45160: looking for "define-property" in ["C:\\Users\\Daniel\\Documents\\projects\\SyncClassroom\\repos\\ai-editor\\node_modules\\snapdragon\\lib\\node_modules","C:\\Users\\Daniel\\Documents\\projects\\SyncClassroom\\repos\\ai-editor\\node_modules\\snapdragon\\node_modules","C:\\Users\\Daniel\\Documents\\projects\\SyncClassroom\\repos\\ai-editor\\node_modules","C:\\Users\\Daniel\\Documents\\projects\\SyncClassroom\\repos\\node_modules","C:\\Users\\Daniel\\Documents\\projects\\SyncClassroom\\node_modules","C:\\Users\\Daniel\\Documents\\projects\\node_modules","C:\\Users\\Daniel\\Documents\\node_modules","C:\\Users\\Daniel\\node_modules","C:\\Users\\node_modules","C:\\node_modules","C:\\Users\\Daniel\\.node_modules","C:\\Users\\Daniel\\.node_libraries","C:\\nvm4w\\nodejs\\lib\\node"]
MODULE 45160: Module._load REQUEST debug parent: C:\Users\Daniel\Documents\projects\SyncClassroom\repos\ai-editor\node_modules\snapdragon\lib\compiler.js
MODULE 45160: looking for "debug" in ["C:\\Users\\Daniel\\Documents\\projects\\SyncClassroom\\repos\\ai-editor\\node_modules\\snapdragon\\lib\\node_modules","C:\\Users\\Daniel\\Documents\\projects\\SyncClassroom\\repos\\ai-editor\\node_modules\\snapdragon\\node_modules","C:\\Users\\Daniel\\Documents\\projects\\SyncClassroom\\repos\\ai-editor\\node_modules","C:\\Users\\Daniel\\Documents\\projects\\SyncClassroom\\repos\\node_modules","C:\\Users\\Daniel\\Documents\\projects\\SyncClassroom\\node_modules","C:\\Users\\Daniel\\Documents\\projects\\node_modules","C:\\Users\\Daniel\\Documents\\node_modules","C:\\Users\\Daniel\\node_modules","C:\\Users\\node_modules","C:\\node_modules","C:\\Users\\Daniel\\.node_modules","C:\\Users\\Daniel\\.node_libraries","C:\\nvm4w\\nodejs\\lib\\node"]
MODULE 45160: load "C:\\Users\\Daniel\\Documents\\projects\\SyncClassroom\\repos\\ai-editor\\node_modules\\snapdragon\\node_modules\\debug\\src\\index.js" for module "C:\\Users\\Daniel\\Documents\\projects\\SyncClassroom\\repos\\ai-editor\\node_modules\\snapdragon\\node_modules\\debug\\src\\index.js"
MODULE 45160: Module._load REQUEST ./node.js parent: C:\Users\Daniel\Documents\projects\SyncClassroom\repos\ai-editor\node_modules\snapdragon\node_modules\debug\src\index.js
MODULE 45160: RELATIVE: requested: ./node.js from parent.id C:\Users\Daniel\Documents\projects\SyncClassroom\repos\ai-editor\node_modules\snapdragon\node_modules\debug\src\index.js
MODULE 45160: looking for ["C:\\Users\\Daniel\\Documents\\projects\\SyncClassroom\\repos\\ai-editor\\node_modules\\snapdragon\\node_modules\\debug\\src"]
MODULE 45160: load "C:\\Users\\Daniel\\Documents\\projects\\SyncClassroom\\repos\\ai-editor\\node_modules\\snapdragon\\node_modules\\debug\\src\\node.js" for module "C:\\Users\\Daniel\\Documents\\projects\\SyncClassroom\\repos\\ai-editor\\node_modules\\snapdragon\\node_modules\\debug\\src\\node.js"
MODULE 45160: Module._load REQUEST tty parent: C:\Users\Daniel\Documents\projects\SyncClassroom\repos\ai-editor\node_modules\snapdragon\node_modules\debug\src\node.js
MODULE 45160: load built-in module tty
MODULE 45160: Module._load REQUEST util parent: C:\Users\Daniel\Documents\projects\SyncClassroom\repos\ai-editor\node_modules\snapdragon\node_modules\debug\src\node.js
MODULE 45160: load built-in module util
MODULE 45160: Module._load REQUEST ./debug parent: C:\Users\Daniel\Documents\projects\SyncClassroom\repos\ai-editor\node_modules\snapdragon\node_modules\debug\src\node.js
MODULE 45160: RELATIVE: requested: ./debug from parent.id C:\Users\Daniel\Documents\projects\SyncClassroom\repos\ai-editor\node_modules\snapdragon\node_modules\debug\src\node.js
MODULE 45160: looking for ["C:\\Users\\Daniel\\Documents\\projects\\SyncClassroom\\repos\\ai-editor\\node_modules\\snapdragon\\node_modules\\debug\\src"]
MODULE 45160: load "C:\\Users\\Daniel\\Documents\\projects\\SyncClassroom\\repos\\ai-editor\\node_modules\\snapdragon\\node_modules\\debug\\src\\debug.js" for module "C:\\Users\\Daniel\\Documents\\projects\\SyncClassroom\\repos\\ai-editor\\node_modules\\snapdragon\\node_modules\\debug\\src\\debug.js"
MODULE 45160: Module._load REQUEST ms parent: C:\Users\Daniel\Documents\projects\SyncClassroom\repos\ai-editor\node_modules\snapdragon\node_modules\debug\src\debug.js
MODULE 45160: looking for "ms" in ["C:\\Users\\Daniel\\Documents\\projects\\SyncClassroom\\repos\\ai-editor\\node_modules\\snapdragon\\node_modules\\debug\\src\\node_modules","C:\\Users\\Daniel\\Documents\\projects\\SyncClassroom\\repos\\ai-editor\\node_modules\\snapdragon\\node_modules\\debug\\node_modules","C:\\Users\\Daniel\\Documents\\projects\\SyncClassroom\\repos\\ai-editor\\node_modules\\snapdragon\\node_modules","C:\\Users\\Daniel\\Documents\\projects\\SyncClassroom\\repos\\ai-editor\\node_modules","C:\\Users\\Daniel\\Documents\\projects\\SyncClassroom\\repos\\node_modules","C:\\Users\\Daniel\\Documents\\projects\\SyncClassroom\\node_modules","C:\\Users\\Daniel\\Documents\\projects\\node_modules","C:\\Users\\Daniel\\Documents\\node_modules","C:\\Users\\Daniel\\node_modules","C:\\Users\\node_modules","C:\\node_modules","C:\\Users\\Daniel\\.node_modules","C:\\Users\\Daniel\\.node_libraries","C:\\nvm4w\\nodejs\\lib\\node"]
MODULE 45160: load "C:\\Users\\Daniel\\Documents\\projects\\SyncClassroom\\repos\\ai-editor\\node_modules\\snapdragon\\node_modules\\ms\\index.js" for module "C:\\Users\\Daniel\\Documents\\projects\\SyncClassroom\\repos\\ai-editor\\node_modules\\snapdragon\\node_modules\\ms\\index.js"
MODULE 45160: Module._load REQUEST ./utils parent: C:\Users\Daniel\Documents\projects\SyncClassroom\repos\ai-editor\node_modules\snapdragon\lib\compiler.js
MODULE 45160: RELATIVE: requested: ./utils from parent.id C:\Users\Daniel\Documents\projects\SyncClassroom\repos\ai-editor\node_modules\snapdragon\lib\compiler.js
MODULE 45160: looking for ["C:\\Users\\Daniel\\Documents\\projects\\SyncClassroom\\repos\\ai-editor\\node_modules\\snapdragon\\lib"]
MODULE 45160: load "C:\\Users\\Daniel\\Documents\\projects\\SyncClassroom\\repos\\ai-editor\\node_modules\\snapdragon\\lib\\utils.js" for module "C:\\Users\\Daniel\\Documents\\projects\\SyncClassroom\\repos\\ai-editor\\node_modules\\snapdragon\\lib\\utils.js"
MODULE 45160: Module._load REQUEST extend-shallow parent: C:\Users\Daniel\Documents\projects\SyncClassroom\repos\ai-editor\node_modules\snapdragon\lib\utils.js
MODULE 45160: looking for "extend-shallow" in ["C:\\Users\\Daniel\\Documents\\projects\\SyncClassroom\\repos\\ai-editor\\node_modules\\snapdragon\\lib\\node_modules","C:\\Users\\Daniel\\Documents\\projects\\SyncClassroom\\repos\\ai-editor\\node_modules\\snapdragon\\node_modules","C:\\Users\\Daniel\\Documents\\projects\\SyncClassroom\\repos\\ai-editor\\node_modules","C:\\Users\\Daniel\\Documents\\projects\\SyncClassroom\\repos\\node_modules","C:\\Users\\Daniel\\Documents\\projects\\SyncClassroom\\node_modules","C:\\Users\\Daniel\\Documents\\projects\\node_modules","C:\\Users\\Daniel\\Documents\\node_modules","C:\\Users\\Daniel\\node_modules","C:\\Users\\node_modules","C:\\node_modules","C:\\Users\\Daniel\\.node_modules","C:\\Users\\Daniel\\.node_libraries","C:\\nvm4w\\nodejs\\lib\\node"]
MODULE 45160: load "C:\\Users\\Daniel\\Documents\\projects\\SyncClassroom\\repos\\ai-editor\\node_modules\\snapdragon\\node_modules\\extend-shallow\\index.js" for module "C:\\Users\\Daniel\\Documents\\projects\\SyncClassroom\\repos\\ai-editor\\node_modules\\snapdragon\\node_modules\\extend-shallow\\index.js"
MODULE 45160: Module._load REQUEST is-extendable parent: C:\Users\Daniel\Documents\projects\SyncClassroom\repos\ai-editor\node_modules\snapdragon\node_modules\extend-shallow\index.js
MODULE 45160: looking for "is-extendable" in ["C:\\Users\\Daniel\\Documents\\projects\\SyncClassroom\\repos\\ai-editor\\node_modules\\snapdragon\\node_modules\\extend-shallow\\node_modules","C:\\Users\\Daniel\\Documents\\projects\\SyncClassroom\\repos\\ai-editor\\node_modules\\snapdragon\\node_modules","C:\\Users\\Daniel\\Documents\\projects\\SyncClassroom\\repos\\ai-editor\\node_modules","C:\\Users\\Daniel\\Documents\\projects\\SyncClassroom\\repos\\node_modules","C:\\Users\\Daniel\\Documents\\projects\\SyncClassroom\\node_modules","C:\\Users\\Daniel\\Documents\\projects\\node_modules","C:\\Users\\Daniel\\Documents\\node_modules","C:\\Users\\Daniel\\node_modules","C:\\Users\\node_modules","C:\\node_modules","C:\\Users\\Daniel\\.node_modules","C:\\Users\\Daniel\\.node_libraries","C:\\nvm4w\\nodejs\\lib\\node"]
MODULE 45160: Module._load REQUEST source-map parent: C:\Users\Daniel\Documents\projects\SyncClassroom\repos\ai-editor\node_modules\snapdragon\lib\utils.js
MODULE 45160: looking for "source-map" in ["C:\\Users\\Daniel\\Documents\\projects\\SyncClassroom\\repos\\ai-editor\\node_modules\\snapdragon\\lib\\node_modules","C:\\Users\\Daniel\\Documents\\projects\\SyncClassroom\\repos\\ai-editor\\node_modules\\snapdragon\\node_modules","C:\\Users\\Daniel\\Documents\\projects\\SyncClassroom\\repos\\ai-editor\\node_modules","C:\\Users\\Daniel\\Documents\\projects\\SyncClassroom\\repos\\node_modules","C:\\Users\\Daniel\\Documents\\projects\\SyncClassroom\\node_modules","C:\\Users\\Daniel\\Documents\\projects\\node_modules","C:\\Users\\Daniel\\Documents\\node_modules","C:\\Users\\Daniel\\node_modules","C:\\Users\\node_modules","C:\\node_modules","C:\\Users\\Daniel\\.node_modules","C:\\Users\\Daniel\\.node_libraries","C:\\nvm4w\\nodejs\\lib\\node"]
MODULE 45160: load "C:\\Users\\Daniel\\Documents\\projects\\SyncClassroom\\repos\\ai-editor\\node_modules\\snapdragon\\node_modules\\source-map\\source-map.js" for module "C:\\Users\\Daniel\\Documents\\projects\\SyncClassroom\\repos\\ai-editor\\node_modules\\snapdragon\\node_modules\\source-map\\source-map.js"
MODULE 45160: Module._load REQUEST ./lib/source-map-generator parent: C:\Users\Daniel\Documents\projects\SyncClassroom\repos\ai-editor\node_modules\snapdragon\node_modules\source-map\source-map.js
MODULE 45160: RELATIVE: requested: ./lib/source-map-generator from parent.id C:\Users\Daniel\Documents\projects\SyncClassroom\repos\ai-editor\node_modules\snapdragon\node_modules\source-map\source-map.js
MODULE 45160: looking for ["C:\\Users\\Daniel\\Documents\\projects\\SyncClassroom\\repos\\ai-editor\\node_modules\\snapdragon\\node_modules\\source-map"]
MODULE 45160: load "C:\\Users\\Daniel\\Documents\\projects\\SyncClassroom\\repos\\ai-editor\\node_modules\\snapdragon\\node_modules\\source-map\\lib\\source-map-generator.js" for module "C:\\Users\\Daniel\\Documents\\projects\\SyncClassroom\\repos\\ai-editor\\node_modules\\snapdragon\\node_modules\\source-map\\lib\\source-map-generator.js"
MODULE 45160: Module._load REQUEST ./base64-vlq parent: C:\Users\Daniel\Documents\projects\SyncClassroom\repos\ai-editor\node_modules\snapdragon\node_modules\source-map\lib\source-map-generator.js
MODULE 45160: RELATIVE: requested: ./base64-vlq from parent.id C:\Users\Daniel\Documents\projects\SyncClassroom\repos\ai-editor\node_modules\snapdragon\node_modules\source-map\lib\source-map-generator.js
MODULE 45160: looking for ["C:\\Users\\Daniel\\Documents\\projects\\SyncClassroom\\repos\\ai-editor\\node_modules\\snapdragon\\node_modules\\source-map\\lib"]
MODULE 45160: load "C:\\Users\\Daniel\\Documents\\projects\\SyncClassroom\\repos\\ai-editor\\node_modules\\snapdragon\\node_modules\\source-map\\lib\\base64-vlq.js" for module "C:\\Users\\Daniel\\Documents\\projects\\SyncClassroom\\repos\\ai-editor\\node_modules\\snapdragon\\node_modules\\source-map\\lib\\base64-vlq.js"
MODULE 45160: Module._load REQUEST ./base64 parent: C:\Users\Daniel\Documents\projects\SyncClassroom\repos\ai-editor\node_modules\snapdragon\node_modules\source-map\lib\base64-vlq.js
MODULE 45160: RELATIVE: requested: ./base64 from parent.id C:\Users\Daniel\Documents\projects\SyncClassroom\repos\ai-editor\node_modules\snapdragon\node_modules\source-map\lib\base64-vlq.js
MODULE 45160: looking for ["C:\\Users\\Daniel\\Documents\\projects\\SyncClassroom\\repos\\ai-editor\\node_modules\\snapdragon\\node_modules\\source-map\\lib"]
MODULE 45160: load "C:\\Users\\Daniel\\Documents\\projects\\SyncClassroom\\repos\\ai-editor\\node_modules\\snapdragon\\node_modules\\source-map\\lib\\base64.js" for module "C:\\Users\\Daniel\\Documents\\projects\\SyncClassroom\\repos\\ai-editor\\node_modules\\snapdragon\\node_modules\\source-map\\lib\\base64.js"
MODULE 45160: Module._load REQUEST ./util parent: C:\Users\Daniel\Documents\projects\SyncClassroom\repos\ai-editor\node_modules\snapdragon\node_modules\source-map\lib\source-map-generator.js
MODULE 45160: RELATIVE: requested: ./util from parent.id C:\Users\Daniel\Documents\projects\SyncClassroom\repos\ai-editor\node_modules\snapdragon\node_modules\source-map\lib\source-map-generator.js
MODULE 45160: looking for ["C:\\Users\\Daniel\\Documents\\projects\\SyncClassroom\\repos\\ai-editor\\node_modules\\snapdragon\\node_modules\\source-map\\lib"]
MODULE 45160: load "C:\\Users\\Daniel\\Documents\\projects\\SyncClassroom\\repos\\ai-editor\\node_modules\\snapdragon\\node_modules\\source-map\\lib\\util.js" for module "C:\\Users\\Daniel\\Documents\\projects\\SyncClassroom\\repos\\ai-editor\\node_modules\\snapdragon\\node_modules\\source-map\\lib\\util.js"
MODULE 45160: Module._load REQUEST ./array-set parent: C:\Users\Daniel\Documents\projects\SyncClassroom\repos\ai-editor\node_modules\snapdragon\node_modules\source-map\lib\source-map-generator.js
MODULE 45160: RELATIVE: requested: ./array-set from parent.id C:\Users\Daniel\Documents\projects\SyncClassroom\repos\ai-editor\node_modules\snapdragon\node_modules\source-map\lib\source-map-generator.js
MODULE 45160: looking for ["C:\\Users\\Daniel\\Documents\\projects\\SyncClassroom\\repos\\ai-editor\\node_modules\\snapdragon\\node_modules\\source-map\\lib"]
MODULE 45160: load "C:\\Users\\Daniel\\Documents\\projects\\SyncClassroom\\repos\\ai-editor\\node_modules\\snapdragon\\node_modules\\source-map\\lib\\array-set.js" for module "C:\\Users\\Daniel\\Documents\\projects\\SyncClassroom\\repos\\ai-editor\\node_modules\\snapdragon\\node_modules\\source-map\\lib\\array-set.js"
MODULE 45160: Module._load REQUEST ./util parent: C:\Users\Daniel\Documents\projects\SyncClassroom\repos\ai-editor\node_modules\snapdragon\node_modules\source-map\lib\array-set.js
MODULE 45160: Module._load REQUEST ./mapping-list parent: C:\Users\Daniel\Documents\projects\SyncClassroom\repos\ai-editor\node_modules\snapdragon\node_modules\source-map\lib\source-map-generator.js
MODULE 45160: RELATIVE: requested: ./mapping-list from parent.id C:\Users\Daniel\Documents\projects\SyncClassroom\repos\ai-editor\node_modules\snapdragon\node_modules\source-map\lib\source-map-generator.js
MODULE 45160: looking for ["C:\\Users\\Daniel\\Documents\\projects\\SyncClassroom\\repos\\ai-editor\\node_modules\\snapdragon\\node_modules\\source-map\\lib"]
MODULE 45160: load "C:\\Users\\Daniel\\Documents\\projects\\SyncClassroom\\repos\\ai-editor\\node_modules\\snapdragon\\node_modules\\source-map\\lib\\mapping-list.js" for module "C:\\Users\\Daniel\\Documents\\projects\\SyncClassroom\\repos\\ai-editor\\node_modules\\snapdragon\\node_modules\\source-map\\lib\\mapping-list.js"
MODULE 45160: Module._load REQUEST ./util parent: C:\Users\Daniel\Documents\projects\SyncClassroom\repos\ai-editor\node_modules\snapdragon\node_modules\source-map\lib\mapping-list.js
MODULE 45160: Module._load REQUEST ./lib/source-map-consumer parent: C:\Users\Daniel\Documents\projects\SyncClassroom\repos\ai-editor\node_modules\snapdragon\node_modules\source-map\source-map.js
MODULE 45160: RELATIVE: requested: ./lib/source-map-consumer from parent.id C:\Users\Daniel\Documents\projects\SyncClassroom\repos\ai-editor\node_modules\snapdragon\node_modules\source-map\source-map.js
MODULE 45160: looking for ["C:\\Users\\Daniel\\Documents\\projects\\SyncClassroom\\repos\\ai-editor\\node_modules\\snapdragon\\node_modules\\source-map"]
MODULE 45160: load "C:\\Users\\Daniel\\Documents\\projects\\SyncClassroom\\repos\\ai-editor\\node_modules\\snapdragon\\node_modules\\source-map\\lib\\source-map-consumer.js" for module "C:\\Users\\Daniel\\Documents\\projects\\SyncClassroom\\repos\\ai-editor\\node_modules\\snapdragon\\node_modules\\source-map\\lib\\source-map-consumer.js"
MODULE 45160: Module._load REQUEST ./util parent: C:\Users\Daniel\Documents\projects\SyncClassroom\repos\ai-editor\node_modules\snapdragon\node_modules\source-map\lib\source-map-consumer.js
MODULE 45160: Module._load REQUEST ./binary-search parent: C:\Users\Daniel\Documents\projects\SyncClassroom\repos\ai-editor\node_modules\snapdragon\node_modules\source-map\lib\source-map-consumer.js
MODULE 45160: RELATIVE: requested: ./binary-search from parent.id C:\Users\Daniel\Documents\projects\SyncClassroom\repos\ai-editor\node_modules\snapdragon\node_modules\source-map\lib\source-map-consumer.js
MODULE 45160: looking for ["C:\\Users\\Daniel\\Documents\\projects\\SyncClassroom\\repos\\ai-editor\\node_modules\\snapdragon\\node_modules\\source-map\\lib"]
MODULE 45160: load "C:\\Users\\Daniel\\Documents\\projects\\SyncClassroom\\repos\\ai-editor\\node_modules\\snapdragon\\node_modules\\source-map\\lib\\binary-search.js" for module "C:\\Users\\Daniel\\Documents\\projects\\SyncClassroom\\repos\\ai-editor\\node_modules\\snapdragon\\node_modules\\source-map\\lib\\binary-search.js"
MODULE 45160: Module._load REQUEST ./array-set parent: C:\Users\Daniel\Documents\projects\SyncClassroom\repos\ai-editor\node_modules\snapdragon\node_modules\source-map\lib\source-map-consumer.js
MODULE 45160: Module._load REQUEST ./base64-vlq parent: C:\Users\Daniel\Documents\projects\SyncClassroom\repos\ai-editor\node_modules\snapdragon\node_modules\source-map\lib\source-map-consumer.js
MODULE 45160: Module._load REQUEST ./quick-sort parent: C:\Users\Daniel\Documents\projects\SyncClassroom\repos\ai-editor\node_modules\snapdragon\node_modules\source-map\lib\source-map-consumer.js
MODULE 45160: RELATIVE: requested: ./quick-sort from parent.id C:\Users\Daniel\Documents\projects\SyncClassroom\repos\ai-editor\node_modules\snapdragon\node_modules\source-map\lib\source-map-consumer.js
MODULE 45160: looking for ["C:\\Users\\Daniel\\Documents\\projects\\SyncClassroom\\repos\\ai-editor\\node_modules\\snapdragon\\node_modules\\source-map\\lib"]
MODULE 45160: load "C:\\Users\\Daniel\\Documents\\projects\\SyncClassroom\\repos\\ai-editor\\node_modules\\snapdragon\\node_modules\\source-map\\lib\\quick-sort.js" for module "C:\\Users\\Daniel\\Documents\\projects\\SyncClassroom\\repos\\ai-editor\\node_modules\\snapdragon\\node_modules\\source-map\\lib\\quick-sort.js"
MODULE 45160: Module._load REQUEST ./lib/source-node parent: C:\Users\Daniel\Documents\projects\SyncClassroom\repos\ai-editor\node_modules\snapdragon\node_modules\source-map\source-map.js
MODULE 45160: RELATIVE: requested: ./lib/source-node from parent.id C:\Users\Daniel\Documents\projects\SyncClassroom\repos\ai-editor\node_modules\snapdragon\node_modules\source-map\source-map.js
MODULE 45160: looking for ["C:\\Users\\Daniel\\Documents\\projects\\SyncClassroom\\repos\\ai-editor\\node_modules\\snapdragon\\node_modules\\source-map"]
MODULE 45160: load "C:\\Users\\Daniel\\Documents\\projects\\SyncClassroom\\repos\\ai-editor\\node_modules\\snapdragon\\node_modules\\source-map\\lib\\source-node.js" for module "C:\\Users\\Daniel\\Documents\\projects\\SyncClassroom\\repos\\ai-editor\\node_modules\\snapdragon\\node_modules\\source-map\\lib\\source-node.js"
MODULE 45160: Module._load REQUEST ./source-map-generator parent: C:\Users\Daniel\Documents\projects\SyncClassroom\repos\ai-editor\node_modules\snapdragon\node_modules\source-map\lib\source-node.js
MODULE 45160: RELATIVE: requested: ./source-map-generator from parent.id C:\Users\Daniel\Documents\projects\SyncClassroom\repos\ai-editor\node_modules\snapdragon\node_modules\source-map\lib\source-node.js
MODULE 45160: looking for ["C:\\Users\\Daniel\\Documents\\projects\\SyncClassroom\\repos\\ai-editor\\node_modules\\snapdragon\\node_modules\\source-map\\lib"]
MODULE 45160: Module._load REQUEST ./util parent: C:\Users\Daniel\Documents\projects\SyncClassroom\repos\ai-editor\node_modules\snapdragon\node_modules\source-map\lib\source-node.js
MODULE 45160: Module._load REQUEST source-map-resolve parent: C:\Users\Daniel\Documents\projects\SyncClassroom\repos\ai-editor\node_modules\snapdragon\lib\utils.js
MODULE 45160: looking for "source-map-resolve" in ["C:\\Users\\Daniel\\Documents\\projects\\SyncClassroom\\repos\\ai-editor\\node_modules\\snapdragon\\lib\\node_modules","C:\\Users\\Daniel\\Documents\\projects\\SyncClassroom\\repos\\ai-editor\\node_modules\\snapdragon\\node_modules","C:\\Users\\Daniel\\Documents\\projects\\SyncClassroom\\repos\\ai-editor\\node_modules","C:\\Users\\Daniel\\Documents\\projects\\SyncClassroom\\repos\\node_modules","C:\\Users\\Daniel\\Documents\\projects\\SyncClassroom\\node_modules","C:\\Users\\Daniel\\Documents\\projects\\node_modules","C:\\Users\\Daniel\\Documents\\node_modules","C:\\Users\\Daniel\\node_modules","C:\\Users\\node_modules","C:\\node_modules","C:\\Users\\Daniel\\.node_modules","C:\\Users\\Daniel\\.node_libraries","C:\\nvm4w\\nodejs\\lib\\node"]
MODULE 45160: load "C:\\Users\\Daniel\\Documents\\projects\\SyncClassroom\\repos\\ai-editor\\node_modules\\source-map-resolve\\lib\\source-map-resolve-node.js" for module "C:\\Users\\Daniel\\Documents\\projects\\SyncClassroom\\repos\\ai-editor\\node_modules\\source-map-resolve\\lib\\source-map-resolve-node.js"
MODULE 45160: Module._load REQUEST source-map-url parent: C:\Users\Daniel\Documents\projects\SyncClassroom\repos\ai-editor\node_modules\source-map-resolve\lib\source-map-resolve-node.js
MODULE 45160: looking for "source-map-url" in ["C:\\Users\\Daniel\\Documents\\projects\\SyncClassroom\\repos\\ai-editor\\node_modules\\source-map-resolve\\lib\\node_modules","C:\\Users\\Daniel\\Documents\\projects\\SyncClassroom\\repos\\ai-editor\\node_modules\\source-map-resolve\\node_modules","C:\\Users\\Daniel\\Documents\\projects\\SyncClassroom\\repos\\ai-editor\\node_modules","C:\\Users\\Daniel\\Documents\\projects\\SyncClassroom\\repos\\node_modules","C:\\Users\\Daniel\\Documents\\projects\\SyncClassroom\\node_modules","C:\\Users\\Daniel\\Documents\\projects\\node_modules","C:\\Users\\Daniel\\Documents\\node_modules","C:\\Users\\Daniel\\node_modules","C:\\Users\\node_modules","C:\\node_modules","C:\\Users\\Daniel\\.node_modules","C:\\Users\\Daniel\\.node_libraries","C:\\nvm4w\\nodejs\\lib\\node"]
MODULE 45160: load "C:\\Users\\Daniel\\Documents\\projects\\SyncClassroom\\repos\\ai-editor\\node_modules\\source-map-url\\source-map-url.js" for module "C:\\Users\\Daniel\\Documents\\projects\\SyncClassroom\\repos\\ai-editor\\node_modules\\source-map-url\\source-map-url.js"
MODULE 45160: Module._load REQUEST ./resolve-url parent: C:\Users\Daniel\Documents\projects\SyncClassroom\repos\ai-editor\node_modules\source-map-resolve\lib\source-map-resolve-node.js
MODULE 45160: RELATIVE: requested: ./resolve-url from parent.id C:\Users\Daniel\Documents\projects\SyncClassroom\repos\ai-editor\node_modules\source-map-resolve\lib\source-map-resolve-node.js
MODULE 45160: looking for ["C:\\Users\\Daniel\\Documents\\projects\\SyncClassroom\\repos\\ai-editor\\node_modules\\source-map-resolve\\lib"]
MODULE 45160: load "C:\\Users\\Daniel\\Documents\\projects\\SyncClassroom\\repos\\ai-editor\\node_modules\\source-map-resolve\\lib\\resolve-url.js" for module "C:\\Users\\Daniel\\Documents\\projects\\SyncClassroom\\repos\\ai-editor\\node_modules\\source-map-resolve\\lib\\resolve-url.js"
MODULE 45160: Module._load REQUEST url parent: C:\Users\Daniel\Documents\projects\SyncClassroom\repos\ai-editor\node_modules\source-map-resolve\lib\resolve-url.js
MODULE 45160: load built-in module url
MODULE 45160: Module._load REQUEST ./decode-uri-component parent: C:\Users\Daniel\Documents\projects\SyncClassroom\repos\ai-editor\node_modules\source-map-resolve\lib\source-map-resolve-node.js
MODULE 45160: RELATIVE: requested: ./decode-uri-component from parent.id C:\Users\Daniel\Documents\projects\SyncClassroom\repos\ai-editor\node_modules\source-map-resolve\lib\source-map-resolve-node.js
MODULE 45160: looking for ["C:\\Users\\Daniel\\Documents\\projects\\SyncClassroom\\repos\\ai-editor\\node_modules\\source-map-resolve\\lib"]
MODULE 45160: load "C:\\Users\\Daniel\\Documents\\projects\\SyncClassroom\\repos\\ai-editor\\node_modules\\source-map-resolve\\lib\\decode-uri-component.js" for module "C:\\Users\\Daniel\\Documents\\projects\\SyncClassroom\\repos\\ai-editor\\node_modules\\source-map-resolve\\lib\\decode-uri-component.js"
MODULE 45160: Module._load REQUEST decode-uri-component parent: C:\Users\Daniel\Documents\projects\SyncClassroom\repos\ai-editor\node_modules\source-map-resolve\lib\decode-uri-component.js
MODULE 45160: looking for "decode-uri-component" in ["C:\\Users\\Daniel\\Documents\\projects\\SyncClassroom\\repos\\ai-editor\\node_modules\\source-map-resolve\\lib\\node_modules","C:\\Users\\Daniel\\Documents\\projects\\SyncClassroom\\repos\\ai-editor\\node_modules\\source-map-resolve\\node_modules","C:\\Users\\Daniel\\Documents\\projects\\SyncClassroom\\repos\\ai-editor\\node_modules","C:\\Users\\Daniel\\Documents\\projects\\SyncClassroom\\repos\\node_modules","C:\\Users\\Daniel\\Documents\\projects\\SyncClassroom\\node_modules","C:\\Users\\Daniel\\Documents\\projects\\node_modules","C:\\Users\\Daniel\\Documents\\node_modules","C:\\Users\\Daniel\\node_modules","C:\\Users\\node_modules","C:\\node_modules","C:\\Users\\Daniel\\.node_modules","C:\\Users\\Daniel\\.node_libraries","C:\\nvm4w\\nodejs\\lib\\node"]
MODULE 45160: load "C:\\Users\\Daniel\\Documents\\projects\\SyncClassroom\\repos\\ai-editor\\node_modules\\decode-uri-component\\index.js" for module "C:\\Users\\Daniel\\Documents\\projects\\SyncClassroom\\repos\\ai-editor\\node_modules\\decode-uri-component\\index.js"
MODULE 45160: Module._load REQUEST urix parent: C:\Users\Daniel\Documents\projects\SyncClassroom\repos\ai-editor\node_modules\source-map-resolve\lib\source-map-resolve-node.js
MODULE 45160: looking for "urix" in ["C:\\Users\\Daniel\\Documents\\projects\\SyncClassroom\\repos\\ai-editor\\node_modules\\source-map-resolve\\lib\\node_modules","C:\\Users\\Daniel\\Documents\\projects\\SyncClassroom\\repos\\ai-editor\\node_modules\\source-map-resolve\\node_modules","C:\\Users\\Daniel\\Documents\\projects\\SyncClassroom\\repos\\ai-editor\\node_modules","C:\\Users\\Daniel\\Documents\\projects\\SyncClassroom\\repos\\node_modules","C:\\Users\\Daniel\\Documents\\projects\\SyncClassroom\\node_modules","C:\\Users\\Daniel\\Documents\\projects\\node_modules","C:\\Users\\Daniel\\Documents\\node_modules","C:\\Users\\Daniel\\node_modules","C:\\Users\\node_modules","C:\\node_modules","C:\\Users\\Daniel\\.node_modules","C:\\Users\\Daniel\\.node_libraries","C:\\nvm4w\\nodejs\\lib\\node"]
MODULE 45160: load "C:\\Users\\Daniel\\Documents\\projects\\SyncClassroom\\repos\\ai-editor\\node_modules\\urix\\index.js" for module "C:\\Users\\Daniel\\Documents\\projects\\SyncClassroom\\repos\\ai-editor\\node_modules\\urix\\index.js"
MODULE 45160: Module._load REQUEST path parent: C:\Users\Daniel\Documents\projects\SyncClassroom\repos\ai-editor\node_modules\urix\index.js
MODULE 45160: load built-in module path
MODULE 45160: Module._load REQUEST atob parent: C:\Users\Daniel\Documents\projects\SyncClassroom\repos\ai-editor\node_modules\source-map-resolve\lib\source-map-resolve-node.js
MODULE 45160: looking for "atob" in ["C:\\Users\\Daniel\\Documents\\projects\\SyncClassroom\\repos\\ai-editor\\node_modules\\source-map-resolve\\lib\\node_modules","C:\\Users\\Daniel\\Documents\\projects\\SyncClassroom\\repos\\ai-editor\\node_modules\\source-map-resolve\\node_modules","C:\\Users\\Daniel\\Documents\\projects\\SyncClassroom\\repos\\ai-editor\\node_modules","C:\\Users\\Daniel\\Documents\\projects\\SyncClassroom\\repos\\node_modules","C:\\Users\\Daniel\\Documents\\projects\\SyncClassroom\\node_modules","C:\\Users\\Daniel\\Documents\\projects\\node_modules","C:\\Users\\Daniel\\Documents\\node_modules","C:\\Users\\Daniel\\node_modules","C:\\Users\\node_modules","C:\\node_modules","C:\\Users\\Daniel\\.node_modules","C:\\Users\\Daniel\\.node_libraries","C:\\nvm4w\\nodejs\\lib\\node"]
MODULE 45160: load "C:\\Users\\Daniel\\Documents\\projects\\SyncClassroom\\repos\\ai-editor\\node_modules\\atob\\node-atob.js" for module "C:\\Users\\Daniel\\Documents\\projects\\SyncClassroom\\repos\\ai-editor\\node_modules\\atob\\node-atob.js"
MODULE 45160: Module._load REQUEST ./lib/parser parent: C:\Users\Daniel\Documents\projects\SyncClassroom\repos\ai-editor\node_modules\snapdragon\index.js
MODULE 45160: RELATIVE: requested: ./lib/parser from parent.id C:\Users\Daniel\Documents\projects\SyncClassroom\repos\ai-editor\node_modules\snapdragon\index.js
MODULE 45160: looking for ["C:\\Users\\Daniel\\Documents\\projects\\SyncClassroom\\repos\\ai-editor\\node_modules\\snapdragon"]
MODULE 45160: load "C:\\Users\\Daniel\\Documents\\projects\\SyncClassroom\\repos\\ai-editor\\node_modules\\snapdragon\\lib\\parser.js" for module "C:\\Users\\Daniel\\Documents\\projects\\SyncClassroom\\repos\\ai-editor\\node_modules\\snapdragon\\lib\\parser.js"
MODULE 45160: Module._load REQUEST use parent: C:\Users\Daniel\Documents\projects\SyncClassroom\repos\ai-editor\node_modules\snapdragon\lib\parser.js
MODULE 45160: Module._load REQUEST util parent: C:\Users\Daniel\Documents\projects\SyncClassroom\repos\ai-editor\node_modules\snapdragon\lib\parser.js
MODULE 45160: load built-in module util
MODULE 45160: Module._load REQUEST map-cache parent: C:\Users\Daniel\Documents\projects\SyncClassroom\repos\ai-editor\node_modules\snapdragon\lib\parser.js
MODULE 45160: looking for "map-cache" in ["C:\\Users\\Daniel\\Documents\\projects\\SyncClassroom\\repos\\ai-editor\\node_modules\\snapdragon\\lib\\node_modules","C:\\Users\\Daniel\\Documents\\projects\\SyncClassroom\\repos\\ai-editor\\node_modules\\snapdragon\\node_modules","C:\\Users\\Daniel\\Documents\\projects\\SyncClassroom\\repos\\ai-editor\\node_modules","C:\\Users\\Daniel\\Documents\\projects\\SyncClassroom\\repos\\node_modules","C:\\Users\\Daniel\\Documents\\projects\\SyncClassroom\\node_modules","C:\\Users\\Daniel\\Documents\\projects\\node_modules","C:\\Users\\Daniel\\Documents\\node_modules","C:\\Users\\Daniel\\node_modules","C:\\Users\\node_modules","C:\\node_modules","C:\\Users\\Daniel\\.node_modules","C:\\Users\\Daniel\\.node_libraries","C:\\nvm4w\\nodejs\\lib\\node"]
MODULE 45160: Module._load REQUEST define-property parent: C:\Users\Daniel\Documents\projects\SyncClassroom\repos\ai-editor\node_modules\snapdragon\lib\parser.js
MODULE 45160: looking for "define-property" in ["C:\\Users\\Daniel\\Documents\\projects\\SyncClassroom\\repos\\ai-editor\\node_modules\\snapdragon\\lib\\node_modules","C:\\Users\\Daniel\\Documents\\projects\\SyncClassroom\\repos\\ai-editor\\node_modules\\snapdragon\\node_modules","C:\\Users\\Daniel\\Documents\\projects\\SyncClassroom\\repos\\ai-editor\\node_modules","C:\\Users\\Daniel\\Documents\\projects\\SyncClassroom\\repos\\node_modules","C:\\Users\\Daniel\\Documents\\projects\\SyncClassroom\\node_modules","C:\\Users\\Daniel\\Documents\\projects\\node_modules","C:\\Users\\Daniel\\Documents\\node_modules","C:\\Users\\Daniel\\node_modules","C:\\Users\\node_modules","C:\\node_modules","C:\\Users\\Daniel\\.node_modules","C:\\Users\\Daniel\\.node_libraries","C:\\nvm4w\\nodejs\\lib\\node"]
MODULE 45160: Module._load REQUEST debug parent: C:\Users\Daniel\Documents\projects\SyncClassroom\repos\ai-editor\node_modules\snapdragon\lib\parser.js
MODULE 45160: Module._load REQUEST ./position parent: C:\Users\Daniel\Documents\projects\SyncClassroom\repos\ai-editor\node_modules\snapdragon\lib\parser.js
MODULE 45160: RELATIVE: requested: ./position from parent.id C:\Users\Daniel\Documents\projects\SyncClassroom\repos\ai-editor\node_modules\snapdragon\lib\parser.js
MODULE 45160: looking for ["C:\\Users\\Daniel\\Documents\\projects\\SyncClassroom\\repos\\ai-editor\\node_modules\\snapdragon\\lib"]
MODULE 45160: load "C:\\Users\\Daniel\\Documents\\projects\\SyncClassroom\\repos\\ai-editor\\node_modules\\snapdragon\\lib\\position.js" for module "C:\\Users\\Daniel\\Documents\\projects\\SyncClassroom\\repos\\ai-editor\\node_modules\\snapdragon\\lib\\position.js"
MODULE 45160: Module._load REQUEST define-property parent: C:\Users\Daniel\Documents\projects\SyncClassroom\repos\ai-editor\node_modules\snapdragon\lib\position.js
MODULE 45160: looking for "define-property" in ["C:\\Users\\Daniel\\Documents\\projects\\SyncClassroom\\repos\\ai-editor\\node_modules\\snapdragon\\lib\\node_modules","C:\\Users\\Daniel\\Documents\\projects\\SyncClassroom\\repos\\ai-editor\\node_modules\\snapdragon\\node_modules","C:\\Users\\Daniel\\Documents\\projects\\SyncClassroom\\repos\\ai-editor\\node_modules","C:\\Users\\Daniel\\Documents\\projects\\SyncClassroom\\repos\\node_modules","C:\\Users\\Daniel\\Documents\\projects\\SyncClassroom\\node_modules","C:\\Users\\Daniel\\Documents\\projects\\node_modules","C:\\Users\\Daniel\\Documents\\node_modules","C:\\Users\\Daniel\\node_modules","C:\\Users\\node_modules","C:\\node_modules","C:\\Users\\Daniel\\.node_modules","C:\\Users\\Daniel\\.node_libraries","C:\\nvm4w\\nodejs\\lib\\node"]
MODULE 45160: Module._load REQUEST ./utils parent: C:\Users\Daniel\Documents\projects\SyncClassroom\repos\ai-editor\node_modules\snapdragon\lib\parser.js
MODULE 45160: Module._load REQUEST ./lib/utils parent: C:\Users\Daniel\Documents\projects\SyncClassroom\repos\ai-editor\node_modules\snapdragon\index.js
MODULE 45160: RELATIVE: requested: ./lib/utils from parent.id C:\Users\Daniel\Documents\projects\SyncClassroom\repos\ai-editor\node_modules\snapdragon\index.js
MODULE 45160: looking for ["C:\\Users\\Daniel\\Documents\\projects\\SyncClassroom\\repos\\ai-editor\\node_modules\\snapdragon"]
MODULE 45160: Module._load REQUEST ./compilers parent: C:\Users\Daniel\Documents\projects\SyncClassroom\repos\ai-editor\node_modules\micromatch\node_modules\braces\lib\braces.js
MODULE 45160: RELATIVE: requested: ./compilers from parent.id C:\Users\Daniel\Documents\projects\SyncClassroom\repos\ai-editor\node_modules\micromatch\node_modules\braces\lib\braces.js
MODULE 45160: looking for ["C:\\Users\\Daniel\\Documents\\projects\\SyncClassroom\\repos\\ai-editor\\node_modules\\micromatch\\node_modules\\braces\\lib"]
MODULE 45160: Module._load REQUEST ./parsers parent: C:\Users\Daniel\Documents\projects\SyncClassroom\repos\ai-editor\node_modules\micromatch\node_modules\braces\lib\braces.js
MODULE 45160: RELATIVE: requested: ./parsers from parent.id C:\Users\Daniel\Documents\projects\SyncClassroom\repos\ai-editor\node_modules\micromatch\node_modules\braces\lib\braces.js
MODULE 45160: looking for ["C:\\Users\\Daniel\\Documents\\projects\\SyncClassroom\\repos\\ai-editor\\node_modules\\micromatch\\node_modules\\braces\\lib"]
MODULE 45160: Module._load REQUEST ./utils parent: C:\Users\Daniel\Documents\projects\SyncClassroom\repos\ai-editor\node_modules\micromatch\node_modules\braces\lib\braces.js
MODULE 45160: Module._load REQUEST ./lib/utils parent: C:\Users\Daniel\Documents\projects\SyncClassroom\repos\ai-editor\node_modules\micromatch\node_modules\braces\index.js
MODULE 45160: RELATIVE: requested: ./lib/utils from parent.id C:\Users\Daniel\Documents\projects\SyncClassroom\repos\ai-editor\node_modules\micromatch\node_modules\braces\index.js
MODULE 45160: looking for ["C:\\Users\\Daniel\\Documents\\projects\\SyncClassroom\\repos\\ai-editor\\node_modules\\micromatch\\node_modules\\braces"]
MODULE 45160: Module._load REQUEST to-regex parent: C:\Users\Daniel\Documents\projects\SyncClassroom\repos\ai-editor\node_modules\micromatch\index.js
MODULE 45160: looking for "to-regex" in ["C:\\Users\\Daniel\\Documents\\projects\\SyncClassroom\\repos\\ai-editor\\node_modules\\micromatch\\node_modules","C:\\Users\\Daniel\\Documents\\projects\\SyncClassroom\\repos\\ai-editor\\node_modules","C:\\Users\\Daniel\\Documents\\projects\\SyncClassroom\\repos\\node_modules","C:\\Users\\Daniel\\Documents\\projects\\SyncClassroom\\node_modules","C:\\Users\\Daniel\\Documents\\projects\\node_modules","C:\\Users\\Daniel\\Documents\\node_modules","C:\\Users\\Daniel\\node_modules","C:\\Users\\node_modules","C:\\node_modules","C:\\Users\\Daniel\\.node_modules","C:\\Users\\Daniel\\.node_libraries","C:\\nvm4w\\nodejs\\lib\\node"]
MODULE 45160: Module._load REQUEST extend-shallow parent: C:\Users\Daniel\Documents\projects\SyncClassroom\repos\ai-editor\node_modules\micromatch\index.js
MODULE 45160: looking for "extend-shallow" in ["C:\\Users\\Daniel\\Documents\\projects\\SyncClassroom\\repos\\ai-editor\\node_modules\\micromatch\\node_modules","C:\\Users\\Daniel\\Documents\\projects\\SyncClassroom\\repos\\ai-editor\\node_modules","C:\\Users\\Daniel\\Documents\\projects\\SyncClassroom\\repos\\node_modules","C:\\Users\\Daniel\\Documents\\projects\\SyncClassroom\\node_modules","C:\\Users\\Daniel\\Documents\\projects\\node_modules","C:\\Users\\Daniel\\Documents\\node_modules","C:\\Users\\Daniel\\node_modules","C:\\Users\\node_modules","C:\\node_modules","C:\\Users\\Daniel\\.node_modules","C:\\Users\\Daniel\\.node_libraries","C:\\nvm4w\\nodejs\\lib\\node"]
MODULE 45160: Module._load REQUEST ./lib/compilers parent: C:\Users\Daniel\Documents\projects\SyncClassroom\repos\ai-editor\node_modules\micromatch\index.js
MODULE 45160: RELATIVE: requested: ./lib/compilers from parent.id C:\Users\Daniel\Documents\projects\SyncClassroom\repos\ai-editor\node_modules\micromatch\index.js
MODULE 45160: looking for ["C:\\Users\\Daniel\\Documents\\projects\\SyncClassroom\\repos\\ai-editor\\node_modules\\micromatch"]
MODULE 45160: load "C:\\Users\\Daniel\\Documents\\projects\\SyncClassroom\\repos\\ai-editor\\node_modules\\micromatch\\lib\\compilers.js" for module "C:\\Users\\Daniel\\Documents\\projects\\SyncClassroom\\repos\\ai-editor\\node_modules\\micromatch\\lib\\compilers.js"
MODULE 45160: Module._load REQUEST nanomatch parent: C:\Users\Daniel\Documents\projects\SyncClassroom\repos\ai-editor\node_modules\micromatch\lib\compilers.js
MODULE 45160: looking for "nanomatch" in ["C:\\Users\\Daniel\\Documents\\projects\\SyncClassroom\\repos\\ai-editor\\node_modules\\micromatch\\lib\\node_modules","C:\\Users\\Daniel\\Documents\\projects\\SyncClassroom\\repos\\ai-editor\\node_modules\\micromatch\\node_modules","C:\\Users\\Daniel\\Documents\\projects\\SyncClassroom\\repos\\ai-editor\\node_modules","C:\\Users\\Daniel\\Documents\\projects\\SyncClassroom\\repos\\node_modules","C:\\Users\\Daniel\\Documents\\projects\\SyncClassroom\\node_modules","C:\\Users\\Daniel\\Documents\\projects\\node_modules","C:\\Users\\Daniel\\Documents\\node_modules","C:\\Users\\Daniel\\node_modules","C:\\Users\\node_modules","C:\\node_modules","C:\\Users\\Daniel\\.node_modules","C:\\Users\\Daniel\\.node_libraries","C:\\nvm4w\\nodejs\\lib\\node"]
MODULE 45160: load "C:\\Users\\Daniel\\Documents\\projects\\SyncClassroom\\repos\\ai-editor\\node_modules\\nanomatch\\index.js" for module "C:\\Users\\Daniel\\Documents\\projects\\SyncClassroom\\repos\\ai-editor\\node_modules\\nanomatch\\index.js"
MODULE 45160: Module._load REQUEST util parent: C:\Users\Daniel\Documents\projects\SyncClassroom\repos\ai-editor\node_modules\nanomatch\index.js
MODULE 45160: load built-in module util
MODULE 45160: Module._load REQUEST to-regex parent: C:\Users\Daniel\Documents\projects\SyncClassroom\repos\ai-editor\node_modules\nanomatch\index.js
MODULE 45160: looking for "to-regex" in ["C:\\Users\\Daniel\\Documents\\projects\\SyncClassroom\\repos\\ai-editor\\node_modules\\nanomatch\\node_modules","C:\\Users\\Daniel\\Documents\\projects\\SyncClassroom\\repos\\ai-editor\\node_modules","C:\\Users\\Daniel\\Documents\\projects\\SyncClassroom\\repos\\node_modules","C:\\Users\\Daniel\\Documents\\projects\\SyncClassroom\\node_modules","C:\\Users\\Daniel\\Documents\\projects\\node_modules","C:\\Users\\Daniel\\Documents\\node_modules","C:\\Users\\Daniel\\node_modules","C:\\Users\\node_modules","C:\\node_modules","C:\\Users\\Daniel\\.node_modules","C:\\Users\\Daniel\\.node_libraries","C:\\nvm4w\\nodejs\\lib\\node"]
MODULE 45160: Module._load REQUEST extend-shallow parent: C:\Users\Daniel\Documents\projects\SyncClassroom\repos\ai-editor\node_modules\nanomatch\index.js
MODULE 45160: looking for "extend-shallow" in ["C:\\Users\\Daniel\\Documents\\projects\\SyncClassroom\\repos\\ai-editor\\node_modules\\nanomatch\\node_modules","C:\\Users\\Daniel\\Documents\\projects\\SyncClassroom\\repos\\ai-editor\\node_modules","C:\\Users\\Daniel\\Documents\\projects\\SyncClassroom\\repos\\node_modules","C:\\Users\\Daniel\\Documents\\projects\\SyncClassroom\\node_modules","C:\\Users\\Daniel\\Documents\\projects\\node_modules","C:\\Users\\Daniel\\Documents\\node_modules","C:\\Users\\Daniel\\node_modules","C:\\Users\\node_modules","C:\\node_modules","C:\\Users\\Daniel\\.node_modules","C:\\Users\\Daniel\\.node_libraries","C:\\nvm4w\\nodejs\\lib\\node"]
MODULE 45160: Module._load REQUEST ./lib/compilers parent: C:\Users\Daniel\Documents\projects\SyncClassroom\repos\ai-editor\node_modules\nanomatch\index.js
MODULE 45160: RELATIVE: requested: ./lib/compilers from parent.id C:\Users\Daniel\Documents\projects\SyncClassroom\repos\ai-editor\node_modules\nanomatch\index.js
MODULE 45160: looking for ["C:\\Users\\Daniel\\Documents\\projects\\SyncClassroom\\repos\\ai-editor\\node_modules\\nanomatch"]
MODULE 45160: load "C:\\Users\\Daniel\\Documents\\projects\\SyncClassroom\\repos\\ai-editor\\node_modules\\nanomatch\\lib\\compilers.js" for module "C:\\Users\\Daniel\\Documents\\projects\\SyncClassroom\\repos\\ai-editor\\node_modules\\nanomatch\\lib\\compilers.js"
MODULE 45160: Module._load REQUEST ./lib/parsers parent: C:\Users\Daniel\Documents\projects\SyncClassroom\repos\ai-editor\node_modules\nanomatch\index.js
MODULE 45160: RELATIVE: requested: ./lib/parsers from parent.id C:\Users\Daniel\Documents\projects\SyncClassroom\repos\ai-editor\node_modules\nanomatch\index.js
MODULE 45160: looking for ["C:\\Users\\Daniel\\Documents\\projects\\SyncClassroom\\repos\\ai-editor\\node_modules\\nanomatch"]
MODULE 45160: load "C:\\Users\\Daniel\\Documents\\projects\\SyncClassroom\\repos\\ai-editor\\node_modules\\nanomatch\\lib\\parsers.js" for module "C:\\Users\\Daniel\\Documents\\projects\\SyncClassroom\\repos\\ai-editor\\node_modules\\nanomatch\\lib\\parsers.js"
MODULE 45160: Module._load REQUEST regex-not parent: C:\Users\Daniel\Documents\projects\SyncClassroom\repos\ai-editor\node_modules\nanomatch\lib\parsers.js
MODULE 45160: looking for "regex-not" in ["C:\\Users\\Daniel\\Documents\\projects\\SyncClassroom\\repos\\ai-editor\\node_modules\\nanomatch\\lib\\node_modules","C:\\Users\\Daniel\\Documents\\projects\\SyncClassroom\\repos\\ai-editor\\node_modules\\nanomatch\\node_modules","C:\\Users\\Daniel\\Documents\\projects\\SyncClassroom\\repos\\ai-editor\\node_modules","C:\\Users\\Daniel\\Documents\\projects\\SyncClassroom\\repos\\node_modules","C:\\Users\\Daniel\\Documents\\projects\\SyncClassroom\\node_modules","C:\\Users\\Daniel\\Documents\\projects\\node_modules","C:\\Users\\Daniel\\Documents\\node_modules","C:\\Users\\Daniel\\node_modules","C:\\Users\\node_modules","C:\\node_modules","C:\\Users\\Daniel\\.node_modules","C:\\Users\\Daniel\\.node_libraries","C:\\nvm4w\\nodejs\\lib\\node"]
MODULE 45160: Module._load REQUEST to-regex parent: C:\Users\Daniel\Documents\projects\SyncClassroom\repos\ai-editor\node_modules\nanomatch\lib\parsers.js
MODULE 45160: looking for "to-regex" in ["C:\\Users\\Daniel\\Documents\\projects\\SyncClassroom\\repos\\ai-editor\\node_modules\\nanomatch\\lib\\node_modules","C:\\Users\\Daniel\\Documents\\projects\\SyncClassroom\\repos\\ai-editor\\node_modules\\nanomatch\\node_modules","C:\\Users\\Daniel\\Documents\\projects\\SyncClassroom\\repos\\ai-editor\\node_modules","C:\\Users\\Daniel\\Documents\\projects\\SyncClassroom\\repos\\node_modules","C:\\Users\\Daniel\\Documents\\projects\\SyncClassroom\\node_modules","C:\\Users\\Daniel\\Documents\\projects\\node_modules","C:\\Users\\Daniel\\Documents\\node_modules","C:\\Users\\Daniel\\node_modules","C:\\Users\\node_modules","C:\\node_modules","C:\\Users\\Daniel\\.node_modules","C:\\Users\\Daniel\\.node_libraries","C:\\nvm4w\\nodejs\\lib\\node"]
MODULE 45160: Module._load REQUEST ./lib/cache parent: C:\Users\Daniel\Documents\projects\SyncClassroom\repos\ai-editor\node_modules\nanomatch\index.js
MODULE 45160: RELATIVE: requested: ./lib/cache from parent.id C:\Users\Daniel\Documents\projects\SyncClassroom\repos\ai-editor\node_modules\nanomatch\index.js
MODULE 45160: looking for ["C:\\Users\\Daniel\\Documents\\projects\\SyncClassroom\\repos\\ai-editor\\node_modules\\nanomatch"]
MODULE 45160: load "C:\\Users\\Daniel\\Documents\\projects\\SyncClassroom\\repos\\ai-editor\\node_modules\\nanomatch\\lib\\cache.js" for module "C:\\Users\\Daniel\\Documents\\projects\\SyncClassroom\\repos\\ai-editor\\node_modules\\nanomatch\\lib\\cache.js"
MODULE 45160: Module._load REQUEST fragment-cache parent: C:\Users\Daniel\Documents\projects\SyncClassroom\repos\ai-editor\node_modules\nanomatch\lib\cache.js
MODULE 45160: looking for "fragment-cache" in ["C:\\Users\\Daniel\\Documents\\projects\\SyncClassroom\\repos\\ai-editor\\node_modules\\nanomatch\\lib\\node_modules","C:\\Users\\Daniel\\Documents\\projects\\SyncClassroom\\repos\\ai-editor\\node_modules\\nanomatch\\node_modules","C:\\Users\\Daniel\\Documents\\projects\\SyncClassroom\\repos\\ai-editor\\node_modules","C:\\Users\\Daniel\\Documents\\projects\\SyncClassroom\\repos\\node_modules","C:\\Users\\Daniel\\Documents\\projects\\SyncClassroom\\node_modules","C:\\Users\\Daniel\\Documents\\projects\\node_modules","C:\\Users\\Daniel\\Documents\\node_modules","C:\\Users\\Daniel\\node_modules","C:\\Users\\node_modules","C:\\node_modules","C:\\Users\\Daniel\\.node_modules","C:\\Users\\Daniel\\.node_libraries","C:\\nvm4w\\nodejs\\lib\\node"]
MODULE 45160: load "C:\\Users\\Daniel\\Documents\\projects\\SyncClassroom\\repos\\ai-editor\\node_modules\\fragment-cache\\index.js" for module "C:\\Users\\Daniel\\Documents\\projects\\SyncClassroom\\repos\\ai-editor\\node_modules\\fragment-cache\\index.js"
MODULE 45160: Module._load REQUEST map-cache parent: C:\Users\Daniel\Documents\projects\SyncClassroom\repos\ai-editor\node_modules\fragment-cache\index.js
MODULE 45160: looking for "map-cache" in ["C:\\Users\\Daniel\\Documents\\projects\\SyncClassroom\\repos\\ai-editor\\node_modules\\fragment-cache\\node_modules","C:\\Users\\Daniel\\Documents\\projects\\SyncClassroom\\repos\\ai-editor\\node_modules","C:\\Users\\Daniel\\Documents\\projects\\SyncClassroom\\repos\\node_modules","C:\\Users\\Daniel\\Documents\\projects\\SyncClassroom\\node_modules","C:\\Users\\Daniel\\Documents\\projects\\node_modules","C:\\Users\\Daniel\\Documents\\node_modules","C:\\Users\\Daniel\\node_modules","C:\\Users\\node_modules","C:\\node_modules","C:\\Users\\Daniel\\.node_modules","C:\\Users\\Daniel\\.node_libraries","C:\\nvm4w\\nodejs\\lib\\node"]
MODULE 45160: Module._load REQUEST ./lib/utils parent: C:\Users\Daniel\Documents\projects\SyncClassroom\repos\ai-editor\node_modules\nanomatch\index.js
MODULE 45160: RELATIVE: requested: ./lib/utils from parent.id C:\Users\Daniel\Documents\projects\SyncClassroom\repos\ai-editor\node_modules\nanomatch\index.js
MODULE 45160: looking for ["C:\\Users\\Daniel\\Documents\\projects\\SyncClassroom\\repos\\ai-editor\\node_modules\\nanomatch"]
MODULE 45160: load "C:\\Users\\Daniel\\Documents\\projects\\SyncClassroom\\repos\\ai-editor\\node_modules\\nanomatch\\lib\\utils.js" for module "C:\\Users\\Daniel\\Documents\\projects\\SyncClassroom\\repos\\ai-editor\\node_modules\\nanomatch\\lib\\utils.js"
MODULE 45160: Module._load REQUEST path parent: C:\Users\Daniel\Documents\projects\SyncClassroom\repos\ai-editor\node_modules\nanomatch\lib\utils.js
MODULE 45160: load built-in module path
MODULE 45160: Module._load REQUEST is-windows parent: C:\Users\Daniel\Documents\projects\SyncClassroom\repos\ai-editor\node_modules\nanomatch\lib\utils.js
MODULE 45160: looking for "is-windows" in ["C:\\Users\\Daniel\\Documents\\projects\\SyncClassroom\\repos\\ai-editor\\node_modules\\nanomatch\\lib\\node_modules","C:\\Users\\Daniel\\Documents\\projects\\SyncClassroom\\repos\\ai-editor\\node_modules\\nanomatch\\node_modules","C:\\Users\\Daniel\\Documents\\projects\\SyncClassroom\\repos\\ai-editor\\node_modules","C:\\Users\\Daniel\\Documents\\projects\\SyncClassroom\\repos\\node_modules","C:\\Users\\Daniel\\Documents\\projects\\SyncClassroom\\node_modules","C:\\Users\\Daniel\\Documents\\projects\\node_modules","C:\\Users\\Daniel\\Documents\\node_modules","C:\\Users\\Daniel\\node_modules","C:\\Users\\node_modules","C:\\node_modules","C:\\Users\\Daniel\\.node_modules","C:\\Users\\Daniel\\.node_libraries","C:\\nvm4w\\nodejs\\lib\\node"]
MODULE 45160: Module._load REQUEST snapdragon parent: C:\Users\Daniel\Documents\projects\SyncClassroom\repos\ai-editor\node_modules\nanomatch\lib\utils.js
MODULE 45160: looking for "snapdragon" in ["C:\\Users\\Daniel\\Documents\\projects\\SyncClassroom\\repos\\ai-editor\\node_modules\\nanomatch\\lib\\node_modules","C:\\Users\\Daniel\\Documents\\projects\\SyncClassroom\\repos\\ai-editor\\node_modules\\nanomatch\\node_modules","C:\\Users\\Daniel\\Documents\\projects\\SyncClassroom\\repos\\ai-editor\\node_modules","C:\\Users\\Daniel\\Documents\\projects\\SyncClassroom\\repos\\node_modules","C:\\Users\\Daniel\\Documents\\projects\\SyncClassroom\\node_modules","C:\\Users\\Daniel\\Documents\\projects\\node_modules","C:\\Users\\Daniel\\Documents\\node_modules","C:\\Users\\Daniel\\node_modules","C:\\Users\\node_modules","C:\\node_modules","C:\\Users\\Daniel\\.node_modules","C:\\Users\\Daniel\\.node_libraries","C:\\nvm4w\\nodejs\\lib\\node"]
MODULE 45160: Module._load REQUEST define-property parent: C:\Users\Daniel\Documents\projects\SyncClassroom\repos\ai-editor\node_modules\nanomatch\lib\utils.js
MODULE 45160: looking for "define-property" in ["C:\\Users\\Daniel\\Documents\\projects\\SyncClassroom\\repos\\ai-editor\\node_modules\\nanomatch\\lib\\node_modules","C:\\Users\\Daniel\\Documents\\projects\\SyncClassroom\\repos\\ai-editor\\node_modules\\nanomatch\\node_modules","C:\\Users\\Daniel\\Documents\\projects\\SyncClassroom\\repos\\ai-editor\\node_modules","C:\\Users\\Daniel\\Documents\\projects\\SyncClassroom\\repos\\node_modules","C:\\Users\\Daniel\\Documents\\projects\\SyncClassroom\\node_modules","C:\\Users\\Daniel\\Documents\\projects\\node_modules","C:\\Users\\Daniel\\Documents\\node_modules","C:\\Users\\Daniel\\node_modules","C:\\Users\\node_modules","C:\\node_modules","C:\\Users\\Daniel\\.node_modules","C:\\Users\\Daniel\\.node_libraries","C:\\nvm4w\\nodejs\\lib\\node"]
MODULE 45160: load "C:\\Users\\Daniel\\Documents\\projects\\SyncClassroom\\repos\\ai-editor\\node_modules\\nanomatch\\node_modules\\define-property\\index.js" for module "C:\\Users\\Daniel\\Documents\\projects\\SyncClassroom\\repos\\ai-editor\\node_modules\\nanomatch\\node_modules\\define-property\\index.js"
MODULE 45160: Module._load REQUEST isobject parent: C:\Users\Daniel\Documents\projects\SyncClassroom\repos\ai-editor\node_modules\nanomatch\node_modules\define-property\index.js
MODULE 45160: looking for "isobject" in ["C:\\Users\\Daniel\\Documents\\projects\\SyncClassroom\\repos\\ai-editor\\node_modules\\nanomatch\\node_modules\\define-property\\node_modules","C:\\Users\\Daniel\\Documents\\projects\\SyncClassroom\\repos\\ai-editor\\node_modules\\nanomatch\\node_modules","C:\\Users\\Daniel\\Documents\\projects\\SyncClassroom\\repos\\ai-editor\\node_modules","C:\\Users\\Daniel\\Documents\\projects\\SyncClassroom\\repos\\node_modules","C:\\Users\\Daniel\\Documents\\projects\\SyncClassroom\\node_modules","C:\\Users\\Daniel\\Documents\\projects\\node_modules","C:\\Users\\Daniel\\Documents\\node_modules","C:\\Users\\Daniel\\node_modules","C:\\Users\\node_modules","C:\\node_modules","C:\\Users\\Daniel\\.node_modules","C:\\Users\\Daniel\\.node_libraries","C:\\nvm4w\\nodejs\\lib\\node"]
MODULE 45160: Module._load REQUEST is-descriptor parent: C:\Users\Daniel\Documents\projects\SyncClassroom\repos\ai-editor\node_modules\nanomatch\node_modules\define-property\index.js
MODULE 45160: looking for "is-descriptor" in ["C:\\Users\\Daniel\\Documents\\projects\\SyncClassroom\\repos\\ai-editor\\node_modules\\nanomatch\\node_modules\\define-property\\node_modules","C:\\Users\\Daniel\\Documents\\projects\\SyncClassroom\\repos\\ai-editor\\node_modules\\nanomatch\\node_modules","C:\\Users\\Daniel\\Documents\\projects\\SyncClassroom\\repos\\ai-editor\\node_modules","C:\\Users\\Daniel\\Documents\\projects\\SyncClassroom\\repos\\node_modules","C:\\Users\\Daniel\\Documents\\projects\\SyncClassroom\\node_modules","C:\\Users\\Daniel\\Documents\\projects\\node_modules","C:\\Users\\Daniel\\Documents\\node_modules","C:\\Users\\Daniel\\node_modules","C:\\Users\\node_modules","C:\\node_modules","C:\\Users\\Daniel\\.node_modules","C:\\Users\\Daniel\\.node_libraries","C:\\nvm4w\\nodejs\\lib\\node"]
MODULE 45160: Module._load REQUEST arr-diff parent: C:\Users\Daniel\Documents\projects\SyncClassroom\repos\ai-editor\node_modules\nanomatch\lib\utils.js
MODULE 45160: looking for "arr-diff" in ["C:\\Users\\Daniel\\Documents\\projects\\SyncClassroom\\repos\\ai-editor\\node_modules\\nanomatch\\lib\\node_modules","C:\\Users\\Daniel\\Documents\\projects\\SyncClassroom\\repos\\ai-editor\\node_modules\\nanomatch\\node_modules","C:\\Users\\Daniel\\Documents\\projects\\SyncClassroom\\repos\\ai-editor\\node_modules","C:\\Users\\Daniel\\Documents\\projects\\SyncClassroom\\repos\\node_modules","C:\\Users\\Daniel\\Documents\\projects\\SyncClassroom\\node_modules","C:\\Users\\Daniel\\Documents\\projects\\node_modules","C:\\Users\\Daniel\\Documents\\node_modules","C:\\Users\\Daniel\\node_modules","C:\\Users\\node_modules","C:\\node_modules","C:\\Users\\Daniel\\.node_modules","C:\\Users\\Daniel\\.node_libraries","C:\\nvm4w\\nodejs\\lib\\node"]
MODULE 45160: load "C:\\Users\\Daniel\\Documents\\projects\\SyncClassroom\\repos\\ai-editor\\node_modules\\arr-diff\\index.js" for module "C:\\Users\\Daniel\\Documents\\projects\\SyncClassroom\\repos\\ai-editor\\node_modules\\arr-diff\\index.js"
MODULE 45160: Module._load REQUEST extend-shallow parent: C:\Users\Daniel\Documents\projects\SyncClassroom\repos\ai-editor\node_modules\nanomatch\lib\utils.js
MODULE 45160: looking for "extend-shallow" in ["C:\\Users\\Daniel\\Documents\\projects\\SyncClassroom\\repos\\ai-editor\\node_modules\\nanomatch\\lib\\node_modules","C:\\Users\\Daniel\\Documents\\projects\\SyncClassroom\\repos\\ai-editor\\node_modules\\nanomatch\\node_modules","C:\\Users\\Daniel\\Documents\\projects\\SyncClassroom\\repos\\ai-editor\\node_modules","C:\\Users\\Daniel\\Documents\\projects\\SyncClassroom\\repos\\node_modules","C:\\Users\\Daniel\\Documents\\projects\\SyncClassroom\\node_modules","C:\\Users\\Daniel\\Documents\\projects\\node_modules","C:\\Users\\Daniel\\Documents\\node_modules","C:\\Users\\Daniel\\node_modules","C:\\Users\\node_modules","C:\\node_modules","C:\\Users\\Daniel\\.node_modules","C:\\Users\\Daniel\\.node_libraries","C:\\nvm4w\\nodejs\\lib\\node"]
MODULE 45160: Module._load REQUEST object.pick parent: C:\Users\Daniel\Documents\projects\SyncClassroom\repos\ai-editor\node_modules\nanomatch\lib\utils.js
MODULE 45160: looking for "object.pick" in ["C:\\Users\\Daniel\\Documents\\projects\\SyncClassroom\\repos\\ai-editor\\node_modules\\nanomatch\\lib\\node_modules","C:\\Users\\Daniel\\Documents\\projects\\SyncClassroom\\repos\\ai-editor\\node_modules\\nanomatch\\node_modules","C:\\Users\\Daniel\\Documents\\projects\\SyncClassroom\\repos\\ai-editor\\node_modules","C:\\Users\\Daniel\\Documents\\projects\\SyncClassroom\\repos\\node_modules","C:\\Users\\Daniel\\Documents\\projects\\SyncClassroom\\node_modules","C:\\Users\\Daniel\\Documents\\projects\\node_modules","C:\\Users\\Daniel\\Documents\\node_modules","C:\\Users\\Daniel\\node_modules","C:\\Users\\node_modules","C:\\node_modules","C:\\Users\\Daniel\\.node_modules","C:\\Users\\Daniel\\.node_libraries","C:\\nvm4w\\nodejs\\lib\\node"]
MODULE 45160: Module._load REQUEST kind-of parent: C:\Users\Daniel\Documents\projects\SyncClassroom\repos\ai-editor\node_modules\nanomatch\lib\utils.js
MODULE 45160: looking for "kind-of" in ["C:\\Users\\Daniel\\Documents\\projects\\SyncClassroom\\repos\\ai-editor\\node_modules\\nanomatch\\lib\\node_modules","C:\\Users\\Daniel\\Documents\\projects\\SyncClassroom\\repos\\ai-editor\\node_modules\\nanomatch\\node_modules","C:\\Users\\Daniel\\Documents\\projects\\SyncClassroom\\repos\\ai-editor\\node_modules","C:\\Users\\Daniel\\Documents\\projects\\SyncClassroom\\repos\\node_modules","C:\\Users\\Daniel\\Documents\\projects\\SyncClassroom\\node_modules","C:\\Users\\Daniel\\Documents\\projects\\node_modules","C:\\Users\\Daniel\\Documents\\node_modules","C:\\Users\\Daniel\\node_modules","C:\\Users\\node_modules","C:\\node_modules","C:\\Users\\Daniel\\.node_modules","C:\\Users\\Daniel\\.node_libraries","C:\\nvm4w\\nodejs\\lib\\node"]
MODULE 45160: load "C:\\Users\\Daniel\\Documents\\projects\\SyncClassroom\\repos\\ai-editor\\node_modules\\nanomatch\\node_modules\\kind-of\\index.js" for module "C:\\Users\\Daniel\\Documents\\projects\\SyncClassroom\\repos\\ai-editor\\node_modules\\nanomatch\\node_modules\\kind-of\\index.js"
MODULE 45160: Module._load REQUEST array-unique parent: C:\Users\Daniel\Documents\projects\SyncClassroom\repos\ai-editor\node_modules\nanomatch\lib\utils.js
MODULE 45160: looking for "array-unique" in ["C:\\Users\\Daniel\\Documents\\projects\\SyncClassroom\\repos\\ai-editor\\node_modules\\nanomatch\\lib\\node_modules","C:\\Users\\Daniel\\Documents\\projects\\SyncClassroom\\repos\\ai-editor\\node_modules\\nanomatch\\node_modules","C:\\Users\\Daniel\\Documents\\projects\\SyncClassroom\\repos\\ai-editor\\node_modules","C:\\Users\\Daniel\\Documents\\projects\\SyncClassroom\\repos\\node_modules","C:\\Users\\Daniel\\Documents\\projects\\SyncClassroom\\node_modules","C:\\Users\\Daniel\\Documents\\projects\\node_modules","C:\\Users\\Daniel\\Documents\\node_modules","C:\\Users\\Daniel\\node_modules","C:\\Users\\node_modules","C:\\node_modules","C:\\Users\\Daniel\\.node_modules","C:\\Users\\Daniel\\.node_libraries","C:\\nvm4w\\nodejs\\lib\\node"]
MODULE 45160: Module._load REQUEST extglob parent: C:\Users\Daniel\Documents\projects\SyncClassroom\repos\ai-editor\node_modules\micromatch\lib\compilers.js
MODULE 45160: looking for "extglob" in ["C:\\Users\\Daniel\\Documents\\projects\\SyncClassroom\\repos\\ai-editor\\node_modules\\micromatch\\lib\\node_modules","C:\\Users\\Daniel\\Documents\\projects\\SyncClassroom\\repos\\ai-editor\\node_modules\\micromatch\\node_modules","C:\\Users\\Daniel\\Documents\\projects\\SyncClassroom\\repos\\ai-editor\\node_modules","C:\\Users\\Daniel\\Documents\\projects\\SyncClassroom\\repos\\node_modules","C:\\Users\\Daniel\\Documents\\projects\\SyncClassroom\\node_modules","C:\\Users\\Daniel\\Documents\\projects\\node_modules","C:\\Users\\Daniel\\Documents\\node_modules","C:\\Users\\Daniel\\node_modules","C:\\Users\\node_modules","C:\\node_modules","C:\\Users\\Daniel\\.node_modules","C:\\Users\\Daniel\\.node_libraries","C:\\nvm4w\\nodejs\\lib\\node"]
MODULE 45160: load "C:\\Users\\Daniel\\Documents\\projects\\SyncClassroom\\repos\\ai-editor\\node_modules\\extglob\\index.js" for module "C:\\Users\\Daniel\\Documents\\projects\\SyncClassroom\\repos\\ai-editor\\node_modules\\extglob\\index.js"
MODULE 45160: Module._load REQUEST extend-shallow parent: C:\Users\Daniel\Documents\projects\SyncClassroom\repos\ai-editor\node_modules\extglob\index.js
MODULE 45160: looking for "extend-shallow" in ["C:\\Users\\Daniel\\Documents\\projects\\SyncClassroom\\repos\\ai-editor\\node_modules\\extglob\\node_modules","C:\\Users\\Daniel\\Documents\\projects\\SyncClassroom\\repos\\ai-editor\\node_modules","C:\\Users\\Daniel\\Documents\\projects\\SyncClassroom\\repos\\node_modules","C:\\Users\\Daniel\\Documents\\projects\\SyncClassroom\\node_modules","C:\\Users\\Daniel\\Documents\\projects\\node_modules","C:\\Users\\Daniel\\Documents\\node_modules","C:\\Users\\Daniel\\node_modules","C:\\Users\\node_modules","C:\\node_modules","C:\\Users\\Daniel\\.node_modules","C:\\Users\\Daniel\\.node_libraries","C:\\nvm4w\\nodejs\\lib\\node"]
MODULE 45160: load "C:\\Users\\Daniel\\Documents\\projects\\SyncClassroom\\repos\\ai-editor\\node_modules\\extglob\\node_modules\\extend-shallow\\index.js" for module "C:\\Users\\Daniel\\Documents\\projects\\SyncClassroom\\repos\\ai-editor\\node_modules\\extglob\\node_modules\\extend-shallow\\index.js"
MODULE 45160: Module._load REQUEST is-extendable parent: C:\Users\Daniel\Documents\projects\SyncClassroom\repos\ai-editor\node_modules\extglob\node_modules\extend-shallow\index.js
MODULE 45160: looking for "is-extendable" in ["C:\\Users\\Daniel\\Documents\\projects\\SyncClassroom\\repos\\ai-editor\\node_modules\\extglob\\node_modules\\extend-shallow\\node_modules","C:\\Users\\Daniel\\Documents\\projects\\SyncClassroom\\repos\\ai-editor\\node_modules\\extglob\\node_modules","C:\\Users\\Daniel\\Documents\\projects\\SyncClassroom\\repos\\ai-editor\\node_modules","C:\\Users\\Daniel\\Documents\\projects\\SyncClassroom\\repos\\node_modules","C:\\Users\\Daniel\\Documents\\projects\\SyncClassroom\\node_modules","C:\\Users\\Daniel\\Documents\\projects\\node_modules","C:\\Users\\Daniel\\Documents\\node_modules","C:\\Users\\Daniel\\node_modules","C:\\Users\\node_modules","C:\\node_modules","C:\\Users\\Daniel\\.node_modules","C:\\Users\\Daniel\\.node_libraries","C:\\nvm4w\\nodejs\\lib\\node"]
MODULE 45160: Module._load REQUEST array-unique parent: C:\Users\Daniel\Documents\projects\SyncClassroom\repos\ai-editor\node_modules\extglob\index.js
MODULE 45160: looking for "array-unique" in ["C:\\Users\\Daniel\\Documents\\projects\\SyncClassroom\\repos\\ai-editor\\node_modules\\extglob\\node_modules","C:\\Users\\Daniel\\Documents\\projects\\SyncClassroom\\repos\\ai-editor\\node_modules","C:\\Users\\Daniel\\Documents\\projects\\SyncClassroom\\repos\\node_modules","C:\\Users\\Daniel\\Documents\\projects\\SyncClassroom\\node_modules","C:\\Users\\Daniel\\Documents\\projects\\node_modules","C:\\Users\\Daniel\\Documents\\node_modules","C:\\Users\\Daniel\\node_modules","C:\\Users\\node_modules","C:\\node_modules","C:\\Users\\Daniel\\.node_modules","C:\\Users\\Daniel\\.node_libraries","C:\\nvm4w\\nodejs\\lib\\node"]
MODULE 45160: Module._load REQUEST to-regex parent: C:\Users\Daniel\Documents\projects\SyncClassroom\repos\ai-editor\node_modules\extglob\index.js
MODULE 45160: looking for "to-regex" in ["C:\\Users\\Daniel\\Documents\\projects\\SyncClassroom\\repos\\ai-editor\\node_modules\\extglob\\node_modules","C:\\Users\\Daniel\\Documents\\projects\\SyncClassroom\\repos\\ai-editor\\node_modules","C:\\Users\\Daniel\\Documents\\projects\\SyncClassroom\\repos\\node_modules","C:\\Users\\Daniel\\Documents\\projects\\SyncClassroom\\node_modules","C:\\Users\\Daniel\\Documents\\projects\\node_modules","C:\\Users\\Daniel\\Documents\\node_modules","C:\\Users\\Daniel\\node_modules","C:\\Users\\node_modules","C:\\node_modules","C:\\Users\\Daniel\\.node_modules","C:\\Users\\Daniel\\.node_libraries","C:\\nvm4w\\nodejs\\lib\\node"]
MODULE 45160: Module._load REQUEST ./lib/compilers parent: C:\Users\Daniel\Documents\projects\SyncClassroom\repos\ai-editor\node_modules\extglob\index.js
MODULE 45160: RELATIVE: requested: ./lib/compilers from parent.id C:\Users\Daniel\Documents\projects\SyncClassroom\repos\ai-editor\node_modules\extglob\index.js
MODULE 45160: looking for ["C:\\Users\\Daniel\\Documents\\projects\\SyncClassroom\\repos\\ai-editor\\node_modules\\extglob"]
MODULE 45160: load "C:\\Users\\Daniel\\Documents\\projects\\SyncClassroom\\repos\\ai-editor\\node_modules\\extglob\\lib\\compilers.js" for module "C:\\Users\\Daniel\\Documents\\projects\\SyncClassroom\\repos\\ai-editor\\node_modules\\extglob\\lib\\compilers.js"
MODULE 45160: Module._load REQUEST expand-brackets parent: C:\Users\Daniel\Documents\projects\SyncClassroom\repos\ai-editor\node_modules\extglob\lib\compilers.js
MODULE 45160: looking for "expand-brackets" in ["C:\\Users\\Daniel\\Documents\\projects\\SyncClassroom\\repos\\ai-editor\\node_modules\\extglob\\lib\\node_modules","C:\\Users\\Daniel\\Documents\\projects\\SyncClassroom\\repos\\ai-editor\\node_modules\\extglob\\node_modules","C:\\Users\\Daniel\\Documents\\projects\\SyncClassroom\\repos\\ai-editor\\node_modules","C:\\Users\\Daniel\\Documents\\projects\\SyncClassroom\\repos\\node_modules","C:\\Users\\Daniel\\Documents\\projects\\SyncClassroom\\node_modules","C:\\Users\\Daniel\\Documents\\projects\\node_modules","C:\\Users\\Daniel\\Documents\\node_modules","C:\\Users\\Daniel\\node_modules","C:\\Users\\node_modules","C:\\node_modules","C:\\Users\\Daniel\\.node_modules","C:\\Users\\Daniel\\.node_libraries","C:\\nvm4w\\nodejs\\lib\\node"]
MODULE 45160: load "C:\\Users\\Daniel\\Documents\\projects\\SyncClassroom\\repos\\ai-editor\\node_modules\\expand-brackets\\index.js" for module "C:\\Users\\Daniel\\Documents\\projects\\SyncClassroom\\repos\\ai-editor\\node_modules\\expand-brackets\\index.js"
MODULE 45160: Module._load REQUEST ./lib/compilers parent: C:\Users\Daniel\Documents\projects\SyncClassroom\repos\ai-editor\node_modules\expand-brackets\index.js
MODULE 45160: RELATIVE: requested: ./lib/compilers from parent.id C:\Users\Daniel\Documents\projects\SyncClassroom\repos\ai-editor\node_modules\expand-brackets\index.js
MODULE 45160: looking for ["C:\\Users\\Daniel\\Documents\\projects\\SyncClassroom\\repos\\ai-editor\\node_modules\\expand-brackets"]
MODULE 45160: load "C:\\Users\\Daniel\\Documents\\projects\\SyncClassroom\\repos\\ai-editor\\node_modules\\expand-brackets\\lib\\compilers.js" for module "C:\\Users\\Daniel\\Documents\\projects\\SyncClassroom\\repos\\ai-editor\\node_modules\\expand-brackets\\lib\\compilers.js"
MODULE 45160: Module._load REQUEST posix-character-classes parent: C:\Users\Daniel\Documents\projects\SyncClassroom\repos\ai-editor\node_modules\expand-brackets\lib\compilers.js
MODULE 45160: looking for "posix-character-classes" in ["C:\\Users\\Daniel\\Documents\\projects\\SyncClassroom\\repos\\ai-editor\\node_modules\\expand-brackets\\lib\\node_modules","C:\\Users\\Daniel\\Documents\\projects\\SyncClassroom\\repos\\ai-editor\\node_modules\\expand-brackets\\node_modules","C:\\Users\\Daniel\\Documents\\projects\\SyncClassroom\\repos\\ai-editor\\node_modules","C:\\Users\\Daniel\\Documents\\projects\\SyncClassroom\\repos\\node_modules","C:\\Users\\Daniel\\Documents\\projects\\SyncClassroom\\node_modules","C:\\Users\\Daniel\\Documents\\projects\\node_modules","C:\\Users\\Daniel\\Documents\\node_modules","C:\\Users\\Daniel\\node_modules","C:\\Users\\node_modules","C:\\node_modules","C:\\Users\\Daniel\\.node_modules","C:\\Users\\Daniel\\.node_libraries","C:\\nvm4w\\nodejs\\lib\\node"]
MODULE 45160: load "C:\\Users\\Daniel\\Documents\\projects\\SyncClassroom\\repos\\ai-editor\\node_modules\\posix-character-classes\\index.js" for module "C:\\Users\\Daniel\\Documents\\projects\\SyncClassroom\\repos\\ai-editor\\node_modules\\posix-character-classes\\index.js"
MODULE 45160: Module._load REQUEST ./lib/parsers parent: C:\Users\Daniel\Documents\projects\SyncClassroom\repos\ai-editor\node_modules\expand-brackets\index.js
MODULE 45160: RELATIVE: requested: ./lib/parsers from parent.id C:\Users\Daniel\Documents\projects\SyncClassroom\repos\ai-editor\node_modules\expand-brackets\index.js
MODULE 45160: looking for ["C:\\Users\\Daniel\\Documents\\projects\\SyncClassroom\\repos\\ai-editor\\node_modules\\expand-brackets"]
MODULE 45160: load "C:\\Users\\Daniel\\Documents\\projects\\SyncClassroom\\repos\\ai-editor\\node_modules\\expand-brackets\\lib\\parsers.js" for module "C:\\Users\\Daniel\\Documents\\projects\\SyncClassroom\\repos\\ai-editor\\node_modules\\expand-brackets\\lib\\parsers.js"
MODULE 45160: Module._load REQUEST ./utils parent: C:\Users\Daniel\Documents\projects\SyncClassroom\repos\ai-editor\node_modules\expand-brackets\lib\parsers.js
MODULE 45160: RELATIVE: requested: ./utils from parent.id C:\Users\Daniel\Documents\projects\SyncClassroom\repos\ai-editor\node_modules\expand-brackets\lib\parsers.js
MODULE 45160: looking for ["C:\\Users\\Daniel\\Documents\\projects\\SyncClassroom\\repos\\ai-editor\\node_modules\\expand-brackets\\lib"]
MODULE 45160: load "C:\\Users\\Daniel\\Documents\\projects\\SyncClassroom\\repos\\ai-editor\\node_modules\\expand-brackets\\lib\\utils.js" for module "C:\\Users\\Daniel\\Documents\\projects\\SyncClassroom\\repos\\ai-editor\\node_modules\\expand-brackets\\lib\\utils.js"
MODULE 45160: Module._load REQUEST to-regex parent: C:\Users\Daniel\Documents\projects\SyncClassroom\repos\ai-editor\node_modules\expand-brackets\lib\utils.js
MODULE 45160: looking for "to-regex" in ["C:\\Users\\Daniel\\Documents\\projects\\SyncClassroom\\repos\\ai-editor\\node_modules\\expand-brackets\\lib\\node_modules","C:\\Users\\Daniel\\Documents\\projects\\SyncClassroom\\repos\\ai-editor\\node_modules\\expand-brackets\\node_modules","C:\\Users\\Daniel\\Documents\\projects\\SyncClassroom\\repos\\ai-editor\\node_modules","C:\\Users\\Daniel\\Documents\\projects\\SyncClassroom\\repos\\node_modules","C:\\Users\\Daniel\\Documents\\projects\\SyncClassroom\\node_modules","C:\\Users\\Daniel\\Documents\\projects\\node_modules","C:\\Users\\Daniel\\Documents\\node_modules","C:\\Users\\Daniel\\node_modules","C:\\Users\\node_modules","C:\\node_modules","C:\\Users\\Daniel\\.node_modules","C:\\Users\\Daniel\\.node_libraries","C:\\nvm4w\\nodejs\\lib\\node"]
MODULE 45160: Module._load REQUEST regex-not parent: C:\Users\Daniel\Documents\projects\SyncClassroom\repos\ai-editor\node_modules\expand-brackets\lib\utils.js
MODULE 45160: looking for "regex-not" in ["C:\\Users\\Daniel\\Documents\\projects\\SyncClassroom\\repos\\ai-editor\\node_modules\\expand-brackets\\lib\\node_modules","C:\\Users\\Daniel\\Documents\\projects\\SyncClassroom\\repos\\ai-editor\\node_modules\\expand-brackets\\node_modules","C:\\Users\\Daniel\\Documents\\projects\\SyncClassroom\\repos\\ai-editor\\node_modules","C:\\Users\\Daniel\\Documents\\projects\\SyncClassroom\\repos\\node_modules","C:\\Users\\Daniel\\Documents\\projects\\SyncClassroom\\node_modules","C:\\Users\\Daniel\\Documents\\projects\\node_modules","C:\\Users\\Daniel\\Documents\\node_modules","C:\\Users\\Daniel\\node_modules","C:\\Users\\node_modules","C:\\node_modules","C:\\Users\\Daniel\\.node_modules","C:\\Users\\Daniel\\.node_libraries","C:\\nvm4w\\nodejs\\lib\\node"]
MODULE 45160: Module._load REQUEST define-property parent: C:\Users\Daniel\Documents\projects\SyncClassroom\repos\ai-editor\node_modules\expand-brackets\lib\parsers.js
MODULE 45160: looking for "define-property" in ["C:\\Users\\Daniel\\Documents\\projects\\SyncClassroom\\repos\\ai-editor\\node_modules\\expand-brackets\\lib\\node_modules","C:\\Users\\Daniel\\Documents\\projects\\SyncClassroom\\repos\\ai-editor\\node_modules\\expand-brackets\\node_modules","C:\\Users\\Daniel\\Documents\\projects\\SyncClassroom\\repos\\ai-editor\\node_modules","C:\\Users\\Daniel\\Documents\\projects\\SyncClassroom\\repos\\node_modules","C:\\Users\\Daniel\\Documents\\projects\\SyncClassroom\\node_modules","C:\\Users\\Daniel\\Documents\\projects\\node_modules","C:\\Users\\Daniel\\Documents\\node_modules","C:\\Users\\Daniel\\node_modules","C:\\Users\\node_modules","C:\\node_modules","C:\\Users\\Daniel\\.node_modules","C:\\Users\\Daniel\\.node_libraries","C:\\nvm4w\\nodejs\\lib\\node"]
MODULE 45160: Module._load REQUEST debug parent: C:\Users\Daniel\Documents\projects\SyncClassroom\repos\ai-editor\node_modules\expand-brackets\index.js
MODULE 45160: looking for "debug" in ["C:\\Users\\Daniel\\Documents\\projects\\SyncClassroom\\repos\\ai-editor\\node_modules\\expand-brackets\\node_modules","C:\\Users\\Daniel\\Documents\\projects\\SyncClassroom\\repos\\ai-editor\\node_modules","C:\\Users\\Daniel\\Documents\\projects\\SyncClassroom\\repos\\node_modules","C:\\Users\\Daniel\\Documents\\projects\\SyncClassroom\\node_modules","C:\\Users\\Daniel\\Documents\\projects\\node_modules","C:\\Users\\Daniel\\Documents\\node_modules","C:\\Users\\Daniel\\node_modules","C:\\Users\\node_modules","C:\\node_modules","C:\\Users\\Daniel\\.node_modules","C:\\Users\\Daniel\\.node_libraries","C:\\nvm4w\\nodejs\\lib\\node"]
MODULE 45160: load "C:\\Users\\Daniel\\Documents\\projects\\SyncClassroom\\repos\\ai-editor\\node_modules\\expand-brackets\\node_modules\\debug\\src\\index.js" for module "C:\\Users\\Daniel\\Documents\\projects\\SyncClassroom\\repos\\ai-editor\\node_modules\\expand-brackets\\node_modules\\debug\\src\\index.js"
MODULE 45160: Module._load REQUEST ./node.js parent: C:\Users\Daniel\Documents\projects\SyncClassroom\repos\ai-editor\node_modules\expand-brackets\node_modules\debug\src\index.js
MODULE 45160: RELATIVE: requested: ./node.js from parent.id C:\Users\Daniel\Documents\projects\SyncClassroom\repos\ai-editor\node_modules\expand-brackets\node_modules\debug\src\index.js
MODULE 45160: looking for ["C:\\Users\\Daniel\\Documents\\projects\\SyncClassroom\\repos\\ai-editor\\node_modules\\expand-brackets\\node_modules\\debug\\src"]
MODULE 45160: load "C:\\Users\\Daniel\\Documents\\projects\\SyncClassroom\\repos\\ai-editor\\node_modules\\expand-brackets\\node_modules\\debug\\src\\node.js" for module "C:\\Users\\Daniel\\Documents\\projects\\SyncClassroom\\repos\\ai-editor\\node_modules\\expand-brackets\\node_modules\\debug\\src\\node.js"
MODULE 45160: Module._load REQUEST tty parent: C:\Users\Daniel\Documents\projects\SyncClassroom\repos\ai-editor\node_modules\expand-brackets\node_modules\debug\src\node.js
MODULE 45160: load built-in module tty
MODULE 45160: Module._load REQUEST util parent: C:\Users\Daniel\Documents\projects\SyncClassroom\repos\ai-editor\node_modules\expand-brackets\node_modules\debug\src\node.js
MODULE 45160: load built-in module util
MODULE 45160: Module._load REQUEST ./debug parent: C:\Users\Daniel\Documents\projects\SyncClassroom\repos\ai-editor\node_modules\expand-brackets\node_modules\debug\src\node.js
MODULE 45160: RELATIVE: requested: ./debug from parent.id C:\Users\Daniel\Documents\projects\SyncClassroom\repos\ai-editor\node_modules\expand-brackets\node_modules\debug\src\node.js
MODULE 45160: looking for ["C:\\Users\\Daniel\\Documents\\projects\\SyncClassroom\\repos\\ai-editor\\node_modules\\expand-brackets\\node_modules\\debug\\src"]
MODULE 45160: load "C:\\Users\\Daniel\\Documents\\projects\\SyncClassroom\\repos\\ai-editor\\node_modules\\expand-brackets\\node_modules\\debug\\src\\debug.js" for module "C:\\Users\\Daniel\\Documents\\projects\\SyncClassroom\\repos\\ai-editor\\node_modules\\expand-brackets\\node_modules\\debug\\src\\debug.js"
MODULE 45160: Module._load REQUEST ms parent: C:\Users\Daniel\Documents\projects\SyncClassroom\repos\ai-editor\node_modules\expand-brackets\node_modules\debug\src\debug.js
MODULE 45160: looking for "ms" in ["C:\\Users\\Daniel\\Documents\\projects\\SyncClassroom\\repos\\ai-editor\\node_modules\\expand-brackets\\node_modules\\debug\\src\\node_modules","C:\\Users\\Daniel\\Documents\\projects\\SyncClassroom\\repos\\ai-editor\\node_modules\\expand-brackets\\node_modules\\debug\\node_modules","C:\\Users\\Daniel\\Documents\\projects\\SyncClassroom\\repos\\ai-editor\\node_modules\\expand-brackets\\node_modules","C:\\Users\\Daniel\\Documents\\projects\\SyncClassroom\\repos\\ai-editor\\node_modules","C:\\Users\\Daniel\\Documents\\projects\\SyncClassroom\\repos\\node_modules","C:\\Users\\Daniel\\Documents\\projects\\SyncClassroom\\node_modules","C:\\Users\\Daniel\\Documents\\projects\\node_modules","C:\\Users\\Daniel\\Documents\\node_modules","C:\\Users\\Daniel\\node_modules","C:\\Users\\node_modules","C:\\node_modules","C:\\Users\\Daniel\\.node_modules","C:\\Users\\Daniel\\.node_libraries","C:\\nvm4w\\nodejs\\lib\\node"]
MODULE 45160: load "C:\\Users\\Daniel\\Documents\\projects\\SyncClassroom\\repos\\ai-editor\\node_modules\\expand-brackets\\node_modules\\ms\\index.js" for module "C:\\Users\\Daniel\\Documents\\projects\\SyncClassroom\\repos\\ai-editor\\node_modules\\expand-brackets\\node_modules\\ms\\index.js"
MODULE 45160: Module._load REQUEST extend-shallow parent: C:\Users\Daniel\Documents\projects\SyncClassroom\repos\ai-editor\node_modules\expand-brackets\index.js
MODULE 45160: looking for "extend-shallow" in ["C:\\Users\\Daniel\\Documents\\projects\\SyncClassroom\\repos\\ai-editor\\node_modules\\expand-brackets\\node_modules","C:\\Users\\Daniel\\Documents\\projects\\SyncClassroom\\repos\\ai-editor\\node_modules","C:\\Users\\Daniel\\Documents\\projects\\SyncClassroom\\repos\\node_modules","C:\\Users\\Daniel\\Documents\\projects\\SyncClassroom\\node_modules","C:\\Users\\Daniel\\Documents\\projects\\node_modules","C:\\Users\\Daniel\\Documents\\node_modules","C:\\Users\\Daniel\\node_modules","C:\\Users\\node_modules","C:\\node_modules","C:\\Users\\Daniel\\.node_modules","C:\\Users\\Daniel\\.node_libraries","C:\\nvm4w\\nodejs\\lib\\node"]
MODULE 45160: load "C:\\Users\\Daniel\\Documents\\projects\\SyncClassroom\\repos\\ai-editor\\node_modules\\expand-brackets\\node_modules\\extend-shallow\\index.js" for module "C:\\Users\\Daniel\\Documents\\projects\\SyncClassroom\\repos\\ai-editor\\node_modules\\expand-brackets\\node_modules\\extend-shallow\\index.js"
MODULE 45160: Module._load REQUEST is-extendable parent: C:\Users\Daniel\Documents\projects\SyncClassroom\repos\ai-editor\node_modules\expand-brackets\node_modules\extend-shallow\index.js
MODULE 45160: looking for "is-extendable" in ["C:\\Users\\Daniel\\Documents\\projects\\SyncClassroom\\repos\\ai-editor\\node_modules\\expand-brackets\\node_modules\\extend-shallow\\node_modules","C:\\Users\\Daniel\\Documents\\projects\\SyncClassroom\\repos\\ai-editor\\node_modules\\expand-brackets\\node_modules","C:\\Users\\Daniel\\Documents\\projects\\SyncClassroom\\repos\\ai-editor\\node_modules","C:\\Users\\Daniel\\Documents\\projects\\SyncClassroom\\repos\\node_modules","C:\\Users\\Daniel\\Documents\\projects\\SyncClassroom\\node_modules","C:\\Users\\Daniel\\Documents\\projects\\node_modules","C:\\Users\\Daniel\\Documents\\node_modules","C:\\Users\\Daniel\\node_modules","C:\\Users\\node_modules","C:\\node_modules","C:\\Users\\Daniel\\.node_modules","C:\\Users\\Daniel\\.node_libraries","C:\\nvm4w\\nodejs\\lib\\node"]
MODULE 45160: Module._load REQUEST snapdragon parent: C:\Users\Daniel\Documents\projects\SyncClassroom\repos\ai-editor\node_modules\expand-brackets\index.js
MODULE 45160: looking for "snapdragon" in ["C:\\Users\\Daniel\\Documents\\projects\\SyncClassroom\\repos\\ai-editor\\node_modules\\expand-brackets\\node_modules","C:\\Users\\Daniel\\Documents\\projects\\SyncClassroom\\repos\\ai-editor\\node_modules","C:\\Users\\Daniel\\Documents\\projects\\SyncClassroom\\repos\\node_modules","C:\\Users\\Daniel\\Documents\\projects\\SyncClassroom\\node_modules","C:\\Users\\Daniel\\Documents\\projects\\node_modules","C:\\Users\\Daniel\\Documents\\node_modules","C:\\Users\\Daniel\\node_modules","C:\\Users\\node_modules","C:\\node_modules","C:\\Users\\Daniel\\.node_modules","C:\\Users\\Daniel\\.node_libraries","C:\\nvm4w\\nodejs\\lib\\node"]
MODULE 45160: Module._load REQUEST to-regex parent: C:\Users\Daniel\Documents\projects\SyncClassroom\repos\ai-editor\node_modules\expand-brackets\index.js
MODULE 45160: looking for "to-regex" in ["C:\\Users\\Daniel\\Documents\\projects\\SyncClassroom\\repos\\ai-editor\\node_modules\\expand-brackets\\node_modules","C:\\Users\\Daniel\\Documents\\projects\\SyncClassroom\\repos\\ai-editor\\node_modules","C:\\Users\\Daniel\\Documents\\projects\\SyncClassroom\\repos\\node_modules","C:\\Users\\Daniel\\Documents\\projects\\SyncClassroom\\node_modules","C:\\Users\\Daniel\\Documents\\projects\\node_modules","C:\\Users\\Daniel\\Documents\\node_modules","C:\\Users\\Daniel\\node_modules","C:\\Users\\node_modules","C:\\node_modules","C:\\Users\\Daniel\\.node_modules","C:\\Users\\Daniel\\.node_libraries","C:\\nvm4w\\nodejs\\lib\\node"]
MODULE 45160: Module._load REQUEST ./lib/parsers parent: C:\Users\Daniel\Documents\projects\SyncClassroom\repos\ai-editor\node_modules\extglob\index.js
MODULE 45160: RELATIVE: requested: ./lib/parsers from parent.id C:\Users\Daniel\Documents\projects\SyncClassroom\repos\ai-editor\node_modules\extglob\index.js
MODULE 45160: looking for ["C:\\Users\\Daniel\\Documents\\projects\\SyncClassroom\\repos\\ai-editor\\node_modules\\extglob"]
MODULE 45160: load "C:\\Users\\Daniel\\Documents\\projects\\SyncClassroom\\repos\\ai-editor\\node_modules\\extglob\\lib\\parsers.js" for module "C:\\Users\\Daniel\\Documents\\projects\\SyncClassroom\\repos\\ai-editor\\node_modules\\extglob\\lib\\parsers.js"
MODULE 45160: Module._load REQUEST expand-brackets parent: C:\Users\Daniel\Documents\projects\SyncClassroom\repos\ai-editor\node_modules\extglob\lib\parsers.js
MODULE 45160: Module._load REQUEST define-property parent: C:\Users\Daniel\Documents\projects\SyncClassroom\repos\ai-editor\node_modules\extglob\lib\parsers.js
MODULE 45160: looking for "define-property" in ["C:\\Users\\Daniel\\Documents\\projects\\SyncClassroom\\repos\\ai-editor\\node_modules\\extglob\\lib\\node_modules","C:\\Users\\Daniel\\Documents\\projects\\SyncClassroom\\repos\\ai-editor\\node_modules\\extglob\\node_modules","C:\\Users\\Daniel\\Documents\\projects\\SyncClassroom\\repos\\ai-editor\\node_modules","C:\\Users\\Daniel\\Documents\\projects\\SyncClassroom\\repos\\node_modules","C:\\Users\\Daniel\\Documents\\projects\\SyncClassroom\\node_modules","C:\\Users\\Daniel\\Documents\\projects\\node_modules","C:\\Users\\Daniel\\Documents\\node_modules","C:\\Users\\Daniel\\node_modules","C:\\Users\\node_modules","C:\\node_modules","C:\\Users\\Daniel\\.node_modules","C:\\Users\\Daniel\\.node_libraries","C:\\nvm4w\\nodejs\\lib\\node"]
MODULE 45160: load "C:\\Users\\Daniel\\Documents\\projects\\SyncClassroom\\repos\\ai-editor\\node_modules\\extglob\\node_modules\\define-property\\index.js" for module "C:\\Users\\Daniel\\Documents\\projects\\SyncClassroom\\repos\\ai-editor\\node_modules\\extglob\\node_modules\\define-property\\index.js"
MODULE 45160: Module._load REQUEST is-descriptor parent: C:\Users\Daniel\Documents\projects\SyncClassroom\repos\ai-editor\node_modules\extglob\node_modules\define-property\index.js
MODULE 45160: looking for "is-descriptor" in ["C:\\Users\\Daniel\\Documents\\projects\\SyncClassroom\\repos\\ai-editor\\node_modules\\extglob\\node_modules\\define-property\\node_modules","C:\\Users\\Daniel\\Documents\\projects\\SyncClassroom\\repos\\ai-editor\\node_modules\\extglob\\node_modules","C:\\Users\\Daniel\\Documents\\projects\\SyncClassroom\\repos\\ai-editor\\node_modules","C:\\Users\\Daniel\\Documents\\projects\\SyncClassroom\\repos\\node_modules","C:\\Users\\Daniel\\Documents\\projects\\SyncClassroom\\node_modules","C:\\Users\\Daniel\\Documents\\projects\\node_modules","C:\\Users\\Daniel\\Documents\\node_modules","C:\\Users\\Daniel\\node_modules","C:\\Users\\node_modules","C:\\node_modules","C:\\Users\\Daniel\\.node_modules","C:\\Users\\Daniel\\.node_libraries","C:\\nvm4w\\nodejs\\lib\\node"]
MODULE 45160: Module._load REQUEST ./utils parent: C:\Users\Daniel\Documents\projects\SyncClassroom\repos\ai-editor\node_modules\extglob\lib\parsers.js
MODULE 45160: RELATIVE: requested: ./utils from parent.id C:\Users\Daniel\Documents\projects\SyncClassroom\repos\ai-editor\node_modules\extglob\lib\parsers.js
MODULE 45160: looking for ["C:\\Users\\Daniel\\Documents\\projects\\SyncClassroom\\repos\\ai-editor\\node_modules\\extglob\\lib"]
MODULE 45160: load "C:\\Users\\Daniel\\Documents\\projects\\SyncClassroom\\repos\\ai-editor\\node_modules\\extglob\\lib\\utils.js" for module "C:\\Users\\Daniel\\Documents\\projects\\SyncClassroom\\repos\\ai-editor\\node_modules\\extglob\\lib\\utils.js"
MODULE 45160: Module._load REQUEST regex-not parent: C:\Users\Daniel\Documents\projects\SyncClassroom\repos\ai-editor\node_modules\extglob\lib\utils.js
MODULE 45160: looking for "regex-not" in ["C:\\Users\\Daniel\\Documents\\projects\\SyncClassroom\\repos\\ai-editor\\node_modules\\extglob\\lib\\node_modules","C:\\Users\\Daniel\\Documents\\projects\\SyncClassroom\\repos\\ai-editor\\node_modules\\extglob\\node_modules","C:\\Users\\Daniel\\Documents\\projects\\SyncClassroom\\repos\\ai-editor\\node_modules","C:\\Users\\Daniel\\Documents\\projects\\SyncClassroom\\repos\\node_modules","C:\\Users\\Daniel\\Documents\\projects\\SyncClassroom\\node_modules","C:\\Users\\Daniel\\Documents\\projects\\node_modules","C:\\Users\\Daniel\\Documents\\node_modules","C:\\Users\\Daniel\\node_modules","C:\\Users\\node_modules","C:\\node_modules","C:\\Users\\Daniel\\.node_modules","C:\\Users\\Daniel\\.node_libraries","C:\\nvm4w\\nodejs\\lib\\node"]
MODULE 45160: Module._load REQUEST fragment-cache parent: C:\Users\Daniel\Documents\projects\SyncClassroom\repos\ai-editor\node_modules\extglob\lib\utils.js
MODULE 45160: looking for "fragment-cache" in ["C:\\Users\\Daniel\\Documents\\projects\\SyncClassroom\\repos\\ai-editor\\node_modules\\extglob\\lib\\node_modules","C:\\Users\\Daniel\\Documents\\projects\\SyncClassroom\\repos\\ai-editor\\node_modules\\extglob\\node_modules","C:\\Users\\Daniel\\Documents\\projects\\SyncClassroom\\repos\\ai-editor\\node_modules","C:\\Users\\Daniel\\Documents\\projects\\SyncClassroom\\repos\\node_modules","C:\\Users\\Daniel\\Documents\\projects\\SyncClassroom\\node_modules","C:\\Users\\Daniel\\Documents\\projects\\node_modules","C:\\Users\\Daniel\\Documents\\node_modules","C:\\Users\\Daniel\\node_modules","C:\\Users\\node_modules","C:\\node_modules","C:\\Users\\Daniel\\.node_modules","C:\\Users\\Daniel\\.node_libraries","C:\\nvm4w\\nodejs\\lib\\node"]
MODULE 45160: Module._load REQUEST ./lib/extglob parent: C:\Users\Daniel\Documents\projects\SyncClassroom\repos\ai-editor\node_modules\extglob\index.js
MODULE 45160: RELATIVE: requested: ./lib/extglob from parent.id C:\Users\Daniel\Documents\projects\SyncClassroom\repos\ai-editor\node_modules\extglob\index.js
MODULE 45160: looking for ["C:\\Users\\Daniel\\Documents\\projects\\SyncClassroom\\repos\\ai-editor\\node_modules\\extglob"]
MODULE 45160: load "C:\\Users\\Daniel\\Documents\\projects\\SyncClassroom\\repos\\ai-editor\\node_modules\\extglob\\lib\\extglob.js" for module "C:\\Users\\Daniel\\Documents\\projects\\SyncClassroom\\repos\\ai-editor\\node_modules\\extglob\\lib\\extglob.js"
MODULE 45160: Module._load REQUEST snapdragon parent: C:\Users\Daniel\Documents\projects\SyncClassroom\repos\ai-editor\node_modules\extglob\lib\extglob.js
MODULE 45160: looking for "snapdragon" in ["C:\\Users\\Daniel\\Documents\\projects\\SyncClassroom\\repos\\ai-editor\\node_modules\\extglob\\lib\\node_modules","C:\\Users\\Daniel\\Documents\\projects\\SyncClassroom\\repos\\ai-editor\\node_modules\\extglob\\node_modules","C:\\Users\\Daniel\\Documents\\projects\\SyncClassroom\\repos\\ai-editor\\node_modules","C:\\Users\\Daniel\\Documents\\projects\\SyncClassroom\\repos\\node_modules","C:\\Users\\Daniel\\Documents\\projects\\SyncClassroom\\node_modules","C:\\Users\\Daniel\\Documents\\projects\\node_modules","C:\\Users\\Daniel\\Documents\\node_modules","C:\\Users\\Daniel\\node_modules","C:\\Users\\node_modules","C:\\node_modules","C:\\Users\\Daniel\\.node_modules","C:\\Users\\Daniel\\.node_libraries","C:\\nvm4w\\nodejs\\lib\\node"]
MODULE 45160: Module._load REQUEST define-property parent: C:\Users\Daniel\Documents\projects\SyncClassroom\repos\ai-editor\node_modules\extglob\lib\extglob.js
MODULE 45160: Module._load REQUEST extend-shallow parent: C:\Users\Daniel\Documents\projects\SyncClassroom\repos\ai-editor\node_modules\extglob\lib\extglob.js
MODULE 45160: looking for "extend-shallow" in ["C:\\Users\\Daniel\\Documents\\projects\\SyncClassroom\\repos\\ai-editor\\node_modules\\extglob\\lib\\node_modules","C:\\Users\\Daniel\\Documents\\projects\\SyncClassroom\\repos\\ai-editor\\node_modules\\extglob\\node_modules","C:\\Users\\Daniel\\Documents\\projects\\SyncClassroom\\repos\\ai-editor\\node_modules","C:\\Users\\Daniel\\Documents\\projects\\SyncClassroom\\repos\\node_modules","C:\\Users\\Daniel\\Documents\\projects\\SyncClassroom\\node_modules","C:\\Users\\Daniel\\Documents\\projects\\node_modules","C:\\Users\\Daniel\\Documents\\node_modules","C:\\Users\\Daniel\\node_modules","C:\\Users\\node_modules","C:\\node_modules","C:\\Users\\Daniel\\.node_modules","C:\\Users\\Daniel\\.node_libraries","C:\\nvm4w\\nodejs\\lib\\node"]
MODULE 45160: Module._load REQUEST ./compilers parent: C:\Users\Daniel\Documents\projects\SyncClassroom\repos\ai-editor\node_modules\extglob\lib\extglob.js
MODULE 45160: RELATIVE: requested: ./compilers from parent.id C:\Users\Daniel\Documents\projects\SyncClassroom\repos\ai-editor\node_modules\extglob\lib\extglob.js
MODULE 45160: looking for ["C:\\Users\\Daniel\\Documents\\projects\\SyncClassroom\\repos\\ai-editor\\node_modules\\extglob\\lib"]
MODULE 45160: Module._load REQUEST ./parsers parent: C:\Users\Daniel\Documents\projects\SyncClassroom\repos\ai-editor\node_modules\extglob\lib\extglob.js
MODULE 45160: RELATIVE: requested: ./parsers from parent.id C:\Users\Daniel\Documents\projects\SyncClassroom\repos\ai-editor\node_modules\extglob\lib\extglob.js
MODULE 45160: looking for ["C:\\Users\\Daniel\\Documents\\projects\\SyncClassroom\\repos\\ai-editor\\node_modules\\extglob\\lib"]
MODULE 45160: Module._load REQUEST ./lib/utils parent: C:\Users\Daniel\Documents\projects\SyncClassroom\repos\ai-editor\node_modules\extglob\index.js
MODULE 45160: RELATIVE: requested: ./lib/utils from parent.id C:\Users\Daniel\Documents\projects\SyncClassroom\repos\ai-editor\node_modules\extglob\index.js
MODULE 45160: looking for ["C:\\Users\\Daniel\\Documents\\projects\\SyncClassroom\\repos\\ai-editor\\node_modules\\extglob"]
MODULE 45160: Module._load REQUEST ./lib/parsers parent: C:\Users\Daniel\Documents\projects\SyncClassroom\repos\ai-editor\node_modules\micromatch\index.js
MODULE 45160: RELATIVE: requested: ./lib/parsers from parent.id C:\Users\Daniel\Documents\projects\SyncClassroom\repos\ai-editor\node_modules\micromatch\index.js
MODULE 45160: looking for ["C:\\Users\\Daniel\\Documents\\projects\\SyncClassroom\\repos\\ai-editor\\node_modules\\micromatch"]
MODULE 45160: load "C:\\Users\\Daniel\\Documents\\projects\\SyncClassroom\\repos\\ai-editor\\node_modules\\micromatch\\lib\\parsers.js" for module "C:\\Users\\Daniel\\Documents\\projects\\SyncClassroom\\repos\\ai-editor\\node_modules\\micromatch\\lib\\parsers.js"
MODULE 45160: Module._load REQUEST extglob parent: C:\Users\Daniel\Documents\projects\SyncClassroom\repos\ai-editor\node_modules\micromatch\lib\parsers.js
MODULE 45160: Module._load REQUEST nanomatch parent: C:\Users\Daniel\Documents\projects\SyncClassroom\repos\ai-editor\node_modules\micromatch\lib\parsers.js
MODULE 45160: Module._load REQUEST regex-not parent: C:\Users\Daniel\Documents\projects\SyncClassroom\repos\ai-editor\node_modules\micromatch\lib\parsers.js
MODULE 45160: looking for "regex-not" in ["C:\\Users\\Daniel\\Documents\\projects\\SyncClassroom\\repos\\ai-editor\\node_modules\\micromatch\\lib\\node_modules","C:\\Users\\Daniel\\Documents\\projects\\SyncClassroom\\repos\\ai-editor\\node_modules\\micromatch\\node_modules","C:\\Users\\Daniel\\Documents\\projects\\SyncClassroom\\repos\\ai-editor\\node_modules","C:\\Users\\Daniel\\Documents\\projects\\SyncClassroom\\repos\\node_modules","C:\\Users\\Daniel\\Documents\\projects\\SyncClassroom\\node_modules","C:\\Users\\Daniel\\Documents\\projects\\node_modules","C:\\Users\\Daniel\\Documents\\node_modules","C:\\Users\\Daniel\\node_modules","C:\\Users\\node_modules","C:\\node_modules","C:\\Users\\Daniel\\.node_modules","C:\\Users\\Daniel\\.node_libraries","C:\\nvm4w\\nodejs\\lib\\node"]
MODULE 45160: Module._load REQUEST to-regex parent: C:\Users\Daniel\Documents\projects\SyncClassroom\repos\ai-editor\node_modules\micromatch\lib\parsers.js
MODULE 45160: looking for "to-regex" in ["C:\\Users\\Daniel\\Documents\\projects\\SyncClassroom\\repos\\ai-editor\\node_modules\\micromatch\\lib\\node_modules","C:\\Users\\Daniel\\Documents\\projects\\SyncClassroom\\repos\\ai-editor\\node_modules\\micromatch\\node_modules","C:\\Users\\Daniel\\Documents\\projects\\SyncClassroom\\repos\\ai-editor\\node_modules","C:\\Users\\Daniel\\Documents\\projects\\SyncClassroom\\repos\\node_modules","C:\\Users\\Daniel\\Documents\\projects\\SyncClassroom\\node_modules","C:\\Users\\Daniel\\Documents\\projects\\node_modules","C:\\Users\\Daniel\\Documents\\node_modules","C:\\Users\\Daniel\\node_modules","C:\\Users\\node_modules","C:\\node_modules","C:\\Users\\Daniel\\.node_modules","C:\\Users\\Daniel\\.node_libraries","C:\\nvm4w\\nodejs\\lib\\node"]
MODULE 45160: Module._load REQUEST ./lib/cache parent: C:\Users\Daniel\Documents\projects\SyncClassroom\repos\ai-editor\node_modules\micromatch\index.js
MODULE 45160: RELATIVE: requested: ./lib/cache from parent.id C:\Users\Daniel\Documents\projects\SyncClassroom\repos\ai-editor\node_modules\micromatch\index.js
MODULE 45160: looking for ["C:\\Users\\Daniel\\Documents\\projects\\SyncClassroom\\repos\\ai-editor\\node_modules\\micromatch"]
MODULE 45160: load "C:\\Users\\Daniel\\Documents\\projects\\SyncClassroom\\repos\\ai-editor\\node_modules\\micromatch\\lib\\cache.js" for module "C:\\Users\\Daniel\\Documents\\projects\\SyncClassroom\\repos\\ai-editor\\node_modules\\micromatch\\lib\\cache.js"
MODULE 45160: Module._load REQUEST fragment-cache parent: C:\Users\Daniel\Documents\projects\SyncClassroom\repos\ai-editor\node_modules\micromatch\lib\cache.js
MODULE 45160: looking for "fragment-cache" in ["C:\\Users\\Daniel\\Documents\\projects\\SyncClassroom\\repos\\ai-editor\\node_modules\\micromatch\\lib\\node_modules","C:\\Users\\Daniel\\Documents\\projects\\SyncClassroom\\repos\\ai-editor\\node_modules\\micromatch\\node_modules","C:\\Users\\Daniel\\Documents\\projects\\SyncClassroom\\repos\\ai-editor\\node_modules","C:\\Users\\Daniel\\Documents\\projects\\SyncClassroom\\repos\\node_modules","C:\\Users\\Daniel\\Documents\\projects\\SyncClassroom\\node_modules","C:\\Users\\Daniel\\Documents\\projects\\node_modules","C:\\Users\\Daniel\\Documents\\node_modules","C:\\Users\\Daniel\\node_modules","C:\\Users\\node_modules","C:\\node_modules","C:\\Users\\Daniel\\.node_modules","C:\\Users\\Daniel\\.node_libraries","C:\\nvm4w\\nodejs\\lib\\node"]
MODULE 45160: Module._load REQUEST ./lib/utils parent: C:\Users\Daniel\Documents\projects\SyncClassroom\repos\ai-editor\node_modules\micromatch\index.js
MODULE 45160: RELATIVE: requested: ./lib/utils from parent.id C:\Users\Daniel\Documents\projects\SyncClassroom\repos\ai-editor\node_modules\micromatch\index.js
MODULE 45160: looking for ["C:\\Users\\Daniel\\Documents\\projects\\SyncClassroom\\repos\\ai-editor\\node_modules\\micromatch"]
MODULE 45160: load "C:\\Users\\Daniel\\Documents\\projects\\SyncClassroom\\repos\\ai-editor\\node_modules\\micromatch\\lib\\utils.js" for module "C:\\Users\\Daniel\\Documents\\projects\\SyncClassroom\\repos\\ai-editor\\node_modules\\micromatch\\lib\\utils.js"
MODULE 45160: Module._load REQUEST path parent: C:\Users\Daniel\Documents\projects\SyncClassroom\repos\ai-editor\node_modules\micromatch\lib\utils.js
MODULE 45160: load built-in module path
MODULE 45160: Module._load REQUEST snapdragon parent: C:\Users\Daniel\Documents\projects\SyncClassroom\repos\ai-editor\node_modules\micromatch\lib\utils.js
MODULE 45160: looking for "snapdragon" in ["C:\\Users\\Daniel\\Documents\\projects\\SyncClassroom\\repos\\ai-editor\\node_modules\\micromatch\\lib\\node_modules","C:\\Users\\Daniel\\Documents\\projects\\SyncClassroom\\repos\\ai-editor\\node_modules\\micromatch\\node_modules","C:\\Users\\Daniel\\Documents\\projects\\SyncClassroom\\repos\\ai-editor\\node_modules","C:\\Users\\Daniel\\Documents\\projects\\SyncClassroom\\repos\\node_modules","C:\\Users\\Daniel\\Documents\\projects\\SyncClassroom\\node_modules","C:\\Users\\Daniel\\Documents\\projects\\node_modules","C:\\Users\\Daniel\\Documents\\node_modules","C:\\Users\\Daniel\\node_modules","C:\\Users\\node_modules","C:\\node_modules","C:\\Users\\Daniel\\.node_modules","C:\\Users\\Daniel\\.node_libraries","C:\\nvm4w\\nodejs\\lib\\node"]
MODULE 45160: Module._load REQUEST define-property parent: C:\Users\Daniel\Documents\projects\SyncClassroom\repos\ai-editor\node_modules\micromatch\lib\utils.js
MODULE 45160: looking for "define-property" in ["C:\\Users\\Daniel\\Documents\\projects\\SyncClassroom\\repos\\ai-editor\\node_modules\\micromatch\\lib\\node_modules","C:\\Users\\Daniel\\Documents\\projects\\SyncClassroom\\repos\\ai-editor\\node_modules\\micromatch\\node_modules","C:\\Users\\Daniel\\Documents\\projects\\SyncClassroom\\repos\\ai-editor\\node_modules","C:\\Users\\Daniel\\Documents\\projects\\SyncClassroom\\repos\\node_modules","C:\\Users\\Daniel\\Documents\\projects\\SyncClassroom\\node_modules","C:\\Users\\Daniel\\Documents\\projects\\node_modules","C:\\Users\\Daniel\\Documents\\node_modules","C:\\Users\\Daniel\\node_modules","C:\\Users\\node_modules","C:\\node_modules","C:\\Users\\Daniel\\.node_modules","C:\\Users\\Daniel\\.node_libraries","C:\\nvm4w\\nodejs\\lib\\node"]
MODULE 45160: load "C:\\Users\\Daniel\\Documents\\projects\\SyncClassroom\\repos\\ai-editor\\node_modules\\micromatch\\node_modules\\define-property\\index.js" for module "C:\\Users\\Daniel\\Documents\\projects\\SyncClassroom\\repos\\ai-editor\\node_modules\\micromatch\\node_modules\\define-property\\index.js"
MODULE 45160: Module._load REQUEST isobject parent: C:\Users\Daniel\Documents\projects\SyncClassroom\repos\ai-editor\node_modules\micromatch\node_modules\define-property\index.js
MODULE 45160: looking for "isobject" in ["C:\\Users\\Daniel\\Documents\\projects\\SyncClassroom\\repos\\ai-editor\\node_modules\\micromatch\\node_modules\\define-property\\node_modules","C:\\Users\\Daniel\\Documents\\projects\\SyncClassroom\\repos\\ai-editor\\node_modules\\micromatch\\node_modules","C:\\Users\\Daniel\\Documents\\projects\\SyncClassroom\\repos\\ai-editor\\node_modules","C:\\Users\\Daniel\\Documents\\projects\\SyncClassroom\\repos\\node_modules","C:\\Users\\Daniel\\Documents\\projects\\SyncClassroom\\node_modules","C:\\Users\\Daniel\\Documents\\projects\\node_modules","C:\\Users\\Daniel\\Documents\\node_modules","C:\\Users\\Daniel\\node_modules","C:\\Users\\node_modules","C:\\node_modules","C:\\Users\\Daniel\\.node_modules","C:\\Users\\Daniel\\.node_libraries","C:\\nvm4w\\nodejs\\lib\\node"]
MODULE 45160: Module._load REQUEST is-descriptor parent: C:\Users\Daniel\Documents\projects\SyncClassroom\repos\ai-editor\node_modules\micromatch\node_modules\define-property\index.js
MODULE 45160: looking for "is-descriptor" in ["C:\\Users\\Daniel\\Documents\\projects\\SyncClassroom\\repos\\ai-editor\\node_modules\\micromatch\\node_modules\\define-property\\node_modules","C:\\Users\\Daniel\\Documents\\projects\\SyncClassroom\\repos\\ai-editor\\node_modules\\micromatch\\node_modules","C:\\Users\\Daniel\\Documents\\projects\\SyncClassroom\\repos\\ai-editor\\node_modules","C:\\Users\\Daniel\\Documents\\projects\\SyncClassroom\\repos\\node_modules","C:\\Users\\Daniel\\Documents\\projects\\SyncClassroom\\node_modules","C:\\Users\\Daniel\\Documents\\projects\\node_modules","C:\\Users\\Daniel\\Documents\\node_modules","C:\\Users\\Daniel\\node_modules","C:\\Users\\node_modules","C:\\node_modules","C:\\Users\\Daniel\\.node_modules","C:\\Users\\Daniel\\.node_libraries","C:\\nvm4w\\nodejs\\lib\\node"]
MODULE 45160: Module._load REQUEST arr-diff parent: C:\Users\Daniel\Documents\projects\SyncClassroom\repos\ai-editor\node_modules\micromatch\lib\utils.js
MODULE 45160: looking for "arr-diff" in ["C:\\Users\\Daniel\\Documents\\projects\\SyncClassroom\\repos\\ai-editor\\node_modules\\micromatch\\lib\\node_modules","C:\\Users\\Daniel\\Documents\\projects\\SyncClassroom\\repos\\ai-editor\\node_modules\\micromatch\\node_modules","C:\\Users\\Daniel\\Documents\\projects\\SyncClassroom\\repos\\ai-editor\\node_modules","C:\\Users\\Daniel\\Documents\\projects\\SyncClassroom\\repos\\node_modules","C:\\Users\\Daniel\\Documents\\projects\\SyncClassroom\\node_modules","C:\\Users\\Daniel\\Documents\\projects\\node_modules","C:\\Users\\Daniel\\Documents\\node_modules","C:\\Users\\Daniel\\node_modules","C:\\Users\\node_modules","C:\\node_modules","C:\\Users\\Daniel\\.node_modules","C:\\Users\\Daniel\\.node_libraries","C:\\nvm4w\\nodejs\\lib\\node"]
MODULE 45160: Module._load REQUEST extend-shallow parent: C:\Users\Daniel\Documents\projects\SyncClassroom\repos\ai-editor\node_modules\micromatch\lib\utils.js
MODULE 45160: looking for "extend-shallow" in ["C:\\Users\\Daniel\\Documents\\projects\\SyncClassroom\\repos\\ai-editor\\node_modules\\micromatch\\lib\\node_modules","C:\\Users\\Daniel\\Documents\\projects\\SyncClassroom\\repos\\ai-editor\\node_modules\\micromatch\\node_modules","C:\\Users\\Daniel\\Documents\\projects\\SyncClassroom\\repos\\ai-editor\\node_modules","C:\\Users\\Daniel\\Documents\\projects\\SyncClassroom\\repos\\node_modules","C:\\Users\\Daniel\\Documents\\projects\\SyncClassroom\\node_modules","C:\\Users\\Daniel\\Documents\\projects\\node_modules","C:\\Users\\Daniel\\Documents\\node_modules","C:\\Users\\Daniel\\node_modules","C:\\Users\\node_modules","C:\\node_modules","C:\\Users\\Daniel\\.node_modules","C:\\Users\\Daniel\\.node_libraries","C:\\nvm4w\\nodejs\\lib\\node"]
MODULE 45160: Module._load REQUEST object.pick parent: C:\Users\Daniel\Documents\projects\SyncClassroom\repos\ai-editor\node_modules\micromatch\lib\utils.js
MODULE 45160: looking for "object.pick" in ["C:\\Users\\Daniel\\Documents\\projects\\SyncClassroom\\repos\\ai-editor\\node_modules\\micromatch\\lib\\node_modules","C:\\Users\\Daniel\\Documents\\projects\\SyncClassroom\\repos\\ai-editor\\node_modules\\micromatch\\node_modules","C:\\Users\\Daniel\\Documents\\projects\\SyncClassroom\\repos\\ai-editor\\node_modules","C:\\Users\\Daniel\\Documents\\projects\\SyncClassroom\\repos\\node_modules","C:\\Users\\Daniel\\Documents\\projects\\SyncClassroom\\node_modules","C:\\Users\\Daniel\\Documents\\projects\\node_modules","C:\\Users\\Daniel\\Documents\\node_modules","C:\\Users\\Daniel\\node_modules","C:\\Users\\node_modules","C:\\node_modules","C:\\Users\\Daniel\\.node_modules","C:\\Users\\Daniel\\.node_libraries","C:\\nvm4w\\nodejs\\lib\\node"]
MODULE 45160: Module._load REQUEST kind-of parent: C:\Users\Daniel\Documents\projects\SyncClassroom\repos\ai-editor\node_modules\micromatch\lib\utils.js
MODULE 45160: looking for "kind-of" in ["C:\\Users\\Daniel\\Documents\\projects\\SyncClassroom\\repos\\ai-editor\\node_modules\\micromatch\\lib\\node_modules","C:\\Users\\Daniel\\Documents\\projects\\SyncClassroom\\repos\\ai-editor\\node_modules\\micromatch\\node_modules","C:\\Users\\Daniel\\Documents\\projects\\SyncClassroom\\repos\\ai-editor\\node_modules","C:\\Users\\Daniel\\Documents\\projects\\SyncClassroom\\repos\\node_modules","C:\\Users\\Daniel\\Documents\\projects\\SyncClassroom\\node_modules","C:\\Users\\Daniel\\Documents\\projects\\node_modules","C:\\Users\\Daniel\\Documents\\node_modules","C:\\Users\\Daniel\\node_modules","C:\\Users\\node_modules","C:\\node_modules","C:\\Users\\Daniel\\.node_modules","C:\\Users\\Daniel\\.node_libraries","C:\\nvm4w\\nodejs\\lib\\node"]
MODULE 45160: load "C:\\Users\\Daniel\\Documents\\projects\\SyncClassroom\\repos\\ai-editor\\node_modules\\micromatch\\node_modules\\kind-of\\index.js" for module "C:\\Users\\Daniel\\Documents\\projects\\SyncClassroom\\repos\\ai-editor\\node_modules\\micromatch\\node_modules\\kind-of\\index.js"
MODULE 45160: Module._load REQUEST array-unique parent: C:\Users\Daniel\Documents\projects\SyncClassroom\repos\ai-editor\node_modules\micromatch\lib\utils.js
MODULE 45160: looking for "array-unique" in ["C:\\Users\\Daniel\\Documents\\projects\\SyncClassroom\\repos\\ai-editor\\node_modules\\micromatch\\lib\\node_modules","C:\\Users\\Daniel\\Documents\\projects\\SyncClassroom\\repos\\ai-editor\\node_modules\\micromatch\\node_modules","C:\\Users\\Daniel\\Documents\\projects\\SyncClassroom\\repos\\ai-editor\\node_modules","C:\\Users\\Daniel\\Documents\\projects\\SyncClassroom\\repos\\node_modules","C:\\Users\\Daniel\\Documents\\projects\\SyncClassroom\\node_modules","C:\\Users\\Daniel\\Documents\\projects\\node_modules","C:\\Users\\Daniel\\Documents\\node_modules","C:\\Users\\Daniel\\node_modules","C:\\Users\\node_modules","C:\\node_modules","C:\\Users\\Daniel\\.node_modules","C:\\Users\\Daniel\\.node_libraries","C:\\nvm4w\\nodejs\\lib\\node"]
MODULE 45160: Module._load REQUEST ./lib/file_search parent: C:\Users\Daniel\Documents\projects\SyncClassroom\repos\ai-editor\node_modules\liftoff\index.js
MODULE 45160: RELATIVE: requested: ./lib/file_search from parent.id C:\Users\Daniel\Documents\projects\SyncClassroom\repos\ai-editor\node_modules\liftoff\index.js
MODULE 45160: looking for ["C:\\Users\\Daniel\\Documents\\projects\\SyncClassroom\\repos\\ai-editor\\node_modules\\liftoff"]
MODULE 45160: Module._load REQUEST ./lib/parse_options parent: C:\Users\Daniel\Documents\projects\SyncClassroom\repos\ai-editor\node_modules\liftoff\index.js
MODULE 45160: RELATIVE: requested: ./lib/parse_options from parent.id C:\Users\Daniel\Documents\projects\SyncClassroom\repos\ai-editor\node_modules\liftoff\index.js
MODULE 45160: looking for ["C:\\Users\\Daniel\\Documents\\projects\\SyncClassroom\\repos\\ai-editor\\node_modules\\liftoff"]
MODULE 45160: load "C:\\Users\\Daniel\\Documents\\projects\\SyncClassroom\\repos\\ai-editor\\node_modules\\liftoff\\lib\\parse_options.js" for module "C:\\Users\\Daniel\\Documents\\projects\\SyncClassroom\\repos\\ai-editor\\node_modules\\liftoff\\lib\\parse_options.js"
MODULE 45160: Module._load REQUEST extend parent: C:\Users\Daniel\Documents\projects\SyncClassroom\repos\ai-editor\node_modules\liftoff\lib\parse_options.js
MODULE 45160: looking for "extend" in ["C:\\Users\\Daniel\\Documents\\projects\\SyncClassroom\\repos\\ai-editor\\node_modules\\liftoff\\lib\\node_modules","C:\\Users\\Daniel\\Documents\\projects\\SyncClassroom\\repos\\ai-editor\\node_modules\\liftoff\\node_modules","C:\\Users\\Daniel\\Documents\\projects\\SyncClassroom\\repos\\ai-editor\\node_modules","C:\\Users\\Daniel\\Documents\\projects\\SyncClassroom\\repos\\node_modules","C:\\Users\\Daniel\\Documents\\projects\\SyncClassroom\\node_modules","C:\\Users\\Daniel\\Documents\\projects\\node_modules","C:\\Users\\Daniel\\Documents\\node_modules","C:\\Users\\Daniel\\node_modules","C:\\Users\\node_modules","C:\\node_modules","C:\\Users\\Daniel\\.node_modules","C:\\Users\\Daniel\\.node_libraries","C:\\nvm4w\\nodejs\\lib\\node"]
MODULE 45160: Module._load REQUEST ./lib/silent_require parent: C:\Users\Daniel\Documents\projects\SyncClassroom\repos\ai-editor\node_modules\liftoff\index.js
MODULE 45160: RELATIVE: requested: ./lib/silent_require from parent.id C:\Users\Daniel\Documents\projects\SyncClassroom\repos\ai-editor\node_modules\liftoff\index.js
MODULE 45160: looking for ["C:\\Users\\Daniel\\Documents\\projects\\SyncClassroom\\repos\\ai-editor\\node_modules\\liftoff"]
MODULE 45160: load "C:\\Users\\Daniel\\Documents\\projects\\SyncClassroom\\repos\\ai-editor\\node_modules\\liftoff\\lib\\silent_require.js" for module "C:\\Users\\Daniel\\Documents\\projects\\SyncClassroom\\repos\\ai-editor\\node_modules\\liftoff\\lib\\silent_require.js"
MODULE 45160: Module._load REQUEST ./lib/build_config_name parent: C:\Users\Daniel\Documents\projects\SyncClassroom\repos\ai-editor\node_modules\liftoff\index.js
MODULE 45160: RELATIVE: requested: ./lib/build_config_name from parent.id C:\Users\Daniel\Documents\projects\SyncClassroom\repos\ai-editor\node_modules\liftoff\index.js
MODULE 45160: looking for ["C:\\Users\\Daniel\\Documents\\projects\\SyncClassroom\\repos\\ai-editor\\node_modules\\liftoff"]
MODULE 45160: load "C:\\Users\\Daniel\\Documents\\projects\\SyncClassroom\\repos\\ai-editor\\node_modules\\liftoff\\lib\\build_config_name.js" for module "C:\\Users\\Daniel\\Documents\\projects\\SyncClassroom\\repos\\ai-editor\\node_modules\\liftoff\\lib\\build_config_name.js"
MODULE 45160: Module._load REQUEST ./lib/register_loader parent: C:\Users\Daniel\Documents\projects\SyncClassroom\repos\ai-editor\node_modules\liftoff\index.js
MODULE 45160: RELATIVE: requested: ./lib/register_loader from parent.id C:\Users\Daniel\Documents\projects\SyncClassroom\repos\ai-editor\node_modules\liftoff\index.js
MODULE 45160: looking for ["C:\\Users\\Daniel\\Documents\\projects\\SyncClassroom\\repos\\ai-editor\\node_modules\\liftoff"]
MODULE 45160: load "C:\\Users\\Daniel\\Documents\\projects\\SyncClassroom\\repos\\ai-editor\\node_modules\\liftoff\\lib\\register_loader.js" for module "C:\\Users\\Daniel\\Documents\\projects\\SyncClassroom\\repos\\ai-editor\\node_modules\\liftoff\\lib\\register_loader.js"
MODULE 45160: Module._load REQUEST rechoir parent: C:\Users\Daniel\Documents\projects\SyncClassroom\repos\ai-editor\node_modules\liftoff\lib\register_loader.js
MODULE 45160: looking for "rechoir" in ["C:\\Users\\Daniel\\Documents\\projects\\SyncClassroom\\repos\\ai-editor\\node_modules\\liftoff\\lib\\node_modules","C:\\Users\\Daniel\\Documents\\projects\\SyncClassroom\\repos\\ai-editor\\node_modules\\liftoff\\node_modules","C:\\Users\\Daniel\\Documents\\projects\\SyncClassroom\\repos\\ai-editor\\node_modules","C:\\Users\\Daniel\\Documents\\projects\\SyncClassroom\\repos\\node_modules","C:\\Users\\Daniel\\Documents\\projects\\SyncClassroom\\node_modules","C:\\Users\\Daniel\\Documents\\projects\\node_modules","C:\\Users\\Daniel\\Documents\\node_modules","C:\\Users\\Daniel\\node_modules","C:\\Users\\node_modules","C:\\node_modules","C:\\Users\\Daniel\\.node_modules","C:\\Users\\Daniel\\.node_libraries","C:\\nvm4w\\nodejs\\lib\\node"]
MODULE 45160: load "C:\\Users\\Daniel\\Documents\\projects\\SyncClassroom\\repos\\ai-editor\\node_modules\\rechoir\\index.js" for module "C:\\Users\\Daniel\\Documents\\projects\\SyncClassroom\\repos\\ai-editor\\node_modules\\rechoir\\index.js"
MODULE 45160: Module._load REQUEST path parent: C:\Users\Daniel\Documents\projects\SyncClassroom\repos\ai-editor\node_modules\rechoir\index.js
MODULE 45160: load built-in module path
MODULE 45160: Module._load REQUEST ./lib/extension parent: C:\Users\Daniel\Documents\projects\SyncClassroom\repos\ai-editor\node_modules\rechoir\index.js
MODULE 45160: RELATIVE: requested: ./lib/extension from parent.id C:\Users\Daniel\Documents\projects\SyncClassroom\repos\ai-editor\node_modules\rechoir\index.js
MODULE 45160: looking for ["C:\\Users\\Daniel\\Documents\\projects\\SyncClassroom\\repos\\ai-editor\\node_modules\\rechoir"]
MODULE 45160: load "C:\\Users\\Daniel\\Documents\\projects\\SyncClassroom\\repos\\ai-editor\\node_modules\\rechoir\\lib\\extension.js" for module "C:\\Users\\Daniel\\Documents\\projects\\SyncClassroom\\repos\\ai-editor\\node_modules\\rechoir\\lib\\extension.js"
MODULE 45160: Module._load REQUEST path parent: C:\Users\Daniel\Documents\projects\SyncClassroom\repos\ai-editor\node_modules\rechoir\lib\extension.js
MODULE 45160: load built-in module path
MODULE 45160: Module._load REQUEST ./lib/normalize parent: C:\Users\Daniel\Documents\projects\SyncClassroom\repos\ai-editor\node_modules\rechoir\index.js
MODULE 45160: RELATIVE: requested: ./lib/normalize from parent.id C:\Users\Daniel\Documents\projects\SyncClassroom\repos\ai-editor\node_modules\rechoir\index.js
MODULE 45160: looking for ["C:\\Users\\Daniel\\Documents\\projects\\SyncClassroom\\repos\\ai-editor\\node_modules\\rechoir"]
MODULE 45160: load "C:\\Users\\Daniel\\Documents\\projects\\SyncClassroom\\repos\\ai-editor\\node_modules\\rechoir\\lib\\normalize.js" for module "C:\\Users\\Daniel\\Documents\\projects\\SyncClassroom\\repos\\ai-editor\\node_modules\\rechoir\\lib\\normalize.js"
MODULE 45160: Module._load REQUEST ./lib/register parent: C:\Users\Daniel\Documents\projects\SyncClassroom\repos\ai-editor\node_modules\rechoir\index.js
MODULE 45160: RELATIVE: requested: ./lib/register from parent.id C:\Users\Daniel\Documents\projects\SyncClassroom\repos\ai-editor\node_modules\rechoir\index.js
MODULE 45160: looking for ["C:\\Users\\Daniel\\Documents\\projects\\SyncClassroom\\repos\\ai-editor\\node_modules\\rechoir"]
MODULE 45160: load "C:\\Users\\Daniel\\Documents\\projects\\SyncClassroom\\repos\\ai-editor\\node_modules\\rechoir\\lib\\register.js" for module "C:\\Users\\Daniel\\Documents\\projects\\SyncClassroom\\repos\\ai-editor\\node_modules\\rechoir\\lib\\register.js"
MODULE 45160: Module._load REQUEST path parent: C:\Users\Daniel\Documents\projects\SyncClassroom\repos\ai-editor\node_modules\rechoir\lib\register.js
MODULE 45160: load built-in module path
MODULE 45160: Module._load REQUEST resolve parent: C:\Users\Daniel\Documents\projects\SyncClassroom\repos\ai-editor\node_modules\rechoir\lib\register.js
MODULE 45160: looking for "resolve" in ["C:\\Users\\Daniel\\Documents\\projects\\SyncClassroom\\repos\\ai-editor\\node_modules\\rechoir\\lib\\node_modules","C:\\Users\\Daniel\\Documents\\projects\\SyncClassroom\\repos\\ai-editor\\node_modules\\rechoir\\node_modules","C:\\Users\\Daniel\\Documents\\projects\\SyncClassroom\\repos\\ai-editor\\node_modules","C:\\Users\\Daniel\\Documents\\projects\\SyncClassroom\\repos\\node_modules","C:\\Users\\Daniel\\Documents\\projects\\SyncClassroom\\node_modules","C:\\Users\\Daniel\\Documents\\projects\\node_modules","C:\\Users\\Daniel\\Documents\\node_modules","C:\\Users\\Daniel\\node_modules","C:\\Users\\node_modules","C:\\node_modules","C:\\Users\\Daniel\\.node_modules","C:\\Users\\Daniel\\.node_libraries","C:\\nvm4w\\nodejs\\lib\\node"]
MODULE 45160: Module._load REQUEST ./lib/get_node_flags parent: C:\Users\Daniel\Documents\projects\SyncClassroom\repos\ai-editor\node_modules\liftoff\index.js
MODULE 45160: RELATIVE: requested: ./lib/get_node_flags from parent.id C:\Users\Daniel\Documents\projects\SyncClassroom\repos\ai-editor\node_modules\liftoff\index.js
MODULE 45160: looking for ["C:\\Users\\Daniel\\Documents\\projects\\SyncClassroom\\repos\\ai-editor\\node_modules\\liftoff"]
MODULE 45160: load "C:\\Users\\Daniel\\Documents\\projects\\SyncClassroom\\repos\\ai-editor\\node_modules\\liftoff\\lib\\get_node_flags.js" for module "C:\\Users\\Daniel\\Documents\\projects\\SyncClassroom\\repos\\ai-editor\\node_modules\\liftoff\\lib\\get_node_flags.js"
MODULE 45160: Module._load REQUEST interpret parent: C:\Users\Daniel\Documents\projects\SyncClassroom\repos\ai-editor\node_modules\gulp-cli\index.js
MODULE 45160: looking for "interpret" in ["C:\\Users\\Daniel\\Documents\\projects\\SyncClassroom\\repos\\ai-editor\\node_modules\\gulp-cli\\node_modules","C:\\Users\\Daniel\\Documents\\projects\\SyncClassroom\\repos\\ai-editor\\node_modules","C:\\Users\\Daniel\\Documents\\projects\\SyncClassroom\\repos\\node_modules","C:\\Users\\Daniel\\Documents\\projects\\SyncClassroom\\node_modules","C:\\Users\\Daniel\\Documents\\projects\\node_modules","C:\\Users\\Daniel\\Documents\\node_modules","C:\\Users\\Daniel\\node_modules","C:\\Users\\node_modules","C:\\node_modules","C:\\Users\\Daniel\\.node_modules","C:\\Users\\Daniel\\.node_libraries","C:\\nvm4w\\nodejs\\lib\\node"]
MODULE 45160: load "C:\\Users\\Daniel\\Documents\\projects\\SyncClassroom\\repos\\ai-editor\\node_modules\\interpret\\index.js" for module "C:\\Users\\Daniel\\Documents\\projects\\SyncClassroom\\repos\\ai-editor\\node_modules\\interpret\\index.js"
MODULE 45160: Module._load REQUEST path parent: C:\Users\Daniel\Documents\projects\SyncClassroom\repos\ai-editor\node_modules\interpret\index.js
MODULE 45160: load built-in module path
MODULE 45160: Module._load REQUEST v8flags parent: C:\Users\Daniel\Documents\projects\SyncClassroom\repos\ai-editor\node_modules\gulp-cli\index.js
MODULE 45160: looking for "v8flags" in ["C:\\Users\\Daniel\\Documents\\projects\\SyncClassroom\\repos\\ai-editor\\node_modules\\gulp-cli\\node_modules","C:\\Users\\Daniel\\Documents\\projects\\SyncClassroom\\repos\\ai-editor\\node_modules","C:\\Users\\Daniel\\Documents\\projects\\SyncClassroom\\repos\\node_modules","C:\\Users\\Daniel\\Documents\\projects\\SyncClassroom\\node_modules","C:\\Users\\Daniel\\Documents\\projects\\node_modules","C:\\Users\\Daniel\\Documents\\node_modules","C:\\Users\\Daniel\\node_modules","C:\\Users\\node_modules","C:\\node_modules","C:\\Users\\Daniel\\.node_modules","C:\\Users\\Daniel\\.node_libraries","C:\\nvm4w\\nodejs\\lib\\node"]
MODULE 45160: load "C:\\Users\\Daniel\\Documents\\projects\\SyncClassroom\\repos\\ai-editor\\node_modules\\v8flags\\index.js" for module "C:\\Users\\Daniel\\Documents\\projects\\SyncClassroom\\repos\\ai-editor\\node_modules\\v8flags\\index.js"
MODULE 45160: Module._load REQUEST os parent: C:\Users\Daniel\Documents\projects\SyncClassroom\repos\ai-editor\node_modules\v8flags\index.js
MODULE 45160: load built-in module os
MODULE 45160: Module._load REQUEST fs parent: C:\Users\Daniel\Documents\projects\SyncClassroom\repos\ai-editor\node_modules\v8flags\index.js
MODULE 45160: load built-in module fs
MODULE 45160: Module._load REQUEST path parent: C:\Users\Daniel\Documents\projects\SyncClassroom\repos\ai-editor\node_modules\v8flags\index.js
MODULE 45160: load built-in module path
MODULE 45160: Module._load REQUEST crypto parent: C:\Users\Daniel\Documents\projects\SyncClassroom\repos\ai-editor\node_modules\v8flags\index.js
MODULE 45160: load built-in module crypto
MODULE 45160: Module._load REQUEST child_process parent: C:\Users\Daniel\Documents\projects\SyncClassroom\repos\ai-editor\node_modules\v8flags\index.js
MODULE 45160: load built-in module child_process
MODULE 45160: Module._load REQUEST ./config-path.js parent: C:\Users\Daniel\Documents\projects\SyncClassroom\repos\ai-editor\node_modules\v8flags\index.js
MODULE 45160: RELATIVE: requested: ./config-path.js from parent.id C:\Users\Daniel\Documents\projects\SyncClassroom\repos\ai-editor\node_modules\v8flags\index.js
MODULE 45160: looking for ["C:\\Users\\Daniel\\Documents\\projects\\SyncClassroom\\repos\\ai-editor\\node_modules\\v8flags"]
MODULE 45160: load "C:\\Users\\Daniel\\Documents\\projects\\SyncClassroom\\repos\\ai-editor\\node_modules\\v8flags\\config-path.js" for module "C:\\Users\\Daniel\\Documents\\projects\\SyncClassroom\\repos\\ai-editor\\node_modules\\v8flags\\config-path.js"
MODULE 45160: Module._load REQUEST os parent: C:\Users\Daniel\Documents\projects\SyncClassroom\repos\ai-editor\node_modules\v8flags\config-path.js
MODULE 45160: load built-in module os
MODULE 45160: Module._load REQUEST path parent: C:\Users\Daniel\Documents\projects\SyncClassroom\repos\ai-editor\node_modules\v8flags\config-path.js
MODULE 45160: load built-in module path
MODULE 45160: Module._load REQUEST homedir-polyfill parent: C:\Users\Daniel\Documents\projects\SyncClassroom\repos\ai-editor\node_modules\v8flags\config-path.js
MODULE 45160: looking for "homedir-polyfill" in ["C:\\Users\\Daniel\\Documents\\projects\\SyncClassroom\\repos\\ai-editor\\node_modules\\v8flags\\node_modules","C:\\Users\\Daniel\\Documents\\projects\\SyncClassroom\\repos\\ai-editor\\node_modules","C:\\Users\\Daniel\\Documents\\projects\\SyncClassroom\\repos\\node_modules","C:\\Users\\Daniel\\Documents\\projects\\SyncClassroom\\node_modules","C:\\Users\\Daniel\\Documents\\projects\\node_modules","C:\\Users\\Daniel\\Documents\\node_modules","C:\\Users\\Daniel\\node_modules","C:\\Users\\node_modules","C:\\node_modules","C:\\Users\\Daniel\\.node_modules","C:\\Users\\Daniel\\.node_libraries","C:\\nvm4w\\nodejs\\lib\\node"]
MODULE 45160: Module._load REQUEST ./package.json parent: C:\Users\Daniel\Documents\projects\SyncClassroom\repos\ai-editor\node_modules\v8flags\index.js
MODULE 45160: RELATIVE: requested: ./package.json from parent.id C:\Users\Daniel\Documents\projects\SyncClassroom\repos\ai-editor\node_modules\v8flags\index.js
MODULE 45160: looking for ["C:\\Users\\Daniel\\Documents\\projects\\SyncClassroom\\repos\\ai-editor\\node_modules\\v8flags"]
MODULE 45160: load "C:\\Users\\Daniel\\Documents\\projects\\SyncClassroom\\repos\\ai-editor\\node_modules\\v8flags\\package.json" for module "C:\\Users\\Daniel\\Documents\\projects\\SyncClassroom\\repos\\ai-editor\\node_modules\\v8flags\\package.json"
MODULE 45160: Module._load REQUEST semver-greatest-satisfied-range parent: C:\Users\Daniel\Documents\projects\SyncClassroom\repos\ai-editor\node_modules\gulp-cli\index.js
MODULE 45160: looking for "semver-greatest-satisfied-range" in ["C:\\Users\\Daniel\\Documents\\projects\\SyncClassroom\\repos\\ai-editor\\node_modules\\gulp-cli\\node_modules","C:\\Users\\Daniel\\Documents\\projects\\SyncClassroom\\repos\\ai-editor\\node_modules","C:\\Users\\Daniel\\Documents\\projects\\SyncClassroom\\repos\\node_modules","C:\\Users\\Daniel\\Documents\\projects\\SyncClassroom\\node_modules","C:\\Users\\Daniel\\Documents\\projects\\node_modules","C:\\Users\\Daniel\\Documents\\node_modules","C:\\Users\\Daniel\\node_modules","C:\\Users\\node_modules","C:\\node_modules","C:\\Users\\Daniel\\.node_modules","C:\\Users\\Daniel\\.node_libraries","C:\\nvm4w\\nodejs\\lib\\node"]
MODULE 45160: load "C:\\Users\\Daniel\\Documents\\projects\\SyncClassroom\\repos\\ai-editor\\node_modules\\semver-greatest-satisfied-range\\index.js" for module "C:\\Users\\Daniel\\Documents\\projects\\SyncClassroom\\repos\\ai-editor\\node_modules\\semver-greatest-satisfied-range\\index.js"
MODULE 45160: Module._load REQUEST sver-compat parent: C:\Users\Daniel\Documents\projects\SyncClassroom\repos\ai-editor\node_modules\semver-greatest-satisfied-range\index.js
MODULE 45160: looking for "sver-compat" in ["C:\\Users\\Daniel\\Documents\\projects\\SyncClassroom\\repos\\ai-editor\\node_modules\\semver-greatest-satisfied-range\\node_modules","C:\\Users\\Daniel\\Documents\\projects\\SyncClassroom\\repos\\ai-editor\\node_modules","C:\\Users\\Daniel\\Documents\\projects\\SyncClassroom\\repos\\node_modules","C:\\Users\\Daniel\\Documents\\projects\\SyncClassroom\\node_modules","C:\\Users\\Daniel\\Documents\\projects\\node_modules","C:\\Users\\Daniel\\Documents\\node_modules","C:\\Users\\Daniel\\node_modules","C:\\Users\\node_modules","C:\\node_modules","C:\\Users\\Daniel\\.node_modules","C:\\Users\\Daniel\\.node_libraries","C:\\nvm4w\\nodejs\\lib\\node"]
MODULE 45160: load "C:\\Users\\Daniel\\Documents\\projects\\SyncClassroom\\repos\\ai-editor\\node_modules\\sver-compat\\sver.js" for module "C:\\Users\\Daniel\\Documents\\projects\\SyncClassroom\\repos\\ai-editor\\node_modules\\sver-compat\\sver.js"
MODULE 45160: Module._load REQUEST es6-symbol parent: C:\Users\Daniel\Documents\projects\SyncClassroom\repos\ai-editor\node_modules\sver-compat\sver.js
MODULE 45160: looking for "es6-symbol" in ["C:\\Users\\Daniel\\Documents\\projects\\SyncClassroom\\repos\\ai-editor\\node_modules\\sver-compat\\node_modules","C:\\Users\\Daniel\\Documents\\projects\\SyncClassroom\\repos\\ai-editor\\node_modules","C:\\Users\\Daniel\\Documents\\projects\\SyncClassroom\\repos\\node_modules","C:\\Users\\Daniel\\Documents\\projects\\SyncClassroom\\node_modules","C:\\Users\\Daniel\\Documents\\projects\\node_modules","C:\\Users\\Daniel\\Documents\\node_modules","C:\\Users\\Daniel\\node_modules","C:\\Users\\node_modules","C:\\node_modules","C:\\Users\\Daniel\\.node_modules","C:\\Users\\Daniel\\.node_libraries","C:\\nvm4w\\nodejs\\lib\\node"]
MODULE 45160: load "C:\\Users\\Daniel\\Documents\\projects\\SyncClassroom\\repos\\ai-editor\\node_modules\\es6-symbol\\index.js" for module "C:\\Users\\Daniel\\Documents\\projects\\SyncClassroom\\repos\\ai-editor\\node_modules\\es6-symbol\\index.js"
MODULE 45160: Module._load REQUEST ./is-implemented parent: C:\Users\Daniel\Documents\projects\SyncClassroom\repos\ai-editor\node_modules\es6-symbol\index.js
MODULE 45160: RELATIVE: requested: ./is-implemented from parent.id C:\Users\Daniel\Documents\projects\SyncClassroom\repos\ai-editor\node_modules\es6-symbol\index.js
MODULE 45160: looking for ["C:\\Users\\Daniel\\Documents\\projects\\SyncClassroom\\repos\\ai-editor\\node_modules\\es6-symbol"]
MODULE 45160: load "C:\\Users\\Daniel\\Documents\\projects\\SyncClassroom\\repos\\ai-editor\\node_modules\\es6-symbol\\is-implemented.js" for module "C:\\Users\\Daniel\\Documents\\projects\\SyncClassroom\\repos\\ai-editor\\node_modules\\es6-symbol\\is-implemented.js"
MODULE 45160: Module._load REQUEST ext/global-this parent: C:\Users\Daniel\Documents\projects\SyncClassroom\repos\ai-editor\node_modules\es6-symbol\is-implemented.js
MODULE 45160: looking for "ext/global-this" in ["C:\\Users\\Daniel\\Documents\\projects\\SyncClassroom\\repos\\ai-editor\\node_modules\\es6-symbol\\node_modules","C:\\Users\\Daniel\\Documents\\projects\\SyncClassroom\\repos\\ai-editor\\node_modules","C:\\Users\\Daniel\\Documents\\projects\\SyncClassroom\\repos\\node_modules","C:\\Users\\Daniel\\Documents\\projects\\SyncClassroom\\node_modules","C:\\Users\\Daniel\\Documents\\projects\\node_modules","C:\\Users\\Daniel\\Documents\\node_modules","C:\\Users\\Daniel\\node_modules","C:\\Users\\node_modules","C:\\node_modules","C:\\Users\\Daniel\\.node_modules","C:\\Users\\Daniel\\.node_libraries","C:\\nvm4w\\nodejs\\lib\\node"]
MODULE 45160: load "C:\\Users\\Daniel\\Documents\\projects\\SyncClassroom\\repos\\ai-editor\\node_modules\\ext\\global-this\\index.js" for module "C:\\Users\\Daniel\\Documents\\projects\\SyncClassroom\\repos\\ai-editor\\node_modules\\ext\\global-this\\index.js"
MODULE 45160: Module._load REQUEST ./is-implemented parent: C:\Users\Daniel\Documents\projects\SyncClassroom\repos\ai-editor\node_modules\ext\global-this\index.js
MODULE 45160: RELATIVE: requested: ./is-implemented from parent.id C:\Users\Daniel\Documents\projects\SyncClassroom\repos\ai-editor\node_modules\ext\global-this\index.js
MODULE 45160: looking for ["C:\\Users\\Daniel\\Documents\\projects\\SyncClassroom\\repos\\ai-editor\\node_modules\\ext\\global-this"]
MODULE 45160: load "C:\\Users\\Daniel\\Documents\\projects\\SyncClassroom\\repos\\ai-editor\\node_modules\\ext\\global-this\\is-implemented.js" for module "C:\\Users\\Daniel\\Documents\\projects\\SyncClassroom\\repos\\ai-editor\\node_modules\\ext\\global-this\\is-implemented.js"
MODULE 45160: Module._load REQUEST ext/global-this parent: C:\Users\Daniel\Documents\projects\SyncClassroom\repos\ai-editor\node_modules\es6-symbol\index.js
MODULE 45160: Module._load REQUEST ./lib/shared/ansi parent: C:\Users\Daniel\Documents\projects\SyncClassroom\repos\ai-editor\node_modules\gulp-cli\index.js
MODULE 45160: RELATIVE: requested: ./lib/shared/ansi from parent.id C:\Users\Daniel\Documents\projects\SyncClassroom\repos\ai-editor\node_modules\gulp-cli\index.js
MODULE 45160: looking for ["C:\\Users\\Daniel\\Documents\\projects\\SyncClassroom\\repos\\ai-editor\\node_modules\\gulp-cli"]
MODULE 45160: load "C:\\Users\\Daniel\\Documents\\projects\\SyncClassroom\\repos\\ai-editor\\node_modules\\gulp-cli\\lib\\shared\\ansi.js" for module "C:\\Users\\Daniel\\Documents\\projects\\SyncClassroom\\repos\\ai-editor\\node_modules\\gulp-cli\\lib\\shared\\ansi.js"
MODULE 45160: Module._load REQUEST ansi-colors parent: C:\Users\Daniel\Documents\projects\SyncClassroom\repos\ai-editor\node_modules\gulp-cli\lib\shared\ansi.js
MODULE 45160: looking for "ansi-colors" in ["C:\\Users\\Daniel\\Documents\\projects\\SyncClassroom\\repos\\ai-editor\\node_modules\\gulp-cli\\lib\\shared\\node_modules","C:\\Users\\Daniel\\Documents\\projects\\SyncClassroom\\repos\\ai-editor\\node_modules\\gulp-cli\\lib\\node_modules","C:\\Users\\Daniel\\Documents\\projects\\SyncClassroom\\repos\\ai-editor\\node_modules\\gulp-cli\\node_modules","C:\\Users\\Daniel\\Documents\\projects\\SyncClassroom\\repos\\ai-editor\\node_modules","C:\\Users\\Daniel\\Documents\\projects\\SyncClassroom\\repos\\node_modules","C:\\Users\\Daniel\\Documents\\projects\\SyncClassroom\\node_modules","C:\\Users\\Daniel\\Documents\\projects\\node_modules","C:\\Users\\Daniel\\Documents\\node_modules","C:\\Users\\Daniel\\node_modules","C:\\Users\\node_modules","C:\\node_modules","C:\\Users\\Daniel\\.node_modules","C:\\Users\\Daniel\\.node_libraries","C:\\nvm4w\\nodejs\\lib\\node"]
MODULE 45160: load "C:\\Users\\Daniel\\Documents\\projects\\SyncClassroom\\repos\\ai-editor\\node_modules\\gulp-cli\\node_modules\\ansi-colors\\index.js" for module "C:\\Users\\Daniel\\Documents\\projects\\SyncClassroom\\repos\\ai-editor\\node_modules\\gulp-cli\\node_modules\\ansi-colors\\index.js"
MODULE 45160: Module._load REQUEST ansi-wrap parent: C:\Users\Daniel\Documents\projects\SyncClassroom\repos\ai-editor\node_modules\gulp-cli\node_modules\ansi-colors\index.js
MODULE 45160: looking for "ansi-wrap" in ["C:\\Users\\Daniel\\Documents\\projects\\SyncClassroom\\repos\\ai-editor\\node_modules\\gulp-cli\\node_modules\\ansi-colors\\node_modules","C:\\Users\\Daniel\\Documents\\projects\\SyncClassroom\\repos\\ai-editor\\node_modules\\gulp-cli\\node_modules","C:\\Users\\Daniel\\Documents\\projects\\SyncClassroom\\repos\\ai-editor\\node_modules","C:\\Users\\Daniel\\Documents\\projects\\SyncClassroom\\repos\\node_modules","C:\\Users\\Daniel\\Documents\\projects\\SyncClassroom\\node_modules","C:\\Users\\Daniel\\Documents\\projects\\node_modules","C:\\Users\\Daniel\\Documents\\node_modules","C:\\Users\\Daniel\\node_modules","C:\\Users\\node_modules","C:\\node_modules","C:\\Users\\Daniel\\.node_modules","C:\\Users\\Daniel\\.node_libraries","C:\\nvm4w\\nodejs\\lib\\node"]
MODULE 45160: load "C:\\Users\\Daniel\\Documents\\projects\\SyncClassroom\\repos\\ai-editor\\node_modules\\ansi-wrap\\index.js" for module "C:\\Users\\Daniel\\Documents\\projects\\SyncClassroom\\repos\\ai-editor\\node_modules\\ansi-wrap\\index.js"
MODULE 45160: Module._load REQUEST color-support parent: C:\Users\Daniel\Documents\projects\SyncClassroom\repos\ai-editor\node_modules\gulp-cli\lib\shared\ansi.js
MODULE 45160: looking for "color-support" in ["C:\\Users\\Daniel\\Documents\\projects\\SyncClassroom\\repos\\ai-editor\\node_modules\\gulp-cli\\lib\\shared\\node_modules","C:\\Users\\Daniel\\Documents\\projects\\SyncClassroom\\repos\\ai-editor\\node_modules\\gulp-cli\\lib\\node_modules","C:\\Users\\Daniel\\Documents\\projects\\SyncClassroom\\repos\\ai-editor\\node_modules\\gulp-cli\\node_modules","C:\\Users\\Daniel\\Documents\\projects\\SyncClassroom\\repos\\ai-editor\\node_modules","C:\\Users\\Daniel\\Documents\\projects\\SyncClassroom\\repos\\node_modules","C:\\Users\\Daniel\\Documents\\projects\\SyncClassroom\\node_modules","C:\\Users\\Daniel\\Documents\\projects\\node_modules","C:\\Users\\Daniel\\Documents\\node_modules","C:\\Users\\Daniel\\node_modules","C:\\Users\\node_modules","C:\\node_modules","C:\\Users\\Daniel\\.node_modules","C:\\Users\\Daniel\\.node_libraries","C:\\nvm4w\\nodejs\\lib\\node"]
MODULE 45160: load "C:\\Users\\Daniel\\Documents\\projects\\SyncClassroom\\repos\\ai-editor\\node_modules\\color-support\\index.js" for module "C:\\Users\\Daniel\\Documents\\projects\\SyncClassroom\\repos\\ai-editor\\node_modules\\color-support\\index.js"
MODULE 45160: Module._load REQUEST ./lib/shared/exit parent: C:\Users\Daniel\Documents\projects\SyncClassroom\repos\ai-editor\node_modules\gulp-cli\index.js
MODULE 45160: RELATIVE: requested: ./lib/shared/exit from parent.id C:\Users\Daniel\Documents\projects\SyncClassroom\repos\ai-editor\node_modules\gulp-cli\index.js
MODULE 45160: looking for ["C:\\Users\\Daniel\\Documents\\projects\\SyncClassroom\\repos\\ai-editor\\node_modules\\gulp-cli"]
MODULE 45160: load "C:\\Users\\Daniel\\Documents\\projects\\SyncClassroom\\repos\\ai-editor\\node_modules\\gulp-cli\\lib\\shared\\exit.js" for module "C:\\Users\\Daniel\\Documents\\projects\\SyncClassroom\\repos\\ai-editor\\node_modules\\gulp-cli\\lib\\shared\\exit.js"
MODULE 45160: Module._load REQUEST ./lib/shared/tildify parent: C:\Users\Daniel\Documents\projects\SyncClassroom\repos\ai-editor\node_modules\gulp-cli\index.js
MODULE 45160: RELATIVE: requested: ./lib/shared/tildify from parent.id C:\Users\Daniel\Documents\projects\SyncClassroom\repos\ai-editor\node_modules\gulp-cli\index.js
MODULE 45160: looking for ["C:\\Users\\Daniel\\Documents\\projects\\SyncClassroom\\repos\\ai-editor\\node_modules\\gulp-cli"]
MODULE 45160: load "C:\\Users\\Daniel\\Documents\\projects\\SyncClassroom\\repos\\ai-editor\\node_modules\\gulp-cli\\lib\\shared\\tildify.js" for module "C:\\Users\\Daniel\\Documents\\projects\\SyncClassroom\\repos\\ai-editor\\node_modules\\gulp-cli\\lib\\shared\\tildify.js"
MODULE 45160: Module._load REQUEST replace-homedir parent: C:\Users\Daniel\Documents\projects\SyncClassroom\repos\ai-editor\node_modules\gulp-cli\lib\shared\tildify.js
MODULE 45160: looking for "replace-homedir" in ["C:\\Users\\Daniel\\Documents\\projects\\SyncClassroom\\repos\\ai-editor\\node_modules\\gulp-cli\\lib\\shared\\node_modules","C:\\Users\\Daniel\\Documents\\projects\\SyncClassroom\\repos\\ai-editor\\node_modules\\gulp-cli\\lib\\node_modules","C:\\Users\\Daniel\\Documents\\projects\\SyncClassroom\\repos\\ai-editor\\node_modules\\gulp-cli\\node_modules","C:\\Users\\Daniel\\Documents\\projects\\SyncClassroom\\repos\\ai-editor\\node_modules","C:\\Users\\Daniel\\Documents\\projects\\SyncClassroom\\repos\\node_modules","C:\\Users\\Daniel\\Documents\\projects\\SyncClassroom\\node_modules","C:\\Users\\Daniel\\Documents\\projects\\node_modules","C:\\Users\\Daniel\\Documents\\node_modules","C:\\Users\\Daniel\\node_modules","C:\\Users\\node_modules","C:\\node_modules","C:\\Users\\Daniel\\.node_modules","C:\\Users\\Daniel\\.node_libraries","C:\\nvm4w\\nodejs\\lib\\node"]
MODULE 45160: load "C:\\Users\\Daniel\\Documents\\projects\\SyncClassroom\\repos\\ai-editor\\node_modules\\replace-homedir\\index.js" for module "C:\\Users\\Daniel\\Documents\\projects\\SyncClassroom\\repos\\ai-editor\\node_modules\\replace-homedir\\index.js"
MODULE 45160: Module._load REQUEST path parent: C:\Users\Daniel\Documents\projects\SyncClassroom\repos\ai-editor\node_modules\replace-homedir\index.js
MODULE 45160: load built-in module path
MODULE 45160: Module._load REQUEST homedir-polyfill parent: C:\Users\Daniel\Documents\projects\SyncClassroom\repos\ai-editor\node_modules\replace-homedir\index.js
MODULE 45160: looking for "homedir-polyfill" in ["C:\\Users\\Daniel\\Documents\\projects\\SyncClassroom\\repos\\ai-editor\\node_modules\\replace-homedir\\node_modules","C:\\Users\\Daniel\\Documents\\projects\\SyncClassroom\\repos\\ai-editor\\node_modules","C:\\Users\\Daniel\\Documents\\projects\\SyncClassroom\\repos\\node_modules","C:\\Users\\Daniel\\Documents\\projects\\SyncClassroom\\node_modules","C:\\Users\\Daniel\\Documents\\projects\\node_modules","C:\\Users\\Daniel\\Documents\\node_modules","C:\\Users\\Daniel\\node_modules","C:\\Users\\node_modules","C:\\node_modules","C:\\Users\\Daniel\\.node_modules","C:\\Users\\Daniel\\.node_libraries","C:\\nvm4w\\nodejs\\lib\\node"]
MODULE 45160: Module._load REQUEST is-absolute parent: C:\Users\Daniel\Documents\projects\SyncClassroom\repos\ai-editor\node_modules\replace-homedir\index.js
MODULE 45160: looking for "is-absolute" in ["C:\\Users\\Daniel\\Documents\\projects\\SyncClassroom\\repos\\ai-editor\\node_modules\\replace-homedir\\node_modules","C:\\Users\\Daniel\\Documents\\projects\\SyncClassroom\\repos\\ai-editor\\node_modules","C:\\Users\\Daniel\\Documents\\projects\\SyncClassroom\\repos\\node_modules","C:\\Users\\Daniel\\Documents\\projects\\SyncClassroom\\node_modules","C:\\Users\\Daniel\\Documents\\projects\\node_modules","C:\\Users\\Daniel\\Documents\\node_modules","C:\\Users\\Daniel\\node_modules","C:\\Users\\node_modules","C:\\node_modules","C:\\Users\\Daniel\\.node_modules","C:\\Users\\Daniel\\.node_libraries","C:\\nvm4w\\nodejs\\lib\\node"]
MODULE 45160: Module._load REQUEST remove-trailing-separator parent: C:\Users\Daniel\Documents\projects\SyncClassroom\repos\ai-editor\node_modules\replace-homedir\index.js
MODULE 45160: looking for "remove-trailing-separator" in ["C:\\Users\\Daniel\\Documents\\projects\\SyncClassroom\\repos\\ai-editor\\node_modules\\replace-homedir\\node_modules","C:\\Users\\Daniel\\Documents\\projects\\SyncClassroom\\repos\\ai-editor\\node_modules","C:\\Users\\Daniel\\Documents\\projects\\SyncClassroom\\repos\\node_modules","C:\\Users\\Daniel\\Documents\\projects\\SyncClassroom\\node_modules","C:\\Users\\Daniel\\Documents\\projects\\node_modules","C:\\Users\\Daniel\\Documents\\node_modules","C:\\Users\\Daniel\\node_modules","C:\\Users\\node_modules","C:\\node_modules","C:\\Users\\Daniel\\.node_modules","C:\\Users\\Daniel\\.node_libraries","C:\\nvm4w\\nodejs\\lib\\node"]
MODULE 45160: load "C:\\Users\\Daniel\\Documents\\projects\\SyncClassroom\\repos\\ai-editor\\node_modules\\remove-trailing-separator\\index.js" for module "C:\\Users\\Daniel\\Documents\\projects\\SyncClassroom\\repos\\ai-editor\\node_modules\\remove-trailing-separator\\index.js"
MODULE 45160: Module._load REQUEST ./lib/shared/make-title parent: C:\Users\Daniel\Documents\projects\SyncClassroom\repos\ai-editor\node_modules\gulp-cli\index.js
MODULE 45160: RELATIVE: requested: ./lib/shared/make-title from parent.id C:\Users\Daniel\Documents\projects\SyncClassroom\repos\ai-editor\node_modules\gulp-cli\index.js
MODULE 45160: looking for ["C:\\Users\\Daniel\\Documents\\projects\\SyncClassroom\\repos\\ai-editor\\node_modules\\gulp-cli"]
MODULE 45160: load "C:\\Users\\Daniel\\Documents\\projects\\SyncClassroom\\repos\\ai-editor\\node_modules\\gulp-cli\\lib\\shared\\make-title.js" for module "C:\\Users\\Daniel\\Documents\\projects\\SyncClassroom\\repos\\ai-editor\\node_modules\\gulp-cli\\lib\\shared\\make-title.js"
MODULE 45160: Module._load REQUEST ./lib/shared/cli-options parent: C:\Users\Daniel\Documents\projects\SyncClassroom\repos\ai-editor\node_modules\gulp-cli\index.js
MODULE 45160: RELATIVE: requested: ./lib/shared/cli-options from parent.id C:\Users\Daniel\Documents\projects\SyncClassroom\repos\ai-editor\node_modules\gulp-cli\index.js
MODULE 45160: looking for ["C:\\Users\\Daniel\\Documents\\projects\\SyncClassroom\\repos\\ai-editor\\node_modules\\gulp-cli"]
MODULE 45160: load "C:\\Users\\Daniel\\Documents\\projects\\SyncClassroom\\repos\\ai-editor\\node_modules\\gulp-cli\\lib\\shared\\cli-options.js" for module "C:\\Users\\Daniel\\Documents\\projects\\SyncClassroom\\repos\\ai-editor\\node_modules\\gulp-cli\\lib\\shared\\cli-options.js"
MODULE 45160: Module._load REQUEST ./ansi parent: C:\Users\Daniel\Documents\projects\SyncClassroom\repos\ai-editor\node_modules\gulp-cli\lib\shared\cli-options.js
MODULE 45160: RELATIVE: requested: ./ansi from parent.id C:\Users\Daniel\Documents\projects\SyncClassroom\repos\ai-editor\node_modules\gulp-cli\lib\shared\cli-options.js
MODULE 45160: looking for ["C:\\Users\\Daniel\\Documents\\projects\\SyncClassroom\\repos\\ai-editor\\node_modules\\gulp-cli\\lib\\shared"]
MODULE 45160: Module._load REQUEST ./lib/shared/completion parent: C:\Users\Daniel\Documents\projects\SyncClassroom\repos\ai-editor\node_modules\gulp-cli\index.js
MODULE 45160: RELATIVE: requested: ./lib/shared/completion from parent.id C:\Users\Daniel\Documents\projects\SyncClassroom\repos\ai-editor\node_modules\gulp-cli\index.js
MODULE 45160: looking for ["C:\\Users\\Daniel\\Documents\\projects\\SyncClassroom\\repos\\ai-editor\\node_modules\\gulp-cli"]
MODULE 45160: load "C:\\Users\\Daniel\\Documents\\projects\\SyncClassroom\\repos\\ai-editor\\node_modules\\gulp-cli\\lib\\shared\\completion.js" for module "C:\\Users\\Daniel\\Documents\\projects\\SyncClassroom\\repos\\ai-editor\\node_modules\\gulp-cli\\lib\\shared\\completion.js"
MODULE 45160: Module._load REQUEST fs parent: C:\Users\Daniel\Documents\projects\SyncClassroom\repos\ai-editor\node_modules\gulp-cli\lib\shared\completion.js
MODULE 45160: load built-in module fs
MODULE 45160: Module._load REQUEST path parent: C:\Users\Daniel\Documents\projects\SyncClassroom\repos\ai-editor\node_modules\gulp-cli\lib\shared\completion.js
MODULE 45160: load built-in module path
MODULE 45160: Module._load REQUEST ./lib/shared/verify-dependencies parent: C:\Users\Daniel\Documents\projects\SyncClassroom\repos\ai-editor\node_modules\gulp-cli\index.js
MODULE 45160: RELATIVE: requested: ./lib/shared/verify-dependencies from parent.id C:\Users\Daniel\Documents\projects\SyncClassroom\repos\ai-editor\node_modules\gulp-cli\index.js
MODULE 45160: looking for ["C:\\Users\\Daniel\\Documents\\projects\\SyncClassroom\\repos\\ai-editor\\node_modules\\gulp-cli"]
MODULE 45160: load "C:\\Users\\Daniel\\Documents\\projects\\SyncClassroom\\repos\\ai-editor\\node_modules\\gulp-cli\\lib\\shared\\verify-dependencies.js" for module "C:\\Users\\Daniel\\Documents\\projects\\SyncClassroom\\repos\\ai-editor\\node_modules\\gulp-cli\\lib\\shared\\verify-dependencies.js"
MODULE 45160: Module._load REQUEST matchdep parent: C:\Users\Daniel\Documents\projects\SyncClassroom\repos\ai-editor\node_modules\gulp-cli\lib\shared\verify-dependencies.js
MODULE 45160: looking for "matchdep" in ["C:\\Users\\Daniel\\Documents\\projects\\SyncClassroom\\repos\\ai-editor\\node_modules\\gulp-cli\\lib\\shared\\node_modules","C:\\Users\\Daniel\\Documents\\projects\\SyncClassroom\\repos\\ai-editor\\node_modules\\gulp-cli\\lib\\node_modules","C:\\Users\\Daniel\\Documents\\projects\\SyncClassroom\\repos\\ai-editor\\node_modules\\gulp-cli\\node_modules","C:\\Users\\Daniel\\Documents\\projects\\SyncClassroom\\repos\\ai-editor\\node_modules","C:\\Users\\Daniel\\Documents\\projects\\SyncClassroom\\repos\\node_modules","C:\\Users\\Daniel\\Documents\\projects\\SyncClassroom\\node_modules","C:\\Users\\Daniel\\Documents\\projects\\node_modules","C:\\Users\\Daniel\\Documents\\node_modules","C:\\Users\\Daniel\\node_modules","C:\\Users\\node_modules","C:\\node_modules","C:\\Users\\Daniel\\.node_modules","C:\\Users\\Daniel\\.node_libraries","C:\\nvm4w\\nodejs\\lib\\node"]
MODULE 45160: load "C:\\Users\\Daniel\\Documents\\projects\\SyncClassroom\\repos\\ai-editor\\node_modules\\matchdep\\lib\\matchdep.js" for module "C:\\Users\\Daniel\\Documents\\projects\\SyncClassroom\\repos\\ai-editor\\node_modules\\matchdep\\lib\\matchdep.js"
MODULE 45160: Module._load REQUEST micromatch parent: C:\Users\Daniel\Documents\projects\SyncClassroom\repos\ai-editor\node_modules\matchdep\lib\matchdep.js
MODULE 45160: looking for "micromatch" in ["C:\\Users\\Daniel\\Documents\\projects\\SyncClassroom\\repos\\ai-editor\\node_modules\\matchdep\\lib\\node_modules","C:\\Users\\Daniel\\Documents\\projects\\SyncClassroom\\repos\\ai-editor\\node_modules\\matchdep\\node_modules","C:\\Users\\Daniel\\Documents\\projects\\SyncClassroom\\repos\\ai-editor\\node_modules","C:\\Users\\Daniel\\Documents\\projects\\SyncClassroom\\repos\\node_modules","C:\\Users\\Daniel\\Documents\\projects\\SyncClassroom\\node_modules","C:\\Users\\Daniel\\Documents\\projects\\node_modules","C:\\Users\\Daniel\\Documents\\node_modules","C:\\Users\\Daniel\\node_modules","C:\\Users\\node_modules","C:\\node_modules","C:\\Users\\Daniel\\.node_modules","C:\\Users\\Daniel\\.node_libraries","C:\\nvm4w\\nodejs\\lib\\node"]
MODULE 45160: Module._load REQUEST findup-sync parent: C:\Users\Daniel\Documents\projects\SyncClassroom\repos\ai-editor\node_modules\matchdep\lib\matchdep.js
MODULE 45160: looking for "findup-sync" in ["C:\\Users\\Daniel\\Documents\\projects\\SyncClassroom\\repos\\ai-editor\\node_modules\\matchdep\\lib\\node_modules","C:\\Users\\Daniel\\Documents\\projects\\SyncClassroom\\repos\\ai-editor\\node_modules\\matchdep\\node_modules","C:\\Users\\Daniel\\Documents\\projects\\SyncClassroom\\repos\\ai-editor\\node_modules","C:\\Users\\Daniel\\Documents\\projects\\SyncClassroom\\repos\\node_modules","C:\\Users\\Daniel\\Documents\\projects\\SyncClassroom\\node_modules","C:\\Users\\Daniel\\Documents\\projects\\node_modules","C:\\Users\\Daniel\\Documents\\node_modules","C:\\Users\\Daniel\\node_modules","C:\\Users\\node_modules","C:\\node_modules","C:\\Users\\Daniel\\.node_modules","C:\\Users\\Daniel\\.node_libraries","C:\\nvm4w\\nodejs\\lib\\node"]
MODULE 45160: load "C:\\Users\\Daniel\\Documents\\projects\\SyncClassroom\\repos\\ai-editor\\node_modules\\findup-sync\\index.js" for module "C:\\Users\\Daniel\\Documents\\projects\\SyncClassroom\\repos\\ai-editor\\node_modules\\findup-sync\\index.js"
MODULE 45160: Module._load REQUEST fs parent: C:\Users\Daniel\Documents\projects\SyncClassroom\repos\ai-editor\node_modules\findup-sync\index.js
MODULE 45160: load built-in module fs
MODULE 45160: Module._load REQUEST path parent: C:\Users\Daniel\Documents\projects\SyncClassroom\repos\ai-editor\node_modules\findup-sync\index.js
MODULE 45160: load built-in module path
MODULE 45160: Module._load REQUEST is-glob parent: C:\Users\Daniel\Documents\projects\SyncClassroom\repos\ai-editor\node_modules\findup-sync\index.js
MODULE 45160: looking for "is-glob" in ["C:\\Users\\Daniel\\Documents\\projects\\SyncClassroom\\repos\\ai-editor\\node_modules\\findup-sync\\node_modules","C:\\Users\\Daniel\\Documents\\projects\\SyncClassroom\\repos\\ai-editor\\node_modules","C:\\Users\\Daniel\\Documents\\projects\\SyncClassroom\\repos\\node_modules","C:\\Users\\Daniel\\Documents\\projects\\SyncClassroom\\node_modules","C:\\Users\\Daniel\\Documents\\projects\\node_modules","C:\\Users\\Daniel\\Documents\\node_modules","C:\\Users\\Daniel\\node_modules","C:\\Users\\node_modules","C:\\node_modules","C:\\Users\\Daniel\\.node_modules","C:\\Users\\Daniel\\.node_libraries","C:\\nvm4w\\nodejs\\lib\\node"]
MODULE 45160: load "C:\\Users\\Daniel\\Documents\\projects\\SyncClassroom\\repos\\ai-editor\\node_modules\\findup-sync\\node_modules\\is-glob\\index.js" for module "C:\\Users\\Daniel\\Documents\\projects\\SyncClassroom\\repos\\ai-editor\\node_modules\\findup-sync\\node_modules\\is-glob\\index.js"
MODULE 45160: Module._load REQUEST is-extglob parent: C:\Users\Daniel\Documents\projects\SyncClassroom\repos\ai-editor\node_modules\findup-sync\node_modules\is-glob\index.js
MODULE 45160: looking for "is-extglob" in ["C:\\Users\\Daniel\\Documents\\projects\\SyncClassroom\\repos\\ai-editor\\node_modules\\findup-sync\\node_modules\\is-glob\\node_modules","C:\\Users\\Daniel\\Documents\\projects\\SyncClassroom\\repos\\ai-editor\\node_modules\\findup-sync\\node_modules","C:\\Users\\Daniel\\Documents\\projects\\SyncClassroom\\repos\\ai-editor\\node_modules","C:\\Users\\Daniel\\Documents\\projects\\SyncClassroom\\repos\\node_modules","C:\\Users\\Daniel\\Documents\\projects\\SyncClassroom\\node_modules","C:\\Users\\Daniel\\Documents\\projects\\node_modules","C:\\Users\\Daniel\\Documents\\node_modules","C:\\Users\\Daniel\\node_modules","C:\\Users\\node_modules","C:\\node_modules","C:\\Users\\Daniel\\.node_modules","C:\\Users\\Daniel\\.node_libraries","C:\\nvm4w\\nodejs\\lib\\node"]
MODULE 45160: Module._load REQUEST resolve-dir parent: C:\Users\Daniel\Documents\projects\SyncClassroom\repos\ai-editor\node_modules\findup-sync\index.js
MODULE 45160: looking for "resolve-dir" in ["C:\\Users\\Daniel\\Documents\\projects\\SyncClassroom\\repos\\ai-editor\\node_modules\\findup-sync\\node_modules","C:\\Users\\Daniel\\Documents\\projects\\SyncClassroom\\repos\\ai-editor\\node_modules","C:\\Users\\Daniel\\Documents\\projects\\SyncClassroom\\repos\\node_modules","C:\\Users\\Daniel\\Documents\\projects\\SyncClassroom\\node_modules","C:\\Users\\Daniel\\Documents\\projects\\node_modules","C:\\Users\\Daniel\\Documents\\node_modules","C:\\Users\\Daniel\\node_modules","C:\\Users\\node_modules","C:\\node_modules","C:\\Users\\Daniel\\.node_modules","C:\\Users\\Daniel\\.node_libraries","C:\\nvm4w\\nodejs\\lib\\node"]
MODULE 45160: Module._load REQUEST detect-file parent: C:\Users\Daniel\Documents\projects\SyncClassroom\repos\ai-editor\node_modules\findup-sync\index.js
MODULE 45160: looking for "detect-file" in ["C:\\Users\\Daniel\\Documents\\projects\\SyncClassroom\\repos\\ai-editor\\node_modules\\findup-sync\\node_modules","C:\\Users\\Daniel\\Documents\\projects\\SyncClassroom\\repos\\ai-editor\\node_modules","C:\\Users\\Daniel\\Documents\\projects\\SyncClassroom\\repos\\node_modules","C:\\Users\\Daniel\\Documents\\projects\\SyncClassroom\\node_modules","C:\\Users\\Daniel\\Documents\\projects\\node_modules","C:\\Users\\Daniel\\Documents\\node_modules","C:\\Users\\Daniel\\node_modules","C:\\Users\\node_modules","C:\\node_modules","C:\\Users\\Daniel\\.node_modules","C:\\Users\\Daniel\\.node_libraries","C:\\nvm4w\\nodejs\\lib\\node"]
MODULE 45160: Module._load REQUEST micromatch parent: C:\Users\Daniel\Documents\projects\SyncClassroom\repos\ai-editor\node_modules\findup-sync\index.js
MODULE 45160: looking for "micromatch" in ["C:\\Users\\Daniel\\Documents\\projects\\SyncClassroom\\repos\\ai-editor\\node_modules\\findup-sync\\node_modules","C:\\Users\\Daniel\\Documents\\projects\\SyncClassroom\\repos\\ai-editor\\node_modules","C:\\Users\\Daniel\\Documents\\projects\\SyncClassroom\\repos\\node_modules","C:\\Users\\Daniel\\Documents\\projects\\SyncClassroom\\node_modules","C:\\Users\\Daniel\\Documents\\projects\\node_modules","C:\\Users\\Daniel\\Documents\\node_modules","C:\\Users\\Daniel\\node_modules","C:\\Users\\node_modules","C:\\node_modules","C:\\Users\\Daniel\\.node_modules","C:\\Users\\Daniel\\.node_libraries","C:\\nvm4w\\nodejs\\lib\\node"]
MODULE 45160: Module._load REQUEST resolve parent: C:\Users\Daniel\Documents\projects\SyncClassroom\repos\ai-editor\node_modules\matchdep\lib\matchdep.js
MODULE 45160: looking for "resolve" in ["C:\\Users\\Daniel\\Documents\\projects\\SyncClassroom\\repos\\ai-editor\\node_modules\\matchdep\\lib\\node_modules","C:\\Users\\Daniel\\Documents\\projects\\SyncClassroom\\repos\\ai-editor\\node_modules\\matchdep\\node_modules","C:\\Users\\Daniel\\Documents\\projects\\SyncClassroom\\repos\\ai-editor\\node_modules","C:\\Users\\Daniel\\Documents\\projects\\SyncClassroom\\repos\\node_modules","C:\\Users\\Daniel\\Documents\\projects\\SyncClassroom\\node_modules","C:\\Users\\Daniel\\Documents\\projects\\node_modules","C:\\Users\\Daniel\\Documents\\node_modules","C:\\Users\\Daniel\\node_modules","C:\\Users\\node_modules","C:\\node_modules","C:\\Users\\Daniel\\.node_modules","C:\\Users\\Daniel\\.node_libraries","C:\\nvm4w\\nodejs\\lib\\node"]
MODULE 45160: Module._load REQUEST stack-trace parent: C:\Users\Daniel\Documents\projects\SyncClassroom\repos\ai-editor\node_modules\matchdep\lib\matchdep.js
MODULE 45160: looking for "stack-trace" in ["C:\\Users\\Daniel\\Documents\\projects\\SyncClassroom\\repos\\ai-editor\\node_modules\\matchdep\\lib\\node_modules","C:\\Users\\Daniel\\Documents\\projects\\SyncClassroom\\repos\\ai-editor\\node_modules\\matchdep\\node_modules","C:\\Users\\Daniel\\Documents\\projects\\SyncClassroom\\repos\\ai-editor\\node_modules","C:\\Users\\Daniel\\Documents\\projects\\SyncClassroom\\repos\\node_modules","C:\\Users\\Daniel\\Documents\\projects\\SyncClassroom\\node_modules","C:\\Users\\Daniel\\Documents\\projects\\node_modules","C:\\Users\\Daniel\\Documents\\node_modules","C:\\Users\\Daniel\\node_modules","C:\\Users\\node_modules","C:\\node_modules","C:\\Users\\Daniel\\.node_modules","C:\\Users\\Daniel\\.node_libraries","C:\\nvm4w\\nodejs\\lib\\node"]
MODULE 45160: load "C:\\Users\\Daniel\\Documents\\projects\\SyncClassroom\\repos\\ai-editor\\node_modules\\stack-trace\\lib\\stack-trace.js" for module "C:\\Users\\Daniel\\Documents\\projects\\SyncClassroom\\repos\\ai-editor\\node_modules\\stack-trace\\lib\\stack-trace.js"
MODULE 45160: Module._load REQUEST path parent: C:\Users\Daniel\Documents\projects\SyncClassroom\repos\ai-editor\node_modules\matchdep\lib\matchdep.js
MODULE 45160: load built-in module path
MODULE 45160: Module._load REQUEST ./package.json parent: C:\Users\Daniel\Documents\projects\SyncClassroom\repos\ai-editor\node_modules\gulp-cli\index.js
MODULE 45160: RELATIVE: requested: ./package.json from parent.id C:\Users\Daniel\Documents\projects\SyncClassroom\repos\ai-editor\node_modules\gulp-cli\index.js
MODULE 45160: looking for ["C:\\Users\\Daniel\\Documents\\projects\\SyncClassroom\\repos\\ai-editor\\node_modules\\gulp-cli"]
MODULE 45160: load "C:\\Users\\Daniel\\Documents\\projects\\SyncClassroom\\repos\\ai-editor\\node_modules\\gulp-cli\\package.json" for module "C:\\Users\\Daniel\\Documents\\projects\\SyncClassroom\\repos\\ai-editor\\node_modules\\gulp-cli\\package.json"
MODULE 45160: Module._load REQUEST ./lib/shared/get-blacklist parent: C:\Users\Daniel\Documents\projects\SyncClassroom\repos\ai-editor\node_modules\gulp-cli\index.js
MODULE 45160: RELATIVE: requested: ./lib/shared/get-blacklist from parent.id C:\Users\Daniel\Documents\projects\SyncClassroom\repos\ai-editor\node_modules\gulp-cli\index.js
MODULE 45160: looking for ["C:\\Users\\Daniel\\Documents\\projects\\SyncClassroom\\repos\\ai-editor\\node_modules\\gulp-cli"]
MODULE 45160: load "C:\\Users\\Daniel\\Documents\\projects\\SyncClassroom\\repos\\ai-editor\\node_modules\\gulp-cli\\lib\\shared\\get-blacklist.js" for module "C:\\Users\\Daniel\\Documents\\projects\\SyncClassroom\\repos\\ai-editor\\node_modules\\gulp-cli\\lib\\shared\\get-blacklist.js"
MODULE 45160: Module._load REQUEST https parent: C:\Users\Daniel\Documents\projects\SyncClassroom\repos\ai-editor\node_modules\gulp-cli\lib\shared\get-blacklist.js
MODULE 45160: load built-in module https
MODULE 45160: Module._load REQUEST concat-stream parent: C:\Users\Daniel\Documents\projects\SyncClassroom\repos\ai-editor\node_modules\gulp-cli\lib\shared\get-blacklist.js
MODULE 45160: looking for "concat-stream" in ["C:\\Users\\Daniel\\Documents\\projects\\SyncClassroom\\repos\\ai-editor\\node_modules\\gulp-cli\\lib\\shared\\node_modules","C:\\Users\\Daniel\\Documents\\projects\\SyncClassroom\\repos\\ai-editor\\node_modules\\gulp-cli\\lib\\node_modules","C:\\Users\\Daniel\\Documents\\projects\\SyncClassroom\\repos\\ai-editor\\node_modules\\gulp-cli\\node_modules","C:\\Users\\Daniel\\Documents\\projects\\SyncClassroom\\repos\\ai-editor\\node_modules","C:\\Users\\Daniel\\Documents\\projects\\SyncClassroom\\repos\\node_modules","C:\\Users\\Daniel\\Documents\\projects\\SyncClassroom\\node_modules","C:\\Users\\Daniel\\Documents\\projects\\node_modules","C:\\Users\\Daniel\\Documents\\node_modules","C:\\Users\\Daniel\\node_modules","C:\\Users\\node_modules","C:\\node_modules","C:\\Users\\Daniel\\.node_modules","C:\\Users\\Daniel\\.node_libraries","C:\\nvm4w\\nodejs\\lib\\node"]
MODULE 45160: load "C:\\Users\\Daniel\\Documents\\projects\\SyncClassroom\\repos\\ai-editor\\node_modules\\concat-stream\\index.js" for module "C:\\Users\\Daniel\\Documents\\projects\\SyncClassroom\\repos\\ai-editor\\node_modules\\concat-stream\\index.js"
MODULE 45160: Module._load REQUEST readable-stream parent: C:\Users\Daniel\Documents\projects\SyncClassroom\repos\ai-editor\node_modules\concat-stream\index.js
MODULE 45160: looking for "readable-stream" in ["C:\\Users\\Daniel\\Documents\\projects\\SyncClassroom\\repos\\ai-editor\\node_modules\\concat-stream\\node_modules","C:\\Users\\Daniel\\Documents\\projects\\SyncClassroom\\repos\\ai-editor\\node_modules","C:\\Users\\Daniel\\Documents\\projects\\SyncClassroom\\repos\\node_modules","C:\\Users\\Daniel\\Documents\\projects\\SyncClassroom\\node_modules","C:\\Users\\Daniel\\Documents\\projects\\node_modules","C:\\Users\\Daniel\\Documents\\node_modules","C:\\Users\\Daniel\\node_modules","C:\\Users\\node_modules","C:\\node_modules","C:\\Users\\Daniel\\.node_modules","C:\\Users\\Daniel\\.node_libraries","C:\\nvm4w\\nodejs\\lib\\node"]
MODULE 45160: load "C:\\Users\\Daniel\\Documents\\projects\\SyncClassroom\\repos\\ai-editor\\node_modules\\readable-stream\\readable.js" for module "C:\\Users\\Daniel\\Documents\\projects\\SyncClassroom\\repos\\ai-editor\\node_modules\\readable-stream\\readable.js"
MODULE 45160: Module._load REQUEST stream parent: C:\Users\Daniel\Documents\projects\SyncClassroom\repos\ai-editor\node_modules\readable-stream\readable.js
MODULE 45160: load built-in module stream
MODULE 45160: Module._load REQUEST ./lib/_stream_readable.js parent: C:\Users\Daniel\Documents\projects\SyncClassroom\repos\ai-editor\node_modules\readable-stream\readable.js
MODULE 45160: RELATIVE: requested: ./lib/_stream_readable.js from parent.id C:\Users\Daniel\Documents\projects\SyncClassroom\repos\ai-editor\node_modules\readable-stream\readable.js
MODULE 45160: looking for ["C:\\Users\\Daniel\\Documents\\projects\\SyncClassroom\\repos\\ai-editor\\node_modules\\readable-stream"]
MODULE 45160: load "C:\\Users\\Daniel\\Documents\\projects\\SyncClassroom\\repos\\ai-editor\\node_modules\\readable-stream\\lib\\_stream_readable.js" for module "C:\\Users\\Daniel\\Documents\\projects\\SyncClassroom\\repos\\ai-editor\\node_modules\\readable-stream\\lib\\_stream_readable.js"
MODULE 45160: Module._load REQUEST process-nextick-args parent: C:\Users\Daniel\Documents\projects\SyncClassroom\repos\ai-editor\node_modules\readable-stream\lib\_stream_readable.js
MODULE 45160: looking for "process-nextick-args" in ["C:\\Users\\Daniel\\Documents\\projects\\SyncClassroom\\repos\\ai-editor\\node_modules\\readable-stream\\lib\\node_modules","C:\\Users\\Daniel\\Documents\\projects\\SyncClassroom\\repos\\ai-editor\\node_modules\\readable-stream\\node_modules","C:\\Users\\Daniel\\Documents\\projects\\SyncClassroom\\repos\\ai-editor\\node_modules","C:\\Users\\Daniel\\Documents\\projects\\SyncClassroom\\repos\\node_modules","C:\\Users\\Daniel\\Documents\\projects\\SyncClassroom\\node_modules","C:\\Users\\Daniel\\Documents\\projects\\node_modules","C:\\Users\\Daniel\\Documents\\node_modules","C:\\Users\\Daniel\\node_modules","C:\\Users\\node_modules","C:\\node_modules","C:\\Users\\Daniel\\.node_modules","C:\\Users\\Daniel\\.node_libraries","C:\\nvm4w\\nodejs\\lib\\node"]
MODULE 45160: load "C:\\Users\\Daniel\\Documents\\projects\\SyncClassroom\\repos\\ai-editor\\node_modules\\process-nextick-args\\index.js" for module "C:\\Users\\Daniel\\Documents\\projects\\SyncClassroom\\repos\\ai-editor\\node_modules\\process-nextick-args\\index.js"
MODULE 45160: Module._load REQUEST isarray parent: C:\Users\Daniel\Documents\projects\SyncClassroom\repos\ai-editor\node_modules\readable-stream\lib\_stream_readable.js
MODULE 45160: looking for "isarray" in ["C:\\Users\\Daniel\\Documents\\projects\\SyncClassroom\\repos\\ai-editor\\node_modules\\readable-stream\\lib\\node_modules","C:\\Users\\Daniel\\Documents\\projects\\SyncClassroom\\repos\\ai-editor\\node_modules\\readable-stream\\node_modules","C:\\Users\\Daniel\\Documents\\projects\\SyncClassroom\\repos\\ai-editor\\node_modules","C:\\Users\\Daniel\\Documents\\projects\\SyncClassroom\\repos\\node_modules","C:\\Users\\Daniel\\Documents\\projects\\SyncClassroom\\node_modules","C:\\Users\\Daniel\\Documents\\projects\\node_modules","C:\\Users\\Daniel\\Documents\\node_modules","C:\\Users\\Daniel\\node_modules","C:\\Users\\node_modules","C:\\node_modules","C:\\Users\\Daniel\\.node_modules","C:\\Users\\Daniel\\.node_libraries","C:\\nvm4w\\nodejs\\lib\\node"]
MODULE 45160: Module._load REQUEST events parent: C:\Users\Daniel\Documents\projects\SyncClassroom\repos\ai-editor\node_modules\readable-stream\lib\_stream_readable.js
MODULE 45160: load built-in module events
MODULE 45160: Module._load REQUEST ./internal/streams/stream parent: C:\Users\Daniel\Documents\projects\SyncClassroom\repos\ai-editor\node_modules\readable-stream\lib\_stream_readable.js
MODULE 45160: RELATIVE: requested: ./internal/streams/stream from parent.id C:\Users\Daniel\Documents\projects\SyncClassroom\repos\ai-editor\node_modules\readable-stream\lib\_stream_readable.js
MODULE 45160: looking for ["C:\\Users\\Daniel\\Documents\\projects\\SyncClassroom\\repos\\ai-editor\\node_modules\\readable-stream\\lib"]
MODULE 45160: load "C:\\Users\\Daniel\\Documents\\projects\\SyncClassroom\\repos\\ai-editor\\node_modules\\readable-stream\\lib\\internal\\streams\\stream.js" for module "C:\\Users\\Daniel\\Documents\\projects\\SyncClassroom\\repos\\ai-editor\\node_modules\\readable-stream\\lib\\internal\\streams\\stream.js"
MODULE 45160: Module._load REQUEST stream parent: C:\Users\Daniel\Documents\projects\SyncClassroom\repos\ai-editor\node_modules\readable-stream\lib\internal\streams\stream.js
MODULE 45160: load built-in module stream
MODULE 45160: Module._load REQUEST safe-buffer parent: C:\Users\Daniel\Documents\projects\SyncClassroom\repos\ai-editor\node_modules\readable-stream\lib\_stream_readable.js
MODULE 45160: looking for "safe-buffer" in ["C:\\Users\\Daniel\\Documents\\projects\\SyncClassroom\\repos\\ai-editor\\node_modules\\readable-stream\\lib\\node_modules","C:\\Users\\Daniel\\Documents\\projects\\SyncClassroom\\repos\\ai-editor\\node_modules\\readable-stream\\node_modules","C:\\Users\\Daniel\\Documents\\projects\\SyncClassroom\\repos\\ai-editor\\node_modules","C:\\Users\\Daniel\\Documents\\projects\\SyncClassroom\\repos\\node_modules","C:\\Users\\Daniel\\Documents\\projects\\SyncClassroom\\node_modules","C:\\Users\\Daniel\\Documents\\projects\\node_modules","C:\\Users\\Daniel\\Documents\\node_modules","C:\\Users\\Daniel\\node_modules","C:\\Users\\node_modules","C:\\node_modules","C:\\Users\\Daniel\\.node_modules","C:\\Users\\Daniel\\.node_libraries","C:\\nvm4w\\nodejs\\lib\\node"]
MODULE 45160: load "C:\\Users\\Daniel\\Documents\\projects\\SyncClassroom\\repos\\ai-editor\\node_modules\\readable-stream\\node_modules\\safe-buffer\\index.js" for module "C:\\Users\\Daniel\\Documents\\projects\\SyncClassroom\\repos\\ai-editor\\node_modules\\readable-stream\\node_modules\\safe-buffer\\index.js"
MODULE 45160: Module._load REQUEST buffer parent: C:\Users\Daniel\Documents\projects\SyncClassroom\repos\ai-editor\node_modules\readable-stream\node_modules\safe-buffer\index.js
MODULE 45160: load built-in module buffer
MODULE 45160: Module._load REQUEST core-util-is parent: C:\Users\Daniel\Documents\projects\SyncClassroom\repos\ai-editor\node_modules\readable-stream\lib\_stream_readable.js
MODULE 45160: looking for "core-util-is" in ["C:\\Users\\Daniel\\Documents\\projects\\SyncClassroom\\repos\\ai-editor\\node_modules\\readable-stream\\lib\\node_modules","C:\\Users\\Daniel\\Documents\\projects\\SyncClassroom\\repos\\ai-editor\\node_modules\\readable-stream\\node_modules","C:\\Users\\Daniel\\Documents\\projects\\SyncClassroom\\repos\\ai-editor\\node_modules","C:\\Users\\Daniel\\Documents\\projects\\SyncClassroom\\repos\\node_modules","C:\\Users\\Daniel\\Documents\\projects\\SyncClassroom\\node_modules","C:\\Users\\Daniel\\Documents\\projects\\node_modules","C:\\Users\\Daniel\\Documents\\node_modules","C:\\Users\\Daniel\\node_modules","C:\\Users\\node_modules","C:\\node_modules","C:\\Users\\Daniel\\.node_modules","C:\\Users\\Daniel\\.node_libraries","C:\\nvm4w\\nodejs\\lib\\node"]
MODULE 45160: load "C:\\Users\\Daniel\\Documents\\projects\\SyncClassroom\\repos\\ai-editor\\node_modules\\core-util-is\\lib\\util.js" for module "C:\\Users\\Daniel\\Documents\\projects\\SyncClassroom\\repos\\ai-editor\\node_modules\\core-util-is\\lib\\util.js"
MODULE 45160: Module._load REQUEST buffer parent: C:\Users\Daniel\Documents\projects\SyncClassroom\repos\ai-editor\node_modules\core-util-is\lib\util.js
MODULE 45160: load built-in module buffer
MODULE 45160: Module._load REQUEST inherits parent: C:\Users\Daniel\Documents\projects\SyncClassroom\repos\ai-editor\node_modules\readable-stream\lib\_stream_readable.js
MODULE 45160: looking for "inherits" in ["C:\\Users\\Daniel\\Documents\\projects\\SyncClassroom\\repos\\ai-editor\\node_modules\\readable-stream\\lib\\node_modules","C:\\Users\\Daniel\\Documents\\projects\\SyncClassroom\\repos\\ai-editor\\node_modules\\readable-stream\\node_modules","C:\\Users\\Daniel\\Documents\\projects\\SyncClassroom\\repos\\ai-editor\\node_modules","C:\\Users\\Daniel\\Documents\\projects\\SyncClassroom\\repos\\node_modules","C:\\Users\\Daniel\\Documents\\projects\\SyncClassroom\\node_modules","C:\\Users\\Daniel\\Documents\\projects\\node_modules","C:\\Users\\Daniel\\Documents\\node_modules","C:\\Users\\Daniel\\node_modules","C:\\Users\\node_modules","C:\\node_modules","C:\\Users\\Daniel\\.node_modules","C:\\Users\\Daniel\\.node_libraries","C:\\nvm4w\\nodejs\\lib\\node"]
MODULE 45160: load "C:\\Users\\Daniel\\Documents\\projects\\SyncClassroom\\repos\\ai-editor\\node_modules\\inherits\\inherits.js" for module "C:\\Users\\Daniel\\Documents\\projects\\SyncClassroom\\repos\\ai-editor\\node_modules\\inherits\\inherits.js"
MODULE 45160: Module._load REQUEST util parent: C:\Users\Daniel\Documents\projects\SyncClassroom\repos\ai-editor\node_modules\inherits\inherits.js
MODULE 45160: load built-in module util
MODULE 45160: Module._load REQUEST util parent: C:\Users\Daniel\Documents\projects\SyncClassroom\repos\ai-editor\node_modules\readable-stream\lib\_stream_readable.js
MODULE 45160: load built-in module util
MODULE 45160: Module._load REQUEST ./internal/streams/BufferList parent: C:\Users\Daniel\Documents\projects\SyncClassroom\repos\ai-editor\node_modules\readable-stream\lib\_stream_readable.js
MODULE 45160: RELATIVE: requested: ./internal/streams/BufferList from parent.id C:\Users\Daniel\Documents\projects\SyncClassroom\repos\ai-editor\node_modules\readable-stream\lib\_stream_readable.js
MODULE 45160: looking for ["C:\\Users\\Daniel\\Documents\\projects\\SyncClassroom\\repos\\ai-editor\\node_modules\\readable-stream\\lib"]
MODULE 45160: load "C:\\Users\\Daniel\\Documents\\projects\\SyncClassroom\\repos\\ai-editor\\node_modules\\readable-stream\\lib\\internal\\streams\\BufferList.js" for module "C:\\Users\\Daniel\\Documents\\projects\\SyncClassroom\\repos\\ai-editor\\node_modules\\readable-stream\\lib\\internal\\streams\\BufferList.js"
MODULE 45160: Module._load REQUEST safe-buffer parent: C:\Users\Daniel\Documents\projects\SyncClassroom\repos\ai-editor\node_modules\readable-stream\lib\internal\streams\BufferList.js
MODULE 45160: looking for "safe-buffer" in ["C:\\Users\\Daniel\\Documents\\projects\\SyncClassroom\\repos\\ai-editor\\node_modules\\readable-stream\\lib\\internal\\streams\\node_modules","C:\\Users\\Daniel\\Documents\\projects\\SyncClassroom\\repos\\ai-editor\\node_modules\\readable-stream\\lib\\internal\\node_modules","C:\\Users\\Daniel\\Documents\\projects\\SyncClassroom\\repos\\ai-editor\\node_modules\\readable-stream\\lib\\node_modules","C:\\Users\\Daniel\\Documents\\projects\\SyncClassroom\\repos\\ai-editor\\node_modules\\readable-stream\\node_modules","C:\\Users\\Daniel\\Documents\\projects\\SyncClassroom\\repos\\ai-editor\\node_modules","C:\\Users\\Daniel\\Documents\\projects\\SyncClassroom\\repos\\node_modules","C:\\Users\\Daniel\\Documents\\projects\\SyncClassroom\\node_modules","C:\\Users\\Daniel\\Documents\\projects\\node_modules","C:\\Users\\Daniel\\Documents\\node_modules","C:\\Users\\Daniel\\node_modules","C:\\Users\\node_modules","C:\\node_modules","C:\\Users\\Daniel\\.node_modules","C:\\Users\\Daniel\\.node_libraries","C:\\nvm4w\\nodejs\\lib\\node"]
MODULE 45160: Module._load REQUEST util parent: C:\Users\Daniel\Documents\projects\SyncClassroom\repos\ai-editor\node_modules\readable-stream\lib\internal\streams\BufferList.js
MODULE 45160: load built-in module util
MODULE 45160: Module._load REQUEST ./internal/streams/destroy parent: C:\Users\Daniel\Documents\projects\SyncClassroom\repos\ai-editor\node_modules\readable-stream\lib\_stream_readable.js
MODULE 45160: RELATIVE: requested: ./internal/streams/destroy from parent.id C:\Users\Daniel\Documents\projects\SyncClassroom\repos\ai-editor\node_modules\readable-stream\lib\_stream_readable.js
MODULE 45160: looking for ["C:\\Users\\Daniel\\Documents\\projects\\SyncClassroom\\repos\\ai-editor\\node_modules\\readable-stream\\lib"]
MODULE 45160: load "C:\\Users\\Daniel\\Documents\\projects\\SyncClassroom\\repos\\ai-editor\\node_modules\\readable-stream\\lib\\internal\\streams\\destroy.js" for module "C:\\Users\\Daniel\\Documents\\projects\\SyncClassroom\\repos\\ai-editor\\node_modules\\readable-stream\\lib\\internal\\streams\\destroy.js"
MODULE 45160: Module._load REQUEST process-nextick-args parent: C:\Users\Daniel\Documents\projects\SyncClassroom\repos\ai-editor\node_modules\readable-stream\lib\internal\streams\destroy.js
MODULE 45160: looking for "process-nextick-args" in ["C:\\Users\\Daniel\\Documents\\projects\\SyncClassroom\\repos\\ai-editor\\node_modules\\readable-stream\\lib\\internal\\streams\\node_modules","C:\\Users\\Daniel\\Documents\\projects\\SyncClassroom\\repos\\ai-editor\\node_modules\\readable-stream\\lib\\internal\\node_modules","C:\\Users\\Daniel\\Documents\\projects\\SyncClassroom\\repos\\ai-editor\\node_modules\\readable-stream\\lib\\node_modules","C:\\Users\\Daniel\\Documents\\projects\\SyncClassroom\\repos\\ai-editor\\node_modules\\readable-stream\\node_modules","C:\\Users\\Daniel\\Documents\\projects\\SyncClassroom\\repos\\ai-editor\\node_modules","C:\\Users\\Daniel\\Documents\\projects\\SyncClassroom\\repos\\node_modules","C:\\Users\\Daniel\\Documents\\projects\\SyncClassroom\\node_modules","C:\\Users\\Daniel\\Documents\\projects\\node_modules","C:\\Users\\Daniel\\Documents\\node_modules","C:\\Users\\Daniel\\node_modules","C:\\Users\\node_modules","C:\\node_modules","C:\\Users\\Daniel\\.node_modules","C:\\Users\\Daniel\\.node_libraries","C:\\nvm4w\\nodejs\\lib\\node"]
MODULE 45160: Module._load REQUEST ./lib/_stream_writable.js parent: C:\Users\Daniel\Documents\projects\SyncClassroom\repos\ai-editor\node_modules\readable-stream\readable.js
MODULE 45160: RELATIVE: requested: ./lib/_stream_writable.js from parent.id C:\Users\Daniel\Documents\projects\SyncClassroom\repos\ai-editor\node_modules\readable-stream\readable.js
MODULE 45160: looking for ["C:\\Users\\Daniel\\Documents\\projects\\SyncClassroom\\repos\\ai-editor\\node_modules\\readable-stream"]
MODULE 45160: load "C:\\Users\\Daniel\\Documents\\projects\\SyncClassroom\\repos\\ai-editor\\node_modules\\readable-stream\\lib\\_stream_writable.js" for module "C:\\Users\\Daniel\\Documents\\projects\\SyncClassroom\\repos\\ai-editor\\node_modules\\readable-stream\\lib\\_stream_writable.js"
MODULE 45160: Module._load REQUEST process-nextick-args parent: C:\Users\Daniel\Documents\projects\SyncClassroom\repos\ai-editor\node_modules\readable-stream\lib\_stream_writable.js
MODULE 45160: Module._load REQUEST core-util-is parent: C:\Users\Daniel\Documents\projects\SyncClassroom\repos\ai-editor\node_modules\readable-stream\lib\_stream_writable.js
MODULE 45160: Module._load REQUEST inherits parent: C:\Users\Daniel\Documents\projects\SyncClassroom\repos\ai-editor\node_modules\readable-stream\lib\_stream_writable.js
MODULE 45160: Module._load REQUEST util-deprecate parent: C:\Users\Daniel\Documents\projects\SyncClassroom\repos\ai-editor\node_modules\readable-stream\lib\_stream_writable.js
MODULE 45160: looking for "util-deprecate" in ["C:\\Users\\Daniel\\Documents\\projects\\SyncClassroom\\repos\\ai-editor\\node_modules\\readable-stream\\lib\\node_modules","C:\\Users\\Daniel\\Documents\\projects\\SyncClassroom\\repos\\ai-editor\\node_modules\\readable-stream\\node_modules","C:\\Users\\Daniel\\Documents\\projects\\SyncClassroom\\repos\\ai-editor\\node_modules","C:\\Users\\Daniel\\Documents\\projects\\SyncClassroom\\repos\\node_modules","C:\\Users\\Daniel\\Documents\\projects\\SyncClassroom\\node_modules","C:\\Users\\Daniel\\Documents\\projects\\node_modules","C:\\Users\\Daniel\\Documents\\node_modules","C:\\Users\\Daniel\\node_modules","C:\\Users\\node_modules","C:\\node_modules","C:\\Users\\Daniel\\.node_modules","C:\\Users\\Daniel\\.node_libraries","C:\\nvm4w\\nodejs\\lib\\node"]
MODULE 45160: load "C:\\Users\\Daniel\\Documents\\projects\\SyncClassroom\\repos\\ai-editor\\node_modules\\util-deprecate\\node.js" for module "C:\\Users\\Daniel\\Documents\\projects\\SyncClassroom\\repos\\ai-editor\\node_modules\\util-deprecate\\node.js"
MODULE 45160: Module._load REQUEST util parent: C:\Users\Daniel\Documents\projects\SyncClassroom\repos\ai-editor\node_modules\util-deprecate\node.js
MODULE 45160: load built-in module util
MODULE 45160: Module._load REQUEST ./internal/streams/stream parent: C:\Users\Daniel\Documents\projects\SyncClassroom\repos\ai-editor\node_modules\readable-stream\lib\_stream_writable.js
MODULE 45160: Module._load REQUEST safe-buffer parent: C:\Users\Daniel\Documents\projects\SyncClassroom\repos\ai-editor\node_modules\readable-stream\lib\_stream_writable.js
MODULE 45160: Module._load REQUEST ./internal/streams/destroy parent: C:\Users\Daniel\Documents\projects\SyncClassroom\repos\ai-editor\node_modules\readable-stream\lib\_stream_writable.js
MODULE 45160: Module._load REQUEST ./lib/_stream_duplex.js parent: C:\Users\Daniel\Documents\projects\SyncClassroom\repos\ai-editor\node_modules\readable-stream\readable.js
MODULE 45160: RELATIVE: requested: ./lib/_stream_duplex.js from parent.id C:\Users\Daniel\Documents\projects\SyncClassroom\repos\ai-editor\node_modules\readable-stream\readable.js
MODULE 45160: looking for ["C:\\Users\\Daniel\\Documents\\projects\\SyncClassroom\\repos\\ai-editor\\node_modules\\readable-stream"]
MODULE 45160: load "C:\\Users\\Daniel\\Documents\\projects\\SyncClassroom\\repos\\ai-editor\\node_modules\\readable-stream\\lib\\_stream_duplex.js" for module "C:\\Users\\Daniel\\Documents\\projects\\SyncClassroom\\repos\\ai-editor\\node_modules\\readable-stream\\lib\\_stream_duplex.js"
MODULE 45160: Module._load REQUEST process-nextick-args parent: C:\Users\Daniel\Documents\projects\SyncClassroom\repos\ai-editor\node_modules\readable-stream\lib\_stream_duplex.js
MODULE 45160: Module._load REQUEST core-util-is parent: C:\Users\Daniel\Documents\projects\SyncClassroom\repos\ai-editor\node_modules\readable-stream\lib\_stream_duplex.js
MODULE 45160: Module._load REQUEST inherits parent: C:\Users\Daniel\Documents\projects\SyncClassroom\repos\ai-editor\node_modules\readable-stream\lib\_stream_duplex.js
MODULE 45160: Module._load REQUEST ./_stream_readable parent: C:\Users\Daniel\Documents\projects\SyncClassroom\repos\ai-editor\node_modules\readable-stream\lib\_stream_duplex.js
MODULE 45160: RELATIVE: requested: ./_stream_readable from parent.id C:\Users\Daniel\Documents\projects\SyncClassroom\repos\ai-editor\node_modules\readable-stream\lib\_stream_duplex.js
MODULE 45160: looking for ["C:\\Users\\Daniel\\Documents\\projects\\SyncClassroom\\repos\\ai-editor\\node_modules\\readable-stream\\lib"]
MODULE 45160: Module._load REQUEST ./_stream_writable parent: C:\Users\Daniel\Documents\projects\SyncClassroom\repos\ai-editor\node_modules\readable-stream\lib\_stream_duplex.js
MODULE 45160: RELATIVE: requested: ./_stream_writable from parent.id C:\Users\Daniel\Documents\projects\SyncClassroom\repos\ai-editor\node_modules\readable-stream\lib\_stream_duplex.js
MODULE 45160: looking for ["C:\\Users\\Daniel\\Documents\\projects\\SyncClassroom\\repos\\ai-editor\\node_modules\\readable-stream\\lib"]
MODULE 45160: Module._load REQUEST ./lib/_stream_transform.js parent: C:\Users\Daniel\Documents\projects\SyncClassroom\repos\ai-editor\node_modules\readable-stream\readable.js
MODULE 45160: RELATIVE: requested: ./lib/_stream_transform.js from parent.id C:\Users\Daniel\Documents\projects\SyncClassroom\repos\ai-editor\node_modules\readable-stream\readable.js
MODULE 45160: looking for ["C:\\Users\\Daniel\\Documents\\projects\\SyncClassroom\\repos\\ai-editor\\node_modules\\readable-stream"]
MODULE 45160: load "C:\\Users\\Daniel\\Documents\\projects\\SyncClassroom\\repos\\ai-editor\\node_modules\\readable-stream\\lib\\_stream_transform.js" for module "C:\\Users\\Daniel\\Documents\\projects\\SyncClassroom\\repos\\ai-editor\\node_modules\\readable-stream\\lib\\_stream_transform.js"
MODULE 45160: Module._load REQUEST ./_stream_duplex parent: C:\Users\Daniel\Documents\projects\SyncClassroom\repos\ai-editor\node_modules\readable-stream\lib\_stream_transform.js
MODULE 45160: RELATIVE: requested: ./_stream_duplex from parent.id C:\Users\Daniel\Documents\projects\SyncClassroom\repos\ai-editor\node_modules\readable-stream\lib\_stream_transform.js
MODULE 45160: looking for ["C:\\Users\\Daniel\\Documents\\projects\\SyncClassroom\\repos\\ai-editor\\node_modules\\readable-stream\\lib"]
MODULE 45160: Module._load REQUEST core-util-is parent: C:\Users\Daniel\Documents\projects\SyncClassroom\repos\ai-editor\node_modules\readable-stream\lib\_stream_transform.js
MODULE 45160: Module._load REQUEST inherits parent: C:\Users\Daniel\Documents\projects\SyncClassroom\repos\ai-editor\node_modules\readable-stream\lib\_stream_transform.js
MODULE 45160: Module._load REQUEST ./lib/_stream_passthrough.js parent: C:\Users\Daniel\Documents\projects\SyncClassroom\repos\ai-editor\node_modules\readable-stream\readable.js
MODULE 45160: RELATIVE: requested: ./lib/_stream_passthrough.js from parent.id C:\Users\Daniel\Documents\projects\SyncClassroom\repos\ai-editor\node_modules\readable-stream\readable.js
MODULE 45160: looking for ["C:\\Users\\Daniel\\Documents\\projects\\SyncClassroom\\repos\\ai-editor\\node_modules\\readable-stream"]
MODULE 45160: load "C:\\Users\\Daniel\\Documents\\projects\\SyncClassroom\\repos\\ai-editor\\node_modules\\readable-stream\\lib\\_stream_passthrough.js" for module "C:\\Users\\Daniel\\Documents\\projects\\SyncClassroom\\repos\\ai-editor\\node_modules\\readable-stream\\lib\\_stream_passthrough.js"
MODULE 45160: Module._load REQUEST ./_stream_transform parent: C:\Users\Daniel\Documents\projects\SyncClassroom\repos\ai-editor\node_modules\readable-stream\lib\_stream_passthrough.js
MODULE 45160: RELATIVE: requested: ./_stream_transform from parent.id C:\Users\Daniel\Documents\projects\SyncClassroom\repos\ai-editor\node_modules\readable-stream\lib\_stream_passthrough.js
MODULE 45160: looking for ["C:\\Users\\Daniel\\Documents\\projects\\SyncClassroom\\repos\\ai-editor\\node_modules\\readable-stream\\lib"]
MODULE 45160: Module._load REQUEST core-util-is parent: C:\Users\Daniel\Documents\projects\SyncClassroom\repos\ai-editor\node_modules\readable-stream\lib\_stream_passthrough.js
MODULE 45160: Module._load REQUEST inherits parent: C:\Users\Daniel\Documents\projects\SyncClassroom\repos\ai-editor\node_modules\readable-stream\lib\_stream_passthrough.js
MODULE 45160: Module._load REQUEST inherits parent: C:\Users\Daniel\Documents\projects\SyncClassroom\repos\ai-editor\node_modules\concat-stream\index.js
MODULE 45160: looking for "inherits" in ["C:\\Users\\Daniel\\Documents\\projects\\SyncClassroom\\repos\\ai-editor\\node_modules\\concat-stream\\node_modules","C:\\Users\\Daniel\\Documents\\projects\\SyncClassroom\\repos\\ai-editor\\node_modules","C:\\Users\\Daniel\\Documents\\projects\\SyncClassroom\\repos\\node_modules","C:\\Users\\Daniel\\Documents\\projects\\SyncClassroom\\node_modules","C:\\Users\\Daniel\\Documents\\projects\\node_modules","C:\\Users\\Daniel\\Documents\\node_modules","C:\\Users\\Daniel\\node_modules","C:\\Users\\node_modules","C:\\node_modules","C:\\Users\\Daniel\\.node_modules","C:\\Users\\Daniel\\.node_libraries","C:\\nvm4w\\nodejs\\lib\\node"]
MODULE 45160: Module._load REQUEST buffer-from parent: C:\Users\Daniel\Documents\projects\SyncClassroom\repos\ai-editor\node_modules\concat-stream\index.js
MODULE 45160: looking for "buffer-from" in ["C:\\Users\\Daniel\\Documents\\projects\\SyncClassroom\\repos\\ai-editor\\node_modules\\concat-stream\\node_modules","C:\\Users\\Daniel\\Documents\\projects\\SyncClassroom\\repos\\ai-editor\\node_modules","C:\\Users\\Daniel\\Documents\\projects\\SyncClassroom\\repos\\node_modules","C:\\Users\\Daniel\\Documents\\projects\\SyncClassroom\\node_modules","C:\\Users\\Daniel\\Documents\\projects\\node_modules","C:\\Users\\Daniel\\Documents\\node_modules","C:\\Users\\Daniel\\node_modules","C:\\Users\\node_modules","C:\\node_modules","C:\\Users\\Daniel\\.node_modules","C:\\Users\\Daniel\\.node_libraries","C:\\nvm4w\\nodejs\\lib\\node"]
MODULE 45160: load "C:\\Users\\Daniel\\Documents\\projects\\SyncClassroom\\repos\\ai-editor\\node_modules\\buffer-from\\index.js" for module "C:\\Users\\Daniel\\Documents\\projects\\SyncClassroom\\repos\\ai-editor\\node_modules\\buffer-from\\index.js"
MODULE 45160: Module._load REQUEST ./lib/shared/log/to-console parent: C:\Users\Daniel\Documents\projects\SyncClassroom\repos\ai-editor\node_modules\gulp-cli\index.js
MODULE 45160: RELATIVE: requested: ./lib/shared/log/to-console from parent.id C:\Users\Daniel\Documents\projects\SyncClassroom\repos\ai-editor\node_modules\gulp-cli\index.js
MODULE 45160: looking for ["C:\\Users\\Daniel\\Documents\\projects\\SyncClassroom\\repos\\ai-editor\\node_modules\\gulp-cli"]
MODULE 45160: load "C:\\Users\\Daniel\\Documents\\projects\\SyncClassroom\\repos\\ai-editor\\node_modules\\gulp-cli\\lib\\shared\\log\\to-console.js" for module "C:\\Users\\Daniel\\Documents\\projects\\SyncClassroom\\repos\\ai-editor\\node_modules\\gulp-cli\\lib\\shared\\log\\to-console.js"
MODULE 45160: Module._load REQUEST fancy-log parent: C:\Users\Daniel\Documents\projects\SyncClassroom\repos\ai-editor\node_modules\gulp-cli\lib\shared\log\to-console.js
MODULE 45160: looking for "fancy-log" in ["C:\\Users\\Daniel\\Documents\\projects\\SyncClassroom\\repos\\ai-editor\\node_modules\\gulp-cli\\lib\\shared\\log\\node_modules","C:\\Users\\Daniel\\Documents\\projects\\SyncClassroom\\repos\\ai-editor\\node_modules\\gulp-cli\\lib\\shared\\node_modules","C:\\Users\\Daniel\\Documents\\projects\\SyncClassroom\\repos\\ai-editor\\node_modules\\gulp-cli\\lib\\node_modules","C:\\Users\\Daniel\\Documents\\projects\\SyncClassroom\\repos\\ai-editor\\node_modules\\gulp-cli\\node_modules","C:\\Users\\Daniel\\Documents\\projects\\SyncClassroom\\repos\\ai-editor\\node_modules","C:\\Users\\Daniel\\Documents\\projects\\SyncClassroom\\repos\\node_modules","C:\\Users\\Daniel\\Documents\\projects\\SyncClassroom\\node_modules","C:\\Users\\Daniel\\Documents\\projects\\node_modules","C:\\Users\\Daniel\\Documents\\node_modules","C:\\Users\\Daniel\\node_modules","C:\\Users\\node_modules","C:\\node_modules","C:\\Users\\Daniel\\.node_modules","C:\\Users\\Daniel\\.node_libraries","C:\\nvm4w\\nodejs\\lib\\node"]
MODULE 45160: load "C:\\Users\\Daniel\\Documents\\projects\\SyncClassroom\\repos\\ai-editor\\node_modules\\fancy-log\\index.js" for module "C:\\Users\\Daniel\\Documents\\projects\\SyncClassroom\\repos\\ai-editor\\node_modules\\fancy-log\\index.js"
MODULE 45160: Module._load REQUEST console parent: C:\Users\Daniel\Documents\projects\SyncClassroom\repos\ai-editor\node_modules\fancy-log\index.js
MODULE 45160: load built-in module console
MODULE 45160: Module._load REQUEST ansi-gray parent: C:\Users\Daniel\Documents\projects\SyncClassroom\repos\ai-editor\node_modules\fancy-log\index.js
MODULE 45160: looking for "ansi-gray" in ["C:\\Users\\Daniel\\Documents\\projects\\SyncClassroom\\repos\\ai-editor\\node_modules\\fancy-log\\node_modules","C:\\Users\\Daniel\\Documents\\projects\\SyncClassroom\\repos\\ai-editor\\node_modules","C:\\Users\\Daniel\\Documents\\projects\\SyncClassroom\\repos\\node_modules","C:\\Users\\Daniel\\Documents\\projects\\SyncClassroom\\node_modules","C:\\Users\\Daniel\\Documents\\projects\\node_modules","C:\\Users\\Daniel\\Documents\\node_modules","C:\\Users\\Daniel\\node_modules","C:\\Users\\node_modules","C:\\node_modules","C:\\Users\\Daniel\\.node_modules","C:\\Users\\Daniel\\.node_libraries","C:\\nvm4w\\nodejs\\lib\\node"]
MODULE 45160: load "C:\\Users\\Daniel\\Documents\\projects\\SyncClassroom\\repos\\ai-editor\\node_modules\\ansi-gray\\index.js" for module "C:\\Users\\Daniel\\Documents\\projects\\SyncClassroom\\repos\\ai-editor\\node_modules\\ansi-gray\\index.js"
MODULE 45160: Module._load REQUEST ansi-wrap parent: C:\Users\Daniel\Documents\projects\SyncClassroom\repos\ai-editor\node_modules\ansi-gray\index.js
MODULE 45160: looking for "ansi-wrap" in ["C:\\Users\\Daniel\\Documents\\projects\\SyncClassroom\\repos\\ai-editor\\node_modules\\ansi-gray\\node_modules","C:\\Users\\Daniel\\Documents\\projects\\SyncClassroom\\repos\\ai-editor\\node_modules","C:\\Users\\Daniel\\Documents\\projects\\SyncClassroom\\repos\\node_modules","C:\\Users\\Daniel\\Documents\\projects\\SyncClassroom\\node_modules","C:\\Users\\Daniel\\Documents\\projects\\node_modules","C:\\Users\\Daniel\\Documents\\node_modules","C:\\Users\\Daniel\\node_modules","C:\\Users\\node_modules","C:\\node_modules","C:\\Users\\Daniel\\.node_modules","C:\\Users\\Daniel\\.node_libraries","C:\\nvm4w\\nodejs\\lib\\node"]
MODULE 45160: Module._load REQUEST time-stamp parent: C:\Users\Daniel\Documents\projects\SyncClassroom\repos\ai-editor\node_modules\fancy-log\index.js
MODULE 45160: looking for "time-stamp" in ["C:\\Users\\Daniel\\Documents\\projects\\SyncClassroom\\repos\\ai-editor\\node_modules\\fancy-log\\node_modules","C:\\Users\\Daniel\\Documents\\projects\\SyncClassroom\\repos\\ai-editor\\node_modules","C:\\Users\\Daniel\\Documents\\projects\\SyncClassroom\\repos\\node_modules","C:\\Users\\Daniel\\Documents\\projects\\SyncClassroom\\node_modules","C:\\Users\\Daniel\\Documents\\projects\\node_modules","C:\\Users\\Daniel\\Documents\\node_modules","C:\\Users\\Daniel\\node_modules","C:\\Users\\node_modules","C:\\node_modules","C:\\Users\\Daniel\\.node_modules","C:\\Users\\Daniel\\.node_libraries","C:\\nvm4w\\nodejs\\lib\\node"]
MODULE 45160: load "C:\\Users\\Daniel\\Documents\\projects\\SyncClassroom\\repos\\ai-editor\\node_modules\\time-stamp\\index.js" for module "C:\\Users\\Daniel\\Documents\\projects\\SyncClassroom\\repos\\ai-editor\\node_modules\\time-stamp\\index.js"
MODULE 45160: Module._load REQUEST color-support parent: C:\Users\Daniel\Documents\projects\SyncClassroom\repos\ai-editor\node_modules\fancy-log\index.js
MODULE 45160: looking for "color-support" in ["C:\\Users\\Daniel\\Documents\\projects\\SyncClassroom\\repos\\ai-editor\\node_modules\\fancy-log\\node_modules","C:\\Users\\Daniel\\Documents\\projects\\SyncClassroom\\repos\\ai-editor\\node_modules","C:\\Users\\Daniel\\Documents\\projects\\SyncClassroom\\repos\\node_modules","C:\\Users\\Daniel\\Documents\\projects\\SyncClassroom\\node_modules","C:\\Users\\Daniel\\Documents\\projects\\node_modules","C:\\Users\\Daniel\\Documents\\node_modules","C:\\Users\\Daniel\\node_modules","C:\\Users\\node_modules","C:\\node_modules","C:\\Users\\Daniel\\.node_modules","C:\\Users\\Daniel\\.node_libraries","C:\\nvm4w\\nodejs\\lib\\node"]
MODULE 45160: Module._load REQUEST parse-node-version parent: C:\Users\Daniel\Documents\projects\SyncClassroom\repos\ai-editor\node_modules\fancy-log\index.js
MODULE 45160: looking for "parse-node-version" in ["C:\\Users\\Daniel\\Documents\\projects\\SyncClassroom\\repos\\ai-editor\\node_modules\\fancy-log\\node_modules","C:\\Users\\Daniel\\Documents\\projects\\SyncClassroom\\repos\\ai-editor\\node_modules","C:\\Users\\Daniel\\Documents\\projects\\SyncClassroom\\repos\\node_modules","C:\\Users\\Daniel\\Documents\\projects\\SyncClassroom\\node_modules","C:\\Users\\Daniel\\Documents\\projects\\node_modules","C:\\Users\\Daniel\\Documents\\node_modules","C:\\Users\\Daniel\\node_modules","C:\\Users\\node_modules","C:\\node_modules","C:\\Users\\Daniel\\.node_modules","C:\\Users\\Daniel\\.node_libraries","C:\\nvm4w\\nodejs\\lib\\node"]
MODULE 45160: load "C:\\Users\\Daniel\\Documents\\projects\\SyncClassroom\\repos\\ai-editor\\node_modules\\parse-node-version\\index.js" for module "C:\\Users\\Daniel\\Documents\\projects\\SyncClassroom\\repos\\ai-editor\\node_modules\\parse-node-version\\index.js"
MODULE 45160: Module._load REQUEST ./lib/shared/config/load-files parent: C:\Users\Daniel\Documents\projects\SyncClassroom\repos\ai-editor\node_modules\gulp-cli\index.js
MODULE 45160: RELATIVE: requested: ./lib/shared/config/load-files from parent.id C:\Users\Daniel\Documents\projects\SyncClassroom\repos\ai-editor\node_modules\gulp-cli\index.js
MODULE 45160: looking for ["C:\\Users\\Daniel\\Documents\\projects\\SyncClassroom\\repos\\ai-editor\\node_modules\\gulp-cli"]
MODULE 45160: load "C:\\Users\\Daniel\\Documents\\projects\\SyncClassroom\\repos\\ai-editor\\node_modules\\gulp-cli\\lib\\shared\\config\\load-files.js" for module "C:\\Users\\Daniel\\Documents\\projects\\SyncClassroom\\repos\\ai-editor\\node_modules\\gulp-cli\\lib\\shared\\config\\load-files.js"
MODULE 45160: Module._load REQUEST copy-props parent: C:\Users\Daniel\Documents\projects\SyncClassroom\repos\ai-editor\node_modules\gulp-cli\lib\shared\config\load-files.js
MODULE 45160: looking for "copy-props" in ["C:\\Users\\Daniel\\Documents\\projects\\SyncClassroom\\repos\\ai-editor\\node_modules\\gulp-cli\\lib\\shared\\config\\node_modules","C:\\Users\\Daniel\\Documents\\projects\\SyncClassroom\\repos\\ai-editor\\node_modules\\gulp-cli\\lib\\shared\\node_modules","C:\\Users\\Daniel\\Documents\\projects\\SyncClassroom\\repos\\ai-editor\\node_modules\\gulp-cli\\lib\\node_modules","C:\\Users\\Daniel\\Documents\\projects\\SyncClassroom\\repos\\ai-editor\\node_modules\\gulp-cli\\node_modules","C:\\Users\\Daniel\\Documents\\projects\\SyncClassroom\\repos\\ai-editor\\node_modules","C:\\Users\\Daniel\\Documents\\projects\\SyncClassroom\\repos\\node_modules","C:\\Users\\Daniel\\Documents\\projects\\SyncClassroom\\node_modules","C:\\Users\\Daniel\\Documents\\projects\\node_modules","C:\\Users\\Daniel\\Documents\\node_modules","C:\\Users\\Daniel\\node_modules","C:\\Users\\node_modules","C:\\node_modules","C:\\Users\\Daniel\\.node_modules","C:\\Users\\Daniel\\.node_libraries","C:\\nvm4w\\nodejs\\lib\\node"]
MODULE 45160: load "C:\\Users\\Daniel\\Documents\\projects\\SyncClassroom\\repos\\ai-editor\\node_modules\\copy-props\\index.js" for module "C:\\Users\\Daniel\\Documents\\projects\\SyncClassroom\\repos\\ai-editor\\node_modules\\copy-props\\index.js"
MODULE 45160: Module._load REQUEST each-props parent: C:\Users\Daniel\Documents\projects\SyncClassroom\repos\ai-editor\node_modules\copy-props\index.js
MODULE 45160: looking for "each-props" in ["C:\\Users\\Daniel\\Documents\\projects\\SyncClassroom\\repos\\ai-editor\\node_modules\\copy-props\\node_modules","C:\\Users\\Daniel\\Documents\\projects\\SyncClassroom\\repos\\ai-editor\\node_modules","C:\\Users\\Daniel\\Documents\\projects\\SyncClassroom\\repos\\node_modules","C:\\Users\\Daniel\\Documents\\projects\\SyncClassroom\\node_modules","C:\\Users\\Daniel\\Documents\\projects\\node_modules","C:\\Users\\Daniel\\Documents\\node_modules","C:\\Users\\Daniel\\node_modules","C:\\Users\\node_modules","C:\\node_modules","C:\\Users\\Daniel\\.node_modules","C:\\Users\\Daniel\\.node_libraries","C:\\nvm4w\\nodejs\\lib\\node"]
MODULE 45160: load "C:\\Users\\Daniel\\Documents\\projects\\SyncClassroom\\repos\\ai-editor\\node_modules\\each-props\\index.js" for module "C:\\Users\\Daniel\\Documents\\projects\\SyncClassroom\\repos\\ai-editor\\node_modules\\each-props\\index.js"
MODULE 45160: Module._load REQUEST is-plain-object parent: C:\Users\Daniel\Documents\projects\SyncClassroom\repos\ai-editor\node_modules\each-props\index.js
MODULE 45160: looking for "is-plain-object" in ["C:\\Users\\Daniel\\Documents\\projects\\SyncClassroom\\repos\\ai-editor\\node_modules\\each-props\\node_modules","C:\\Users\\Daniel\\Documents\\projects\\SyncClassroom\\repos\\ai-editor\\node_modules","C:\\Users\\Daniel\\Documents\\projects\\SyncClassroom\\repos\\node_modules","C:\\Users\\Daniel\\Documents\\projects\\SyncClassroom\\node_modules","C:\\Users\\Daniel\\Documents\\projects\\node_modules","C:\\Users\\Daniel\\Documents\\node_modules","C:\\Users\\Daniel\\node_modules","C:\\Users\\node_modules","C:\\node_modules","C:\\Users\\Daniel\\.node_modules","C:\\Users\\Daniel\\.node_libraries","C:\\nvm4w\\nodejs\\lib\\node"]
MODULE 45160: Module._load REQUEST object.defaults/immutable parent: C:\Users\Daniel\Documents\projects\SyncClassroom\repos\ai-editor\node_modules\each-props\index.js
MODULE 45160: looking for "object.defaults/immutable" in ["C:\\Users\\Daniel\\Documents\\projects\\SyncClassroom\\repos\\ai-editor\\node_modules\\each-props\\node_modules","C:\\Users\\Daniel\\Documents\\projects\\SyncClassroom\\repos\\ai-editor\\node_modules","C:\\Users\\Daniel\\Documents\\projects\\SyncClassroom\\repos\\node_modules","C:\\Users\\Daniel\\Documents\\projects\\SyncClassroom\\node_modules","C:\\Users\\Daniel\\Documents\\projects\\node_modules","C:\\Users\\Daniel\\Documents\\node_modules","C:\\Users\\Daniel\\node_modules","C:\\Users\\node_modules","C:\\node_modules","C:\\Users\\Daniel\\.node_modules","C:\\Users\\Daniel\\.node_libraries","C:\\nvm4w\\nodejs\\lib\\node"]
MODULE 45160: Module._load REQUEST is-plain-object parent: C:\Users\Daniel\Documents\projects\SyncClassroom\repos\ai-editor\node_modules\copy-props\index.js
MODULE 45160: looking for "is-plain-object" in ["C:\\Users\\Daniel\\Documents\\projects\\SyncClassroom\\repos\\ai-editor\\node_modules\\copy-props\\node_modules","C:\\Users\\Daniel\\Documents\\projects\\SyncClassroom\\repos\\ai-editor\\node_modules","C:\\Users\\Daniel\\Documents\\projects\\SyncClassroom\\repos\\node_modules","C:\\Users\\Daniel\\Documents\\projects\\SyncClassroom\\node_modules","C:\\Users\\Daniel\\Documents\\projects\\node_modules","C:\\Users\\Daniel\\Documents\\node_modules","C:\\Users\\Daniel\\node_modules","C:\\Users\\node_modules","C:\\node_modules","C:\\Users\\Daniel\\.node_modules","C:\\Users\\Daniel\\.node_libraries","C:\\nvm4w\\nodejs\\lib\\node"]
MODULE 45160: load "C:\\Users\\Daniel\\Documents\\projects\\SyncClassroom\\repos\\ai-editor\\node_modules\\copy-props\\node_modules\\is-plain-object\\dist\\is-plain-object.js" for module "C:\\Users\\Daniel\\Documents\\projects\\SyncClassroom\\repos\\ai-editor\\node_modules\\copy-props\\node_modules\\is-plain-object\\dist\\is-plain-object.js"
MODULE 45160: Module._load REQUEST path parent: C:\Users\Daniel\Documents\projects\SyncClassroom\repos\ai-editor\node_modules\gulp-cli\lib\shared\config\load-files.js
MODULE 45160: load built-in module path
MODULE 45160: Module._load REQUEST ./lib/shared/config/cli-flags parent: C:\Users\Daniel\Documents\projects\SyncClassroom\repos\ai-editor\node_modules\gulp-cli\index.js
MODULE 45160: RELATIVE: requested: ./lib/shared/config/cli-flags from parent.id C:\Users\Daniel\Documents\projects\SyncClassroom\repos\ai-editor\node_modules\gulp-cli\index.js
MODULE 45160: looking for ["C:\\Users\\Daniel\\Documents\\projects\\SyncClassroom\\repos\\ai-editor\\node_modules\\gulp-cli"]
MODULE 45160: load "C:\\Users\\Daniel\\Documents\\projects\\SyncClassroom\\repos\\ai-editor\\node_modules\\gulp-cli\\lib\\shared\\config\\cli-flags.js" for module "C:\\Users\\Daniel\\Documents\\projects\\SyncClassroom\\repos\\ai-editor\\node_modules\\gulp-cli\\lib\\shared\\config\\cli-flags.js"
MODULE 45160: Module._load REQUEST copy-props parent: C:\Users\Daniel\Documents\projects\SyncClassroom\repos\ai-editor\node_modules\gulp-cli\lib\shared\config\cli-flags.js
MODULE 45160: Module._load REQUEST ./lib/shared/config/env-flags parent: C:\Users\Daniel\Documents\projects\SyncClassroom\repos\ai-editor\node_modules\gulp-cli\index.js
MODULE 45160: RELATIVE: requested: ./lib/shared/config/env-flags from parent.id C:\Users\Daniel\Documents\projects\SyncClassroom\repos\ai-editor\node_modules\gulp-cli\index.js
MODULE 45160: looking for ["C:\\Users\\Daniel\\Documents\\projects\\SyncClassroom\\repos\\ai-editor\\node_modules\\gulp-cli"]
MODULE 45160: load "C:\\Users\\Daniel\\Documents\\projects\\SyncClassroom\\repos\\ai-editor\\node_modules\\gulp-cli\\lib\\shared\\config\\env-flags.js" for module "C:\\Users\\Daniel\\Documents\\projects\\SyncClassroom\\repos\\ai-editor\\node_modules\\gulp-cli\\lib\\shared\\config\\env-flags.js"
MODULE 45160: Module._load REQUEST path parent: C:\Users\Daniel\Documents\projects\SyncClassroom\repos\ai-editor\node_modules\gulp-cli\lib\shared\config\env-flags.js
MODULE 45160: load built-in module path
MODULE 45160: Module._load REQUEST copy-props parent: C:\Users\Daniel\Documents\projects\SyncClassroom\repos\ai-editor\node_modules\gulp-cli\lib\shared\config\env-flags.js
MODULE 45160: Module._load REQUEST ./lib/shared/log/verify parent: C:\Users\Daniel\Documents\projects\SyncClassroom\repos\ai-editor\node_modules\gulp-cli\index.js
MODULE 45160: RELATIVE: requested: ./lib/shared/log/verify from parent.id C:\Users\Daniel\Documents\projects\SyncClassroom\repos\ai-editor\node_modules\gulp-cli\index.js
MODULE 45160: looking for ["C:\\Users\\Daniel\\Documents\\projects\\SyncClassroom\\repos\\ai-editor\\node_modules\\gulp-cli"]
MODULE 45160: load "C:\\Users\\Daniel\\Documents\\projects\\SyncClassroom\\repos\\ai-editor\\node_modules\\gulp-cli\\lib\\shared\\log\\verify.js" for module "C:\\Users\\Daniel\\Documents\\projects\\SyncClassroom\\repos\\ai-editor\\node_modules\\gulp-cli\\lib\\shared\\log\\verify.js"
MODULE 45160: Module._load REQUEST gulplog parent: C:\Users\Daniel\Documents\projects\SyncClassroom\repos\ai-editor\node_modules\gulp-cli\lib\shared\log\verify.js
MODULE 45160: looking for "gulplog" in ["C:\\Users\\Daniel\\Documents\\projects\\SyncClassroom\\repos\\ai-editor\\node_modules\\gulp-cli\\lib\\shared\\log\\node_modules","C:\\Users\\Daniel\\Documents\\projects\\SyncClassroom\\repos\\ai-editor\\node_modules\\gulp-cli\\lib\\shared\\node_modules","C:\\Users\\Daniel\\Documents\\projects\\SyncClassroom\\repos\\ai-editor\\node_modules\\gulp-cli\\lib\\node_modules","C:\\Users\\Daniel\\Documents\\projects\\SyncClassroom\\repos\\ai-editor\\node_modules\\gulp-cli\\node_modules","C:\\Users\\Daniel\\Documents\\projects\\SyncClassroom\\repos\\ai-editor\\node_modules","C:\\Users\\Daniel\\Documents\\projects\\SyncClassroom\\repos\\node_modules","C:\\Users\\Daniel\\Documents\\projects\\SyncClassroom\\node_modules","C:\\Users\\Daniel\\Documents\\projects\\node_modules","C:\\Users\\Daniel\\Documents\\node_modules","C:\\Users\\Daniel\\node_modules","C:\\Users\\node_modules","C:\\node_modules","C:\\Users\\Daniel\\.node_modules","C:\\Users\\Daniel\\.node_libraries","C:\\nvm4w\\nodejs\\lib\\node"]
MODULE 45160: Module._load REQUEST ../ansi parent: C:\Users\Daniel\Documents\projects\SyncClassroom\repos\ai-editor\node_modules\gulp-cli\lib\shared\log\verify.js
MODULE 45160: RELATIVE: requested: ../ansi from parent.id C:\Users\Daniel\Documents\projects\SyncClassroom\repos\ai-editor\node_modules\gulp-cli\lib\shared\log\verify.js
MODULE 45160: looking for ["C:\\Users\\Daniel\\Documents\\projects\\SyncClassroom\\repos\\ai-editor\\node_modules\\gulp-cli\\lib\\shared\\log"]
MODULE 45160: Module._load REQUEST ../exit parent: C:\Users\Daniel\Documents\projects\SyncClassroom\repos\ai-editor\node_modules\gulp-cli\lib\shared\log\verify.js
MODULE 45160: RELATIVE: requested: ../exit from parent.id C:\Users\Daniel\Documents\projects\SyncClassroom\repos\ai-editor\node_modules\gulp-cli\lib\shared\log\verify.js
MODULE 45160: looking for ["C:\\Users\\Daniel\\Documents\\projects\\SyncClassroom\\repos\\ai-editor\\node_modules\\gulp-cli\\lib\\shared\\log"]
MODULE 45160: Module._load REQUEST ./lib/shared/log/blacklist-error parent: C:\Users\Daniel\Documents\projects\SyncClassroom\repos\ai-editor\node_modules\gulp-cli\index.js
MODULE 45160: RELATIVE: requested: ./lib/shared/log/blacklist-error from parent.id C:\Users\Daniel\Documents\projects\SyncClassroom\repos\ai-editor\node_modules\gulp-cli\index.js
MODULE 45160: looking for ["C:\\Users\\Daniel\\Documents\\projects\\SyncClassroom\\repos\\ai-editor\\node_modules\\gulp-cli"]
MODULE 45160: load "C:\\Users\\Daniel\\Documents\\projects\\SyncClassroom\\repos\\ai-editor\\node_modules\\gulp-cli\\lib\\shared\\log\\blacklist-error.js" for module "C:\\Users\\Daniel\\Documents\\projects\\SyncClassroom\\repos\\ai-editor\\node_modules\\gulp-cli\\lib\\shared\\log\\blacklist-error.js"
MODULE 45160: Module._load REQUEST gulplog parent: C:\Users\Daniel\Documents\projects\SyncClassroom\repos\ai-editor\node_modules\gulp-cli\lib\shared\log\blacklist-error.js
MODULE 45160: looking for "gulplog" in ["C:\\Users\\Daniel\\Documents\\projects\\SyncClassroom\\repos\\ai-editor\\node_modules\\gulp-cli\\lib\\shared\\log\\node_modules","C:\\Users\\Daniel\\Documents\\projects\\SyncClassroom\\repos\\ai-editor\\node_modules\\gulp-cli\\lib\\shared\\node_modules","C:\\Users\\Daniel\\Documents\\projects\\SyncClassroom\\repos\\ai-editor\\node_modules\\gulp-cli\\lib\\node_modules","C:\\Users\\Daniel\\Documents\\projects\\SyncClassroom\\repos\\ai-editor\\node_modules\\gulp-cli\\node_modules","C:\\Users\\Daniel\\Documents\\projects\\SyncClassroom\\repos\\ai-editor\\node_modules","C:\\Users\\Daniel\\Documents\\projects\\SyncClassroom\\repos\\node_modules","C:\\Users\\Daniel\\Documents\\projects\\SyncClassroom\\node_modules","C:\\Users\\Daniel\\Documents\\projects\\node_modules","C:\\Users\\Daniel\\Documents\\node_modules","C:\\Users\\Daniel\\node_modules","C:\\Users\\node_modules","C:\\node_modules","C:\\Users\\Daniel\\.node_modules","C:\\Users\\Daniel\\.node_libraries","C:\\nvm4w\\nodejs\\lib\\node"]
MODULE 45160: Module._load REQUEST ../ansi parent: C:\Users\Daniel\Documents\projects\SyncClassroom\repos\ai-editor\node_modules\gulp-cli\lib\shared\log\blacklist-error.js
MODULE 45160: RELATIVE: requested: ../ansi from parent.id C:\Users\Daniel\Documents\projects\SyncClassroom\repos\ai-editor\node_modules\gulp-cli\lib\shared\log\blacklist-error.js
MODULE 45160: looking for ["C:\\Users\\Daniel\\Documents\\projects\\SyncClassroom\\repos\\ai-editor\\node_modules\\gulp-cli\\lib\\shared\\log"]
MODULE 45160: Module._load REQUEST ../exit parent: C:\Users\Daniel\Documents\projects\SyncClassroom\repos\ai-editor\node_modules\gulp-cli\lib\shared\log\blacklist-error.js
MODULE 45160: RELATIVE: requested: ../exit from parent.id C:\Users\Daniel\Documents\projects\SyncClassroom\repos\ai-editor\node_modules\gulp-cli\lib\shared\log\blacklist-error.js
MODULE 45160: looking for ["C:\\Users\\Daniel\\Documents\\projects\\SyncClassroom\\repos\\ai-editor\\node_modules\\gulp-cli\\lib\\shared\\log"]
MODULE 45160: Module._load REQUEST read-pkg-up parent: C:\Users\Daniel\Documents\projects\SyncClassroom\repos\ai-editor\node_modules\gulp-cli\node_modules\yargs\yargs.js
MODULE 45160: looking for "read-pkg-up" in ["C:\\Users\\Daniel\\Documents\\projects\\SyncClassroom\\repos\\ai-editor\\node_modules\\gulp-cli\\node_modules\\yargs\\node_modules","C:\\Users\\Daniel\\Documents\\projects\\SyncClassroom\\repos\\ai-editor\\node_modules\\gulp-cli\\node_modules","C:\\Users\\Daniel\\Documents\\projects\\SyncClassroom\\repos\\ai-editor\\node_modules","C:\\Users\\Daniel\\Documents\\projects\\SyncClassroom\\repos\\node_modules","C:\\Users\\Daniel\\Documents\\projects\\SyncClassroom\\node_modules","C:\\Users\\Daniel\\Documents\\projects\\node_modules","C:\\Users\\Daniel\\Documents\\node_modules","C:\\Users\\Daniel\\node_modules","C:\\Users\\node_modules","C:\\node_modules","C:\\Users\\Daniel\\.node_modules","C:\\Users\\Daniel\\.node_libraries","C:\\nvm4w\\nodejs\\lib\\node"]
MODULE 45160: load "C:\\Users\\Daniel\\Documents\\projects\\SyncClassroom\\repos\\ai-editor\\node_modules\\read-pkg-up\\index.js" for module "C:\\Users\\Daniel\\Documents\\projects\\SyncClassroom\\repos\\ai-editor\\node_modules\\read-pkg-up\\index.js"
MODULE 45160: Module._load REQUEST find-up parent: C:\Users\Daniel\Documents\projects\SyncClassroom\repos\ai-editor\node_modules\read-pkg-up\index.js
MODULE 45160: looking for "find-up" in ["C:\\Users\\Daniel\\Documents\\projects\\SyncClassroom\\repos\\ai-editor\\node_modules\\read-pkg-up\\node_modules","C:\\Users\\Daniel\\Documents\\projects\\SyncClassroom\\repos\\ai-editor\\node_modules","C:\\Users\\Daniel\\Documents\\projects\\SyncClassroom\\repos\\node_modules","C:\\Users\\Daniel\\Documents\\projects\\SyncClassroom\\node_modules","C:\\Users\\Daniel\\Documents\\projects\\node_modules","C:\\Users\\Daniel\\Documents\\node_modules","C:\\Users\\Daniel\\node_modules","C:\\Users\\node_modules","C:\\node_modules","C:\\Users\\Daniel\\.node_modules","C:\\Users\\Daniel\\.node_libraries","C:\\nvm4w\\nodejs\\lib\\node"]
MODULE 45160: load "C:\\Users\\Daniel\\Documents\\projects\\SyncClassroom\\repos\\ai-editor\\node_modules\\read-pkg-up\\node_modules\\find-up\\index.js" for module "C:\\Users\\Daniel\\Documents\\projects\\SyncClassroom\\repos\\ai-editor\\node_modules\\read-pkg-up\\node_modules\\find-up\\index.js"
MODULE 45160: Module._load REQUEST path parent: C:\Users\Daniel\Documents\projects\SyncClassroom\repos\ai-editor\node_modules\read-pkg-up\node_modules\find-up\index.js
MODULE 45160: load built-in module path
MODULE 45160: Module._load REQUEST path-exists parent: C:\Users\Daniel\Documents\projects\SyncClassroom\repos\ai-editor\node_modules\read-pkg-up\node_modules\find-up\index.js
MODULE 45160: looking for "path-exists" in ["C:\\Users\\Daniel\\Documents\\projects\\SyncClassroom\\repos\\ai-editor\\node_modules\\read-pkg-up\\node_modules\\find-up\\node_modules","C:\\Users\\Daniel\\Documents\\projects\\SyncClassroom\\repos\\ai-editor\\node_modules\\read-pkg-up\\node_modules","C:\\Users\\Daniel\\Documents\\projects\\SyncClassroom\\repos\\ai-editor\\node_modules","C:\\Users\\Daniel\\Documents\\projects\\SyncClassroom\\repos\\node_modules","C:\\Users\\Daniel\\Documents\\projects\\SyncClassroom\\node_modules","C:\\Users\\Daniel\\Documents\\projects\\node_modules","C:\\Users\\Daniel\\Documents\\node_modules","C:\\Users\\Daniel\\node_modules","C:\\Users\\node_modules","C:\\node_modules","C:\\Users\\Daniel\\.node_modules","C:\\Users\\Daniel\\.node_libraries","C:\\nvm4w\\nodejs\\lib\\node"]
MODULE 45160: load "C:\\Users\\Daniel\\Documents\\projects\\SyncClassroom\\repos\\ai-editor\\node_modules\\read-pkg-up\\node_modules\\path-exists\\index.js" for module "C:\\Users\\Daniel\\Documents\\projects\\SyncClassroom\\repos\\ai-editor\\node_modules\\read-pkg-up\\node_modules\\path-exists\\index.js"
MODULE 45160: Module._load REQUEST fs parent: C:\Users\Daniel\Documents\projects\SyncClassroom\repos\ai-editor\node_modules\read-pkg-up\node_modules\path-exists\index.js
MODULE 45160: load built-in module fs
MODULE 45160: Module._load REQUEST pinkie-promise parent: C:\Users\Daniel\Documents\projects\SyncClassroom\repos\ai-editor\node_modules\read-pkg-up\node_modules\path-exists\index.js
MODULE 45160: looking for "pinkie-promise" in ["C:\\Users\\Daniel\\Documents\\projects\\SyncClassroom\\repos\\ai-editor\\node_modules\\read-pkg-up\\node_modules\\path-exists\\node_modules","C:\\Users\\Daniel\\Documents\\projects\\SyncClassroom\\repos\\ai-editor\\node_modules\\read-pkg-up\\node_modules","C:\\Users\\Daniel\\Documents\\projects\\SyncClassroom\\repos\\ai-editor\\node_modules","C:\\Users\\Daniel\\Documents\\projects\\SyncClassroom\\repos\\node_modules","C:\\Users\\Daniel\\Documents\\projects\\SyncClassroom\\node_modules","C:\\Users\\Daniel\\Documents\\projects\\node_modules","C:\\Users\\Daniel\\Documents\\node_modules","C:\\Users\\Daniel\\node_modules","C:\\Users\\node_modules","C:\\node_modules","C:\\Users\\Daniel\\.node_modules","C:\\Users\\Daniel\\.node_libraries","C:\\nvm4w\\nodejs\\lib\\node"]
MODULE 45160: load "C:\\Users\\Daniel\\Documents\\projects\\SyncClassroom\\repos\\ai-editor\\node_modules\\pinkie-promise\\index.js" for module "C:\\Users\\Daniel\\Documents\\projects\\SyncClassroom\\repos\\ai-editor\\node_modules\\pinkie-promise\\index.js"
MODULE 45160: Module._load REQUEST pinkie-promise parent: C:\Users\Daniel\Documents\projects\SyncClassroom\repos\ai-editor\node_modules\read-pkg-up\node_modules\find-up\index.js
MODULE 45160: looking for "pinkie-promise" in ["C:\\Users\\Daniel\\Documents\\projects\\SyncClassroom\\repos\\ai-editor\\node_modules\\read-pkg-up\\node_modules\\find-up\\node_modules","C:\\Users\\Daniel\\Documents\\projects\\SyncClassroom\\repos\\ai-editor\\node_modules\\read-pkg-up\\node_modules","C:\\Users\\Daniel\\Documents\\projects\\SyncClassroom\\repos\\ai-editor\\node_modules","C:\\Users\\Daniel\\Documents\\projects\\SyncClassroom\\repos\\node_modules","C:\\Users\\Daniel\\Documents\\projects\\SyncClassroom\\node_modules","C:\\Users\\Daniel\\Documents\\projects\\node_modules","C:\\Users\\Daniel\\Documents\\node_modules","C:\\Users\\Daniel\\node_modules","C:\\Users\\node_modules","C:\\node_modules","C:\\Users\\Daniel\\.node_modules","C:\\Users\\Daniel\\.node_libraries","C:\\nvm4w\\nodejs\\lib\\node"]
MODULE 45160: Module._load REQUEST read-pkg parent: C:\Users\Daniel\Documents\projects\SyncClassroom\repos\ai-editor\node_modules\read-pkg-up\index.js
MODULE 45160: looking for "read-pkg" in ["C:\\Users\\Daniel\\Documents\\projects\\SyncClassroom\\repos\\ai-editor\\node_modules\\read-pkg-up\\node_modules","C:\\Users\\Daniel\\Documents\\projects\\SyncClassroom\\repos\\ai-editor\\node_modules","C:\\Users\\Daniel\\Documents\\projects\\SyncClassroom\\repos\\node_modules","C:\\Users\\Daniel\\Documents\\projects\\SyncClassroom\\node_modules","C:\\Users\\Daniel\\Documents\\projects\\node_modules","C:\\Users\\Daniel\\Documents\\node_modules","C:\\Users\\Daniel\\node_modules","C:\\Users\\node_modules","C:\\node_modules","C:\\Users\\Daniel\\.node_modules","C:\\Users\\Daniel\\.node_libraries","C:\\nvm4w\\nodejs\\lib\\node"]
MODULE 45160: load "C:\\Users\\Daniel\\Documents\\projects\\SyncClassroom\\repos\\ai-editor\\node_modules\\read-pkg\\index.js" for module "C:\\Users\\Daniel\\Documents\\projects\\SyncClassroom\\repos\\ai-editor\\node_modules\\read-pkg\\index.js"
MODULE 45160: Module._load REQUEST path parent: C:\Users\Daniel\Documents\projects\SyncClassroom\repos\ai-editor\node_modules\read-pkg\index.js
MODULE 45160: load built-in module path
MODULE 45160: Module._load REQUEST load-json-file parent: C:\Users\Daniel\Documents\projects\SyncClassroom\repos\ai-editor\node_modules\read-pkg\index.js
MODULE 45160: looking for "load-json-file" in ["C:\\Users\\Daniel\\Documents\\projects\\SyncClassroom\\repos\\ai-editor\\node_modules\\read-pkg\\node_modules","C:\\Users\\Daniel\\Documents\\projects\\SyncClassroom\\repos\\ai-editor\\node_modules","C:\\Users\\Daniel\\Documents\\projects\\SyncClassroom\\repos\\node_modules","C:\\Users\\Daniel\\Documents\\projects\\SyncClassroom\\node_modules","C:\\Users\\Daniel\\Documents\\projects\\node_modules","C:\\Users\\Daniel\\Documents\\node_modules","C:\\Users\\Daniel\\node_modules","C:\\Users\\node_modules","C:\\node_modules","C:\\Users\\Daniel\\.node_modules","C:\\Users\\Daniel\\.node_libraries","C:\\nvm4w\\nodejs\\lib\\node"]
MODULE 45160: load "C:\\Users\\Daniel\\Documents\\projects\\SyncClassroom\\repos\\ai-editor\\node_modules\\load-json-file\\index.js" for module "C:\\Users\\Daniel\\Documents\\projects\\SyncClassroom\\repos\\ai-editor\\node_modules\\load-json-file\\index.js"
MODULE 45160: Module._load REQUEST path parent: C:\Users\Daniel\Documents\projects\SyncClassroom\repos\ai-editor\node_modules\load-json-file\index.js
MODULE 45160: load built-in module path
MODULE 45160: Module._load REQUEST graceful-fs parent: C:\Users\Daniel\Documents\projects\SyncClassroom\repos\ai-editor\node_modules\load-json-file\index.js
MODULE 45160: looking for "graceful-fs" in ["C:\\Users\\Daniel\\Documents\\projects\\SyncClassroom\\repos\\ai-editor\\node_modules\\load-json-file\\node_modules","C:\\Users\\Daniel\\Documents\\projects\\SyncClassroom\\repos\\ai-editor\\node_modules","C:\\Users\\Daniel\\Documents\\projects\\SyncClassroom\\repos\\node_modules","C:\\Users\\Daniel\\Documents\\projects\\SyncClassroom\\node_modules","C:\\Users\\Daniel\\Documents\\projects\\node_modules","C:\\Users\\Daniel\\Documents\\node_modules","C:\\Users\\Daniel\\node_modules","C:\\Users\\node_modules","C:\\node_modules","C:\\Users\\Daniel\\.node_modules","C:\\Users\\Daniel\\.node_libraries","C:\\nvm4w\\nodejs\\lib\\node"]
MODULE 45160: load "C:\\Users\\Daniel\\Documents\\projects\\SyncClassroom\\repos\\ai-editor\\node_modules\\graceful-fs\\graceful-fs.js" for module "C:\\Users\\Daniel\\Documents\\projects\\SyncClassroom\\repos\\ai-editor\\node_modules\\graceful-fs\\graceful-fs.js"
MODULE 45160: Module._load REQUEST fs parent: C:\Users\Daniel\Documents\projects\SyncClassroom\repos\ai-editor\node_modules\graceful-fs\graceful-fs.js
MODULE 45160: load built-in module fs
MODULE 45160: Module._load REQUEST ./polyfills.js parent: C:\Users\Daniel\Documents\projects\SyncClassroom\repos\ai-editor\node_modules\graceful-fs\graceful-fs.js
MODULE 45160: RELATIVE: requested: ./polyfills.js from parent.id C:\Users\Daniel\Documents\projects\SyncClassroom\repos\ai-editor\node_modules\graceful-fs\graceful-fs.js
MODULE 45160: looking for ["C:\\Users\\Daniel\\Documents\\projects\\SyncClassroom\\repos\\ai-editor\\node_modules\\graceful-fs"]
MODULE 45160: load "C:\\Users\\Daniel\\Documents\\projects\\SyncClassroom\\repos\\ai-editor\\node_modules\\graceful-fs\\polyfills.js" for module "C:\\Users\\Daniel\\Documents\\projects\\SyncClassroom\\repos\\ai-editor\\node_modules\\graceful-fs\\polyfills.js"
MODULE 45160: Module._load REQUEST constants parent: C:\Users\Daniel\Documents\projects\SyncClassroom\repos\ai-editor\node_modules\graceful-fs\polyfills.js
MODULE 45160: load built-in module constants
MODULE 45160: Module._load REQUEST ./legacy-streams.js parent: C:\Users\Daniel\Documents\projects\SyncClassroom\repos\ai-editor\node_modules\graceful-fs\graceful-fs.js
MODULE 45160: RELATIVE: requested: ./legacy-streams.js from parent.id C:\Users\Daniel\Documents\projects\SyncClassroom\repos\ai-editor\node_modules\graceful-fs\graceful-fs.js
MODULE 45160: looking for ["C:\\Users\\Daniel\\Documents\\projects\\SyncClassroom\\repos\\ai-editor\\node_modules\\graceful-fs"]
MODULE 45160: load "C:\\Users\\Daniel\\Documents\\projects\\SyncClassroom\\repos\\ai-editor\\node_modules\\graceful-fs\\legacy-streams.js" for module "C:\\Users\\Daniel\\Documents\\projects\\SyncClassroom\\repos\\ai-editor\\node_modules\\graceful-fs\\legacy-streams.js"
MODULE 45160: Module._load REQUEST stream parent: C:\Users\Daniel\Documents\projects\SyncClassroom\repos\ai-editor\node_modules\graceful-fs\legacy-streams.js
MODULE 45160: load built-in module stream
MODULE 45160: Module._load REQUEST ./clone.js parent: C:\Users\Daniel\Documents\projects\SyncClassroom\repos\ai-editor\node_modules\graceful-fs\graceful-fs.js
MODULE 45160: RELATIVE: requested: ./clone.js from parent.id C:\Users\Daniel\Documents\projects\SyncClassroom\repos\ai-editor\node_modules\graceful-fs\graceful-fs.js
MODULE 45160: looking for ["C:\\Users\\Daniel\\Documents\\projects\\SyncClassroom\\repos\\ai-editor\\node_modules\\graceful-fs"]
MODULE 45160: load "C:\\Users\\Daniel\\Documents\\projects\\SyncClassroom\\repos\\ai-editor\\node_modules\\graceful-fs\\clone.js" for module "C:\\Users\\Daniel\\Documents\\projects\\SyncClassroom\\repos\\ai-editor\\node_modules\\graceful-fs\\clone.js"
MODULE 45160: Module._load REQUEST util parent: C:\Users\Daniel\Documents\projects\SyncClassroom\repos\ai-editor\node_modules\graceful-fs\graceful-fs.js
MODULE 45160: load built-in module util
MODULE 45160: Module._load REQUEST strip-bom parent: C:\Users\Daniel\Documents\projects\SyncClassroom\repos\ai-editor\node_modules\load-json-file\index.js
MODULE 45160: looking for "strip-bom" in ["C:\\Users\\Daniel\\Documents\\projects\\SyncClassroom\\repos\\ai-editor\\node_modules\\load-json-file\\node_modules","C:\\Users\\Daniel\\Documents\\projects\\SyncClassroom\\repos\\ai-editor\\node_modules","C:\\Users\\Daniel\\Documents\\projects\\SyncClassroom\\repos\\node_modules","C:\\Users\\Daniel\\Documents\\projects\\SyncClassroom\\node_modules","C:\\Users\\Daniel\\Documents\\projects\\node_modules","C:\\Users\\Daniel\\Documents\\node_modules","C:\\Users\\Daniel\\node_modules","C:\\Users\\node_modules","C:\\node_modules","C:\\Users\\Daniel\\.node_modules","C:\\Users\\Daniel\\.node_libraries","C:\\nvm4w\\nodejs\\lib\\node"]
MODULE 45160: load "C:\\Users\\Daniel\\Documents\\projects\\SyncClassroom\\repos\\ai-editor\\node_modules\\strip-bom\\index.js" for module "C:\\Users\\Daniel\\Documents\\projects\\SyncClassroom\\repos\\ai-editor\\node_modules\\strip-bom\\index.js"
MODULE 45160: Module._load REQUEST is-utf8 parent: C:\Users\Daniel\Documents\projects\SyncClassroom\repos\ai-editor\node_modules\strip-bom\index.js
MODULE 45160: looking for "is-utf8" in ["C:\\Users\\Daniel\\Documents\\projects\\SyncClassroom\\repos\\ai-editor\\node_modules\\strip-bom\\node_modules","C:\\Users\\Daniel\\Documents\\projects\\SyncClassroom\\repos\\ai-editor\\node_modules","C:\\Users\\Daniel\\Documents\\projects\\SyncClassroom\\repos\\node_modules","C:\\Users\\Daniel\\Documents\\projects\\SyncClassroom\\node_modules","C:\\Users\\Daniel\\Documents\\projects\\node_modules","C:\\Users\\Daniel\\Documents\\node_modules","C:\\Users\\Daniel\\node_modules","C:\\Users\\node_modules","C:\\node_modules","C:\\Users\\Daniel\\.node_modules","C:\\Users\\Daniel\\.node_libraries","C:\\nvm4w\\nodejs\\lib\\node"]
MODULE 45160: load "C:\\Users\\Daniel\\Documents\\projects\\SyncClassroom\\repos\\ai-editor\\node_modules\\is-utf8\\is-utf8.js" for module "C:\\Users\\Daniel\\Documents\\projects\\SyncClassroom\\repos\\ai-editor\\node_modules\\is-utf8\\is-utf8.js"
MODULE 45160: Module._load REQUEST parse-json parent: C:\Users\Daniel\Documents\projects\SyncClassroom\repos\ai-editor\node_modules\load-json-file\index.js
MODULE 45160: looking for "parse-json" in ["C:\\Users\\Daniel\\Documents\\projects\\SyncClassroom\\repos\\ai-editor\\node_modules\\load-json-file\\node_modules","C:\\Users\\Daniel\\Documents\\projects\\SyncClassroom\\repos\\ai-editor\\node_modules","C:\\Users\\Daniel\\Documents\\projects\\SyncClassroom\\repos\\node_modules","C:\\Users\\Daniel\\Documents\\projects\\SyncClassroom\\node_modules","C:\\Users\\Daniel\\Documents\\projects\\node_modules","C:\\Users\\Daniel\\Documents\\node_modules","C:\\Users\\Daniel\\node_modules","C:\\Users\\node_modules","C:\\node_modules","C:\\Users\\Daniel\\.node_modules","C:\\Users\\Daniel\\.node_libraries","C:\\nvm4w\\nodejs\\lib\\node"]
MODULE 45160: load "C:\\Users\\Daniel\\Documents\\projects\\SyncClassroom\\repos\\ai-editor\\node_modules\\parse-json\\index.js" for module "C:\\Users\\Daniel\\Documents\\projects\\SyncClassroom\\repos\\ai-editor\\node_modules\\parse-json\\index.js"
MODULE 45160: Module._load REQUEST error-ex parent: C:\Users\Daniel\Documents\projects\SyncClassroom\repos\ai-editor\node_modules\parse-json\index.js
MODULE 45160: looking for "error-ex" in ["C:\\Users\\Daniel\\Documents\\projects\\SyncClassroom\\repos\\ai-editor\\node_modules\\parse-json\\node_modules","C:\\Users\\Daniel\\Documents\\projects\\SyncClassroom\\repos\\ai-editor\\node_modules","C:\\Users\\Daniel\\Documents\\projects\\SyncClassroom\\repos\\node_modules","C:\\Users\\Daniel\\Documents\\projects\\SyncClassroom\\node_modules","C:\\Users\\Daniel\\Documents\\projects\\node_modules","C:\\Users\\Daniel\\Documents\\node_modules","C:\\Users\\Daniel\\node_modules","C:\\Users\\node_modules","C:\\node_modules","C:\\Users\\Daniel\\.node_modules","C:\\Users\\Daniel\\.node_libraries","C:\\nvm4w\\nodejs\\lib\\node"]
MODULE 45160: load "C:\\Users\\Daniel\\Documents\\projects\\SyncClassroom\\repos\\ai-editor\\node_modules\\error-ex\\index.js" for module "C:\\Users\\Daniel\\Documents\\projects\\SyncClassroom\\repos\\ai-editor\\node_modules\\error-ex\\index.js"
MODULE 45160: Module._load REQUEST util parent: C:\Users\Daniel\Documents\projects\SyncClassroom\repos\ai-editor\node_modules\error-ex\index.js
MODULE 45160: load built-in module util
MODULE 45160: Module._load REQUEST is-arrayish parent: C:\Users\Daniel\Documents\projects\SyncClassroom\repos\ai-editor\node_modules\error-ex\index.js
MODULE 45160: looking for "is-arrayish" in ["C:\\Users\\Daniel\\Documents\\projects\\SyncClassroom\\repos\\ai-editor\\node_modules\\error-ex\\node_modules","C:\\Users\\Daniel\\Documents\\projects\\SyncClassroom\\repos\\ai-editor\\node_modules","C:\\Users\\Daniel\\Documents\\projects\\SyncClassroom\\repos\\node_modules","C:\\Users\\Daniel\\Documents\\projects\\SyncClassroom\\node_modules","C:\\Users\\Daniel\\Documents\\projects\\node_modules","C:\\Users\\Daniel\\Documents\\node_modules","C:\\Users\\Daniel\\node_modules","C:\\Users\\node_modules","C:\\node_modules","C:\\Users\\Daniel\\.node_modules","C:\\Users\\Daniel\\.node_libraries","C:\\nvm4w\\nodejs\\lib\\node"]
MODULE 45160: load "C:\\Users\\Daniel\\Documents\\projects\\SyncClassroom\\repos\\ai-editor\\node_modules\\is-arrayish\\index.js" for module "C:\\Users\\Daniel\\Documents\\projects\\SyncClassroom\\repos\\ai-editor\\node_modules\\is-arrayish\\index.js"
MODULE 45160: Module._load REQUEST ./vendor/parse parent: C:\Users\Daniel\Documents\projects\SyncClassroom\repos\ai-editor\node_modules\parse-json\index.js
MODULE 45160: RELATIVE: requested: ./vendor/parse from parent.id C:\Users\Daniel\Documents\projects\SyncClassroom\repos\ai-editor\node_modules\parse-json\index.js
MODULE 45160: looking for ["C:\\Users\\Daniel\\Documents\\projects\\SyncClassroom\\repos\\ai-editor\\node_modules\\parse-json"]
MODULE 45160: load "C:\\Users\\Daniel\\Documents\\projects\\SyncClassroom\\repos\\ai-editor\\node_modules\\parse-json\\vendor\\parse.js" for module "C:\\Users\\Daniel\\Documents\\projects\\SyncClassroom\\repos\\ai-editor\\node_modules\\parse-json\\vendor\\parse.js"
MODULE 45160: Module._load REQUEST ./unicode parent: C:\Users\Daniel\Documents\projects\SyncClassroom\repos\ai-editor\node_modules\parse-json\vendor\parse.js
MODULE 45160: RELATIVE: requested: ./unicode from parent.id C:\Users\Daniel\Documents\projects\SyncClassroom\repos\ai-editor\node_modules\parse-json\vendor\parse.js
MODULE 45160: looking for ["C:\\Users\\Daniel\\Documents\\projects\\SyncClassroom\\repos\\ai-editor\\node_modules\\parse-json\\vendor"]
MODULE 45160: load "C:\\Users\\Daniel\\Documents\\projects\\SyncClassroom\\repos\\ai-editor\\node_modules\\parse-json\\vendor\\unicode.js" for module "C:\\Users\\Daniel\\Documents\\projects\\SyncClassroom\\repos\\ai-editor\\node_modules\\parse-json\\vendor\\unicode.js"
MODULE 45160: Module._load REQUEST pinkie-promise parent: C:\Users\Daniel\Documents\projects\SyncClassroom\repos\ai-editor\node_modules\load-json-file\index.js
MODULE 45160: looking for "pinkie-promise" in ["C:\\Users\\Daniel\\Documents\\projects\\SyncClassroom\\repos\\ai-editor\\node_modules\\load-json-file\\node_modules","C:\\Users\\Daniel\\Documents\\projects\\SyncClassroom\\repos\\ai-editor\\node_modules","C:\\Users\\Daniel\\Documents\\projects\\SyncClassroom\\repos\\node_modules","C:\\Users\\Daniel\\Documents\\projects\\SyncClassroom\\node_modules","C:\\Users\\Daniel\\Documents\\projects\\node_modules","C:\\Users\\Daniel\\Documents\\node_modules","C:\\Users\\Daniel\\node_modules","C:\\Users\\node_modules","C:\\node_modules","C:\\Users\\Daniel\\.node_modules","C:\\Users\\Daniel\\.node_libraries","C:\\nvm4w\\nodejs\\lib\\node"]
MODULE 45160: Module._load REQUEST pify parent: C:\Users\Daniel\Documents\projects\SyncClassroom\repos\ai-editor\node_modules\load-json-file\index.js
MODULE 45160: looking for "pify" in ["C:\\Users\\Daniel\\Documents\\projects\\SyncClassroom\\repos\\ai-editor\\node_modules\\load-json-file\\node_modules","C:\\Users\\Daniel\\Documents\\projects\\SyncClassroom\\repos\\ai-editor\\node_modules","C:\\Users\\Daniel\\Documents\\projects\\SyncClassroom\\repos\\node_modules","C:\\Users\\Daniel\\Documents\\projects\\SyncClassroom\\node_modules","C:\\Users\\Daniel\\Documents\\projects\\node_modules","C:\\Users\\Daniel\\Documents\\node_modules","C:\\Users\\Daniel\\node_modules","C:\\Users\\node_modules","C:\\node_modules","C:\\Users\\Daniel\\.node_modules","C:\\Users\\Daniel\\.node_libraries","C:\\nvm4w\\nodejs\\lib\\node"]
MODULE 45160: load "C:\\Users\\Daniel\\Documents\\projects\\SyncClassroom\\repos\\ai-editor\\node_modules\\pify\\index.js" for module "C:\\Users\\Daniel\\Documents\\projects\\SyncClassroom\\repos\\ai-editor\\node_modules\\pify\\index.js"
MODULE 45160: Module._load REQUEST normalize-package-data parent: C:\Users\Daniel\Documents\projects\SyncClassroom\repos\ai-editor\node_modules\read-pkg\index.js
MODULE 45160: looking for "normalize-package-data" in ["C:\\Users\\Daniel\\Documents\\projects\\SyncClassroom\\repos\\ai-editor\\node_modules\\read-pkg\\node_modules","C:\\Users\\Daniel\\Documents\\projects\\SyncClassroom\\repos\\ai-editor\\node_modules","C:\\Users\\Daniel\\Documents\\projects\\SyncClassroom\\repos\\node_modules","C:\\Users\\Daniel\\Documents\\projects\\SyncClassroom\\node_modules","C:\\Users\\Daniel\\Documents\\projects\\node_modules","C:\\Users\\Daniel\\Documents\\node_modules","C:\\Users\\Daniel\\node_modules","C:\\Users\\node_modules","C:\\node_modules","C:\\Users\\Daniel\\.node_modules","C:\\Users\\Daniel\\.node_libraries","C:\\nvm4w\\nodejs\\lib\\node"]
MODULE 45160: load "C:\\Users\\Daniel\\Documents\\projects\\SyncClassroom\\repos\\ai-editor\\node_modules\\normalize-package-data\\lib\\normalize.js" for module "C:\\Users\\Daniel\\Documents\\projects\\SyncClassroom\\repos\\ai-editor\\node_modules\\normalize-package-data\\lib\\normalize.js"
MODULE 45160: Module._load REQUEST ./fixer parent: C:\Users\Daniel\Documents\projects\SyncClassroom\repos\ai-editor\node_modules\normalize-package-data\lib\normalize.js
MODULE 45160: RELATIVE: requested: ./fixer from parent.id C:\Users\Daniel\Documents\projects\SyncClassroom\repos\ai-editor\node_modules\normalize-package-data\lib\normalize.js
MODULE 45160: looking for ["C:\\Users\\Daniel\\Documents\\projects\\SyncClassroom\\repos\\ai-editor\\node_modules\\normalize-package-data\\lib"]
MODULE 45160: load "C:\\Users\\Daniel\\Documents\\projects\\SyncClassroom\\repos\\ai-editor\\node_modules\\normalize-package-data\\lib\\fixer.js" for module "C:\\Users\\Daniel\\Documents\\projects\\SyncClassroom\\repos\\ai-editor\\node_modules\\normalize-package-data\\lib\\fixer.js"
MODULE 45160: Module._load REQUEST semver parent: C:\Users\Daniel\Documents\projects\SyncClassroom\repos\ai-editor\node_modules\normalize-package-data\lib\fixer.js
MODULE 45160: looking for "semver" in ["C:\\Users\\Daniel\\Documents\\projects\\SyncClassroom\\repos\\ai-editor\\node_modules\\normalize-package-data\\lib\\node_modules","C:\\Users\\Daniel\\Documents\\projects\\SyncClassroom\\repos\\ai-editor\\node_modules\\normalize-package-data\\node_modules","C:\\Users\\Daniel\\Documents\\projects\\SyncClassroom\\repos\\ai-editor\\node_modules","C:\\Users\\Daniel\\Documents\\projects\\SyncClassroom\\repos\\node_modules","C:\\Users\\Daniel\\Documents\\projects\\SyncClassroom\\node_modules","C:\\Users\\Daniel\\Documents\\projects\\node_modules","C:\\Users\\Daniel\\Documents\\node_modules","C:\\Users\\Daniel\\node_modules","C:\\Users\\node_modules","C:\\node_modules","C:\\Users\\Daniel\\.node_modules","C:\\Users\\Daniel\\.node_libraries","C:\\nvm4w\\nodejs\\lib\\node"]
MODULE 45160: load "C:\\Users\\Daniel\\Documents\\projects\\SyncClassroom\\repos\\ai-editor\\node_modules\\normalize-package-data\\node_modules\\semver\\semver.js" for module "C:\\Users\\Daniel\\Documents\\projects\\SyncClassroom\\repos\\ai-editor\\node_modules\\normalize-package-data\\node_modules\\semver\\semver.js"
MODULE 45160: Module._load REQUEST validate-npm-package-license parent: C:\Users\Daniel\Documents\projects\SyncClassroom\repos\ai-editor\node_modules\normalize-package-data\lib\fixer.js
MODULE 45160: looking for "validate-npm-package-license" in ["C:\\Users\\Daniel\\Documents\\projects\\SyncClassroom\\repos\\ai-editor\\node_modules\\normalize-package-data\\lib\\node_modules","C:\\Users\\Daniel\\Documents\\projects\\SyncClassroom\\repos\\ai-editor\\node_modules\\normalize-package-data\\node_modules","C:\\Users\\Daniel\\Documents\\projects\\SyncClassroom\\repos\\ai-editor\\node_modules","C:\\Users\\Daniel\\Documents\\projects\\SyncClassroom\\repos\\node_modules","C:\\Users\\Daniel\\Documents\\projects\\SyncClassroom\\node_modules","C:\\Users\\Daniel\\Documents\\projects\\node_modules","C:\\Users\\Daniel\\Documents\\node_modules","C:\\Users\\Daniel\\node_modules","C:\\Users\\node_modules","C:\\node_modules","C:\\Users\\Daniel\\.node_modules","C:\\Users\\Daniel\\.node_libraries","C:\\nvm4w\\nodejs\\lib\\node"]
MODULE 45160: load "C:\\Users\\Daniel\\Documents\\projects\\SyncClassroom\\repos\\ai-editor\\node_modules\\validate-npm-package-license\\index.js" for module "C:\\Users\\Daniel\\Documents\\projects\\SyncClassroom\\repos\\ai-editor\\node_modules\\validate-npm-package-license\\index.js"
MODULE 45160: Module._load REQUEST spdx-expression-parse parent: C:\Users\Daniel\Documents\projects\SyncClassroom\repos\ai-editor\node_modules\validate-npm-package-license\index.js
MODULE 45160: looking for "spdx-expression-parse" in ["C:\\Users\\Daniel\\Documents\\projects\\SyncClassroom\\repos\\ai-editor\\node_modules\\validate-npm-package-license\\node_modules","C:\\Users\\Daniel\\Documents\\projects\\SyncClassroom\\repos\\ai-editor\\node_modules","C:\\Users\\Daniel\\Documents\\projects\\SyncClassroom\\repos\\node_modules","C:\\Users\\Daniel\\Documents\\projects\\SyncClassroom\\node_modules","C:\\Users\\Daniel\\Documents\\projects\\node_modules","C:\\Users\\Daniel\\Documents\\node_modules","C:\\Users\\Daniel\\node_modules","C:\\Users\\node_modules","C:\\node_modules","C:\\Users\\Daniel\\.node_modules","C:\\Users\\Daniel\\.node_libraries","C:\\nvm4w\\nodejs\\lib\\node"]
MODULE 45160: load "C:\\Users\\Daniel\\Documents\\projects\\SyncClassroom\\repos\\ai-editor\\node_modules\\spdx-expression-parse\\index.js" for module "C:\\Users\\Daniel\\Documents\\projects\\SyncClassroom\\repos\\ai-editor\\node_modules\\spdx-expression-parse\\index.js"
MODULE 45160: Module._load REQUEST ./scan parent: C:\Users\Daniel\Documents\projects\SyncClassroom\repos\ai-editor\node_modules\spdx-expression-parse\index.js
MODULE 45160: RELATIVE: requested: ./scan from parent.id C:\Users\Daniel\Documents\projects\SyncClassroom\repos\ai-editor\node_modules\spdx-expression-parse\index.js
MODULE 45160: looking for ["C:\\Users\\Daniel\\Documents\\projects\\SyncClassroom\\repos\\ai-editor\\node_modules\\spdx-expression-parse"]
MODULE 45160: load "C:\\Users\\Daniel\\Documents\\projects\\SyncClassroom\\repos\\ai-editor\\node_modules\\spdx-expression-parse\\scan.js" for module "C:\\Users\\Daniel\\Documents\\projects\\SyncClassroom\\repos\\ai-editor\\node_modules\\spdx-expression-parse\\scan.js"
MODULE 45160: Module._load REQUEST spdx-license-ids parent: C:\Users\Daniel\Documents\projects\SyncClassroom\repos\ai-editor\node_modules\spdx-expression-parse\scan.js
MODULE 45160: looking for "spdx-license-ids" in ["C:\\Users\\Daniel\\Documents\\projects\\SyncClassroom\\repos\\ai-editor\\node_modules\\spdx-expression-parse\\node_modules","C:\\Users\\Daniel\\Documents\\projects\\SyncClassroom\\repos\\ai-editor\\node_modules","C:\\Users\\Daniel\\Documents\\projects\\SyncClassroom\\repos\\node_modules","C:\\Users\\Daniel\\Documents\\projects\\SyncClassroom\\node_modules","C:\\Users\\Daniel\\Documents\\projects\\node_modules","C:\\Users\\Daniel\\Documents\\node_modules","C:\\Users\\Daniel\\node_modules","C:\\Users\\node_modules","C:\\node_modules","C:\\Users\\Daniel\\.node_modules","C:\\Users\\Daniel\\.node_libraries","C:\\nvm4w\\nodejs\\lib\\node"]
MODULE 45160: load "C:\\Users\\Daniel\\Documents\\projects\\SyncClassroom\\repos\\ai-editor\\node_modules\\spdx-license-ids\\index.json" for module "C:\\Users\\Daniel\\Documents\\projects\\SyncClassroom\\repos\\ai-editor\\node_modules\\spdx-license-ids\\index.json"
MODULE 45160: Module._load REQUEST spdx-license-ids/deprecated parent: C:\Users\Daniel\Documents\projects\SyncClassroom\repos\ai-editor\node_modules\spdx-expression-parse\scan.js
MODULE 45160: looking for "spdx-license-ids/deprecated" in ["C:\\Users\\Daniel\\Documents\\projects\\SyncClassroom\\repos\\ai-editor\\node_modules\\spdx-expression-parse\\node_modules","C:\\Users\\Daniel\\Documents\\projects\\SyncClassroom\\repos\\ai-editor\\node_modules","C:\\Users\\Daniel\\Documents\\projects\\SyncClassroom\\repos\\node_modules","C:\\Users\\Daniel\\Documents\\projects\\SyncClassroom\\node_modules","C:\\Users\\Daniel\\Documents\\projects\\node_modules","C:\\Users\\Daniel\\Documents\\node_modules","C:\\Users\\Daniel\\node_modules","C:\\Users\\node_modules","C:\\node_modules","C:\\Users\\Daniel\\.node_modules","C:\\Users\\Daniel\\.node_libraries","C:\\nvm4w\\nodejs\\lib\\node"]
MODULE 45160: load "C:\\Users\\Daniel\\Documents\\projects\\SyncClassroom\\repos\\ai-editor\\node_modules\\spdx-license-ids\\deprecated.json" for module "C:\\Users\\Daniel\\Documents\\projects\\SyncClassroom\\repos\\ai-editor\\node_modules\\spdx-license-ids\\deprecated.json"
MODULE 45160: Module._load REQUEST spdx-exceptions parent: C:\Users\Daniel\Documents\projects\SyncClassroom\repos\ai-editor\node_modules\spdx-expression-parse\scan.js
MODULE 45160: looking for "spdx-exceptions" in ["C:\\Users\\Daniel\\Documents\\projects\\SyncClassroom\\repos\\ai-editor\\node_modules\\spdx-expression-parse\\node_modules","C:\\Users\\Daniel\\Documents\\projects\\SyncClassroom\\repos\\ai-editor\\node_modules","C:\\Users\\Daniel\\Documents\\projects\\SyncClassroom\\repos\\node_modules","C:\\Users\\Daniel\\Documents\\projects\\SyncClassroom\\node_modules","C:\\Users\\Daniel\\Documents\\projects\\node_modules","C:\\Users\\Daniel\\Documents\\node_modules","C:\\Users\\Daniel\\node_modules","C:\\Users\\node_modules","C:\\node_modules","C:\\Users\\Daniel\\.node_modules","C:\\Users\\Daniel\\.node_libraries","C:\\nvm4w\\nodejs\\lib\\node"]
MODULE 45160: load "C:\\Users\\Daniel\\Documents\\projects\\SyncClassroom\\repos\\ai-editor\\node_modules\\spdx-exceptions\\index.json" for module "C:\\Users\\Daniel\\Documents\\projects\\SyncClassroom\\repos\\ai-editor\\node_modules\\spdx-exceptions\\index.json"
MODULE 45160: Module._load REQUEST ./parse parent: C:\Users\Daniel\Documents\projects\SyncClassroom\repos\ai-editor\node_modules\spdx-expression-parse\index.js
MODULE 45160: RELATIVE: requested: ./parse from parent.id C:\Users\Daniel\Documents\projects\SyncClassroom\repos\ai-editor\node_modules\spdx-expression-parse\index.js
MODULE 45160: looking for ["C:\\Users\\Daniel\\Documents\\projects\\SyncClassroom\\repos\\ai-editor\\node_modules\\spdx-expression-parse"]
MODULE 45160: load "C:\\Users\\Daniel\\Documents\\projects\\SyncClassroom\\repos\\ai-editor\\node_modules\\spdx-expression-parse\\parse.js" for module "C:\\Users\\Daniel\\Documents\\projects\\SyncClassroom\\repos\\ai-editor\\node_modules\\spdx-expression-parse\\parse.js"
MODULE 45160: Module._load REQUEST spdx-correct parent: C:\Users\Daniel\Documents\projects\SyncClassroom\repos\ai-editor\node_modules\validate-npm-package-license\index.js
MODULE 45160: looking for "spdx-correct" in ["C:\\Users\\Daniel\\Documents\\projects\\SyncClassroom\\repos\\ai-editor\\node_modules\\validate-npm-package-license\\node_modules","C:\\Users\\Daniel\\Documents\\projects\\SyncClassroom\\repos\\ai-editor\\node_modules","C:\\Users\\Daniel\\Documents\\projects\\SyncClassroom\\repos\\node_modules","C:\\Users\\Daniel\\Documents\\projects\\SyncClassroom\\node_modules","C:\\Users\\Daniel\\Documents\\projects\\node_modules","C:\\Users\\Daniel\\Documents\\node_modules","C:\\Users\\Daniel\\node_modules","C:\\Users\\node_modules","C:\\node_modules","C:\\Users\\Daniel\\.node_modules","C:\\Users\\Daniel\\.node_libraries","C:\\nvm4w\\nodejs\\lib\\node"]
MODULE 45160: load "C:\\Users\\Daniel\\Documents\\projects\\SyncClassroom\\repos\\ai-editor\\node_modules\\spdx-correct\\index.js" for module "C:\\Users\\Daniel\\Documents\\projects\\SyncClassroom\\repos\\ai-editor\\node_modules\\spdx-correct\\index.js"
MODULE 45160: Module._load REQUEST spdx-expression-parse parent: C:\Users\Daniel\Documents\projects\SyncClassroom\repos\ai-editor\node_modules\spdx-correct\index.js
MODULE 45160: looking for "spdx-expression-parse" in ["C:\\Users\\Daniel\\Documents\\projects\\SyncClassroom\\repos\\ai-editor\\node_modules\\spdx-correct\\node_modules","C:\\Users\\Daniel\\Documents\\projects\\SyncClassroom\\repos\\ai-editor\\node_modules","C:\\Users\\Daniel\\Documents\\projects\\SyncClassroom\\repos\\node_modules","C:\\Users\\Daniel\\Documents\\projects\\SyncClassroom\\node_modules","C:\\Users\\Daniel\\Documents\\projects\\node_modules","C:\\Users\\Daniel\\Documents\\node_modules","C:\\Users\\Daniel\\node_modules","C:\\Users\\node_modules","C:\\node_modules","C:\\Users\\Daniel\\.node_modules","C:\\Users\\Daniel\\.node_libraries","C:\\nvm4w\\nodejs\\lib\\node"]
MODULE 45160: Module._load REQUEST spdx-license-ids parent: C:\Users\Daniel\Documents\projects\SyncClassroom\repos\ai-editor\node_modules\spdx-correct\index.js
MODULE 45160: looking for "spdx-license-ids" in ["C:\\Users\\Daniel\\Documents\\projects\\SyncClassroom\\repos\\ai-editor\\node_modules\\spdx-correct\\node_modules","C:\\Users\\Daniel\\Documents\\projects\\SyncClassroom\\repos\\ai-editor\\node_modules","C:\\Users\\Daniel\\Documents\\projects\\SyncClassroom\\repos\\node_modules","C:\\Users\\Daniel\\Documents\\projects\\SyncClassroom\\node_modules","C:\\Users\\Daniel\\Documents\\projects\\node_modules","C:\\Users\\Daniel\\Documents\\node_modules","C:\\Users\\Daniel\\node_modules","C:\\Users\\node_modules","C:\\node_modules","C:\\Users\\Daniel\\.node_modules","C:\\Users\\Daniel\\.node_libraries","C:\\nvm4w\\nodejs\\lib\\node"]
MODULE 45160: Module._load REQUEST hosted-git-info parent: C:\Users\Daniel\Documents\projects\SyncClassroom\repos\ai-editor\node_modules\normalize-package-data\lib\fixer.js
MODULE 45160: looking for "hosted-git-info" in ["C:\\Users\\Daniel\\Documents\\projects\\SyncClassroom\\repos\\ai-editor\\node_modules\\normalize-package-data\\lib\\node_modules","C:\\Users\\Daniel\\Documents\\projects\\SyncClassroom\\repos\\ai-editor\\node_modules\\normalize-package-data\\node_modules","C:\\Users\\Daniel\\Documents\\projects\\SyncClassroom\\repos\\ai-editor\\node_modules","C:\\Users\\Daniel\\Documents\\projects\\SyncClassroom\\repos\\node_modules","C:\\Users\\Daniel\\Documents\\projects\\SyncClassroom\\node_modules","C:\\Users\\Daniel\\Documents\\projects\\node_modules","C:\\Users\\Daniel\\Documents\\node_modules","C:\\Users\\Daniel\\node_modules","C:\\Users\\node_modules","C:\\node_modules","C:\\Users\\Daniel\\.node_modules","C:\\Users\\Daniel\\.node_libraries","C:\\nvm4w\\nodejs\\lib\\node"]
MODULE 45160: load "C:\\Users\\Daniel\\Documents\\projects\\SyncClassroom\\repos\\ai-editor\\node_modules\\hosted-git-info\\index.js" for module "C:\\Users\\Daniel\\Documents\\projects\\SyncClassroom\\repos\\ai-editor\\node_modules\\hosted-git-info\\index.js"
MODULE 45160: Module._load REQUEST url parent: C:\Users\Daniel\Documents\projects\SyncClassroom\repos\ai-editor\node_modules\hosted-git-info\index.js
MODULE 45160: load built-in module url
MODULE 45160: Module._load REQUEST ./git-host-info.js parent: C:\Users\Daniel\Documents\projects\SyncClassroom\repos\ai-editor\node_modules\hosted-git-info\index.js
MODULE 45160: RELATIVE: requested: ./git-host-info.js from parent.id C:\Users\Daniel\Documents\projects\SyncClassroom\repos\ai-editor\node_modules\hosted-git-info\index.js
MODULE 45160: looking for ["C:\\Users\\Daniel\\Documents\\projects\\SyncClassroom\\repos\\ai-editor\\node_modules\\hosted-git-info"]
MODULE 45160: load "C:\\Users\\Daniel\\Documents\\projects\\SyncClassroom\\repos\\ai-editor\\node_modules\\hosted-git-info\\git-host-info.js" for module "C:\\Users\\Daniel\\Documents\\projects\\SyncClassroom\\repos\\ai-editor\\node_modules\\hosted-git-info\\git-host-info.js"
MODULE 45160: Module._load REQUEST ./git-host.js parent: C:\Users\Daniel\Documents\projects\SyncClassroom\repos\ai-editor\node_modules\hosted-git-info\index.js
MODULE 45160: RELATIVE: requested: ./git-host.js from parent.id C:\Users\Daniel\Documents\projects\SyncClassroom\repos\ai-editor\node_modules\hosted-git-info\index.js
MODULE 45160: looking for ["C:\\Users\\Daniel\\Documents\\projects\\SyncClassroom\\repos\\ai-editor\\node_modules\\hosted-git-info"]
MODULE 45160: load "C:\\Users\\Daniel\\Documents\\projects\\SyncClassroom\\repos\\ai-editor\\node_modules\\hosted-git-info\\git-host.js" for module "C:\\Users\\Daniel\\Documents\\projects\\SyncClassroom\\repos\\ai-editor\\node_modules\\hosted-git-info\\git-host.js"
MODULE 45160: Module._load REQUEST ./git-host-info.js parent: C:\Users\Daniel\Documents\projects\SyncClassroom\repos\ai-editor\node_modules\hosted-git-info\git-host.js
MODULE 45160: Module._load REQUEST resolve parent: C:\Users\Daniel\Documents\projects\SyncClassroom\repos\ai-editor\node_modules\normalize-package-data\lib\fixer.js
MODULE 45160: looking for "resolve" in ["C:\\Users\\Daniel\\Documents\\projects\\SyncClassroom\\repos\\ai-editor\\node_modules\\normalize-package-data\\lib\\node_modules","C:\\Users\\Daniel\\Documents\\projects\\SyncClassroom\\repos\\ai-editor\\node_modules\\normalize-package-data\\node_modules","C:\\Users\\Daniel\\Documents\\projects\\SyncClassroom\\repos\\ai-editor\\node_modules","C:\\Users\\Daniel\\Documents\\projects\\SyncClassroom\\repos\\node_modules","C:\\Users\\Daniel\\Documents\\projects\\SyncClassroom\\node_modules","C:\\Users\\Daniel\\Documents\\projects\\node_modules","C:\\Users\\Daniel\\Documents\\node_modules","C:\\Users\\Daniel\\node_modules","C:\\Users\\node_modules","C:\\node_modules","C:\\Users\\Daniel\\.node_modules","C:\\Users\\Daniel\\.node_libraries","C:\\nvm4w\\nodejs\\lib\\node"]
MODULE 45160: Module._load REQUEST ./extract_description parent: C:\Users\Daniel\Documents\projects\SyncClassroom\repos\ai-editor\node_modules\normalize-package-data\lib\fixer.js
MODULE 45160: RELATIVE: requested: ./extract_description from parent.id C:\Users\Daniel\Documents\projects\SyncClassroom\repos\ai-editor\node_modules\normalize-package-data\lib\fixer.js
MODULE 45160: looking for ["C:\\Users\\Daniel\\Documents\\projects\\SyncClassroom\\repos\\ai-editor\\node_modules\\normalize-package-data\\lib"]
MODULE 45160: load "C:\\Users\\Daniel\\Documents\\projects\\SyncClassroom\\repos\\ai-editor\\node_modules\\normalize-package-data\\lib\\extract_description.js" for module "C:\\Users\\Daniel\\Documents\\projects\\SyncClassroom\\repos\\ai-editor\\node_modules\\normalize-package-data\\lib\\extract_description.js"
MODULE 45160: Module._load REQUEST url parent: C:\Users\Daniel\Documents\projects\SyncClassroom\repos\ai-editor\node_modules\normalize-package-data\lib\fixer.js
MODULE 45160: load built-in module url
MODULE 45160: Module._load REQUEST ./typos.json parent: C:\Users\Daniel\Documents\projects\SyncClassroom\repos\ai-editor\node_modules\normalize-package-data\lib\fixer.js
MODULE 45160: RELATIVE: requested: ./typos.json from parent.id C:\Users\Daniel\Documents\projects\SyncClassroom\repos\ai-editor\node_modules\normalize-package-data\lib\fixer.js
MODULE 45160: looking for ["C:\\Users\\Daniel\\Documents\\projects\\SyncClassroom\\repos\\ai-editor\\node_modules\\normalize-package-data\\lib"]
MODULE 45160: load "C:\\Users\\Daniel\\Documents\\projects\\SyncClassroom\\repos\\ai-editor\\node_modules\\normalize-package-data\\lib\\typos.json" for module "C:\\Users\\Daniel\\Documents\\projects\\SyncClassroom\\repos\\ai-editor\\node_modules\\normalize-package-data\\lib\\typos.json"
MODULE 45160: Module._load REQUEST ./make_warning parent: C:\Users\Daniel\Documents\projects\SyncClassroom\repos\ai-editor\node_modules\normalize-package-data\lib\normalize.js
MODULE 45160: RELATIVE: requested: ./make_warning from parent.id C:\Users\Daniel\Documents\projects\SyncClassroom\repos\ai-editor\node_modules\normalize-package-data\lib\normalize.js
MODULE 45160: looking for ["C:\\Users\\Daniel\\Documents\\projects\\SyncClassroom\\repos\\ai-editor\\node_modules\\normalize-package-data\\lib"]
MODULE 45160: load "C:\\Users\\Daniel\\Documents\\projects\\SyncClassroom\\repos\\ai-editor\\node_modules\\normalize-package-data\\lib\\make_warning.js" for module "C:\\Users\\Daniel\\Documents\\projects\\SyncClassroom\\repos\\ai-editor\\node_modules\\normalize-package-data\\lib\\make_warning.js"
MODULE 45160: Module._load REQUEST util parent: C:\Users\Daniel\Documents\projects\SyncClassroom\repos\ai-editor\node_modules\normalize-package-data\lib\make_warning.js
MODULE 45160: load built-in module util
MODULE 45160: Module._load REQUEST ./warning_messages.json parent: C:\Users\Daniel\Documents\projects\SyncClassroom\repos\ai-editor\node_modules\normalize-package-data\lib\make_warning.js
MODULE 45160: RELATIVE: requested: ./warning_messages.json from parent.id C:\Users\Daniel\Documents\projects\SyncClassroom\repos\ai-editor\node_modules\normalize-package-data\lib\make_warning.js
MODULE 45160: looking for ["C:\\Users\\Daniel\\Documents\\projects\\SyncClassroom\\repos\\ai-editor\\node_modules\\normalize-package-data\\lib"]
MODULE 45160: load "C:\\Users\\Daniel\\Documents\\projects\\SyncClassroom\\repos\\ai-editor\\node_modules\\normalize-package-data\\lib\\warning_messages.json" for module "C:\\Users\\Daniel\\Documents\\projects\\SyncClassroom\\repos\\ai-editor\\node_modules\\normalize-package-data\\lib\\warning_messages.json"
MODULE 45160: Module._load REQUEST path-type parent: C:\Users\Daniel\Documents\projects\SyncClassroom\repos\ai-editor\node_modules\read-pkg\index.js
MODULE 45160: looking for "path-type" in ["C:\\Users\\Daniel\\Documents\\projects\\SyncClassroom\\repos\\ai-editor\\node_modules\\read-pkg\\node_modules","C:\\Users\\Daniel\\Documents\\projects\\SyncClassroom\\repos\\ai-editor\\node_modules","C:\\Users\\Daniel\\Documents\\projects\\SyncClassroom\\repos\\node_modules","C:\\Users\\Daniel\\Documents\\projects\\SyncClassroom\\node_modules","C:\\Users\\Daniel\\Documents\\projects\\node_modules","C:\\Users\\Daniel\\Documents\\node_modules","C:\\Users\\Daniel\\node_modules","C:\\Users\\node_modules","C:\\node_modules","C:\\Users\\Daniel\\.node_modules","C:\\Users\\Daniel\\.node_libraries","C:\\nvm4w\\nodejs\\lib\\node"]
MODULE 45160: load "C:\\Users\\Daniel\\Documents\\projects\\SyncClassroom\\repos\\ai-editor\\node_modules\\path-type\\index.js" for module "C:\\Users\\Daniel\\Documents\\projects\\SyncClassroom\\repos\\ai-editor\\node_modules\\path-type\\index.js"
MODULE 45160: Module._load REQUEST graceful-fs parent: C:\Users\Daniel\Documents\projects\SyncClassroom\repos\ai-editor\node_modules\path-type\index.js
MODULE 45160: looking for "graceful-fs" in ["C:\\Users\\Daniel\\Documents\\projects\\SyncClassroom\\repos\\ai-editor\\node_modules\\path-type\\node_modules","C:\\Users\\Daniel\\Documents\\projects\\SyncClassroom\\repos\\ai-editor\\node_modules","C:\\Users\\Daniel\\Documents\\projects\\SyncClassroom\\repos\\node_modules","C:\\Users\\Daniel\\Documents\\projects\\SyncClassroom\\node_modules","C:\\Users\\Daniel\\Documents\\projects\\node_modules","C:\\Users\\Daniel\\Documents\\node_modules","C:\\Users\\Daniel\\node_modules","C:\\Users\\node_modules","C:\\node_modules","C:\\Users\\Daniel\\.node_modules","C:\\Users\\Daniel\\.node_libraries","C:\\nvm4w\\nodejs\\lib\\node"]
MODULE 45160: Module._load REQUEST pinkie-promise parent: C:\Users\Daniel\Documents\projects\SyncClassroom\repos\ai-editor\node_modules\path-type\index.js
MODULE 45160: looking for "pinkie-promise" in ["C:\\Users\\Daniel\\Documents\\projects\\SyncClassroom\\repos\\ai-editor\\node_modules\\path-type\\node_modules","C:\\Users\\Daniel\\Documents\\projects\\SyncClassroom\\repos\\ai-editor\\node_modules","C:\\Users\\Daniel\\Documents\\projects\\SyncClassroom\\repos\\node_modules","C:\\Users\\Daniel\\Documents\\projects\\SyncClassroom\\node_modules","C:\\Users\\Daniel\\Documents\\projects\\node_modules","C:\\Users\\Daniel\\Documents\\node_modules","C:\\Users\\Daniel\\node_modules","C:\\Users\\node_modules","C:\\node_modules","C:\\Users\\Daniel\\.node_modules","C:\\Users\\Daniel\\.node_libraries","C:\\nvm4w\\nodejs\\lib\\node"]
MODULE 45160: Module._load REQUEST pify parent: C:\Users\Daniel\Documents\projects\SyncClassroom\repos\ai-editor\node_modules\path-type\index.js
MODULE 45160: looking for "pify" in ["C:\\Users\\Daniel\\Documents\\projects\\SyncClassroom\\repos\\ai-editor\\node_modules\\path-type\\node_modules","C:\\Users\\Daniel\\Documents\\projects\\SyncClassroom\\repos\\ai-editor\\node_modules","C:\\Users\\Daniel\\Documents\\projects\\SyncClassroom\\repos\\node_modules","C:\\Users\\Daniel\\Documents\\projects\\SyncClassroom\\node_modules","C:\\Users\\Daniel\\Documents\\projects\\node_modules","C:\\Users\\Daniel\\Documents\\node_modules","C:\\Users\\Daniel\\node_modules","C:\\Users\\node_modules","C:\\node_modules","C:\\Users\\Daniel\\.node_modules","C:\\Users\\Daniel\\.node_libraries","C:\\nvm4w\\nodejs\\lib\\node"]
MODULE 45160: Module._load REQUEST require-main-filename parent: C:\Users\Daniel\Documents\projects\SyncClassroom\repos\ai-editor\node_modules\gulp-cli\node_modules\yargs\yargs.js
MODULE 45160: looking for "require-main-filename" in ["C:\\Users\\Daniel\\Documents\\projects\\SyncClassroom\\repos\\ai-editor\\node_modules\\gulp-cli\\node_modules\\yargs\\node_modules","C:\\Users\\Daniel\\Documents\\projects\\SyncClassroom\\repos\\ai-editor\\node_modules\\gulp-cli\\node_modules","C:\\Users\\Daniel\\Documents\\projects\\SyncClassroom\\repos\\ai-editor\\node_modules","C:\\Users\\Daniel\\Documents\\projects\\SyncClassroom\\repos\\node_modules","C:\\Users\\Daniel\\Documents\\projects\\SyncClassroom\\node_modules","C:\\Users\\Daniel\\Documents\\projects\\node_modules","C:\\Users\\Daniel\\Documents\\node_modules","C:\\Users\\Daniel\\node_modules","C:\\Users\\node_modules","C:\\node_modules","C:\\Users\\Daniel\\.node_modules","C:\\Users\\Daniel\\.node_libraries","C:\\nvm4w\\nodejs\\lib\\node"]
MODULE 45160: load "C:\\Users\\Daniel\\Documents\\projects\\SyncClassroom\\repos\\ai-editor\\node_modules\\require-main-filename\\index.js" for module "C:\\Users\\Daniel\\Documents\\projects\\SyncClassroom\\repos\\ai-editor\\node_modules\\require-main-filename\\index.js"
MODULE 45160: Module._load REQUEST os-locale parent: C:\Users\Daniel\Documents\projects\SyncClassroom\repos\ai-editor\node_modules\gulp-cli\node_modules\yargs\yargs.js
MODULE 45160: looking for "os-locale" in ["C:\\Users\\Daniel\\Documents\\projects\\SyncClassroom\\repos\\ai-editor\\node_modules\\gulp-cli\\node_modules\\yargs\\node_modules","C:\\Users\\Daniel\\Documents\\projects\\SyncClassroom\\repos\\ai-editor\\node_modules\\gulp-cli\\node_modules","C:\\Users\\Daniel\\Documents\\projects\\SyncClassroom\\repos\\ai-editor\\node_modules","C:\\Users\\Daniel\\Documents\\projects\\SyncClassroom\\repos\\node_modules","C:\\Users\\Daniel\\Documents\\projects\\SyncClassroom\\node_modules","C:\\Users\\Daniel\\Documents\\projects\\node_modules","C:\\Users\\Daniel\\Documents\\node_modules","C:\\Users\\Daniel\\node_modules","C:\\Users\\node_modules","C:\\node_modules","C:\\Users\\Daniel\\.node_modules","C:\\Users\\Daniel\\.node_libraries","C:\\nvm4w\\nodejs\\lib\\node"]
MODULE 45160: load "C:\\Users\\Daniel\\Documents\\projects\\SyncClassroom\\repos\\ai-editor\\node_modules\\os-locale\\index.js" for module "C:\\Users\\Daniel\\Documents\\projects\\SyncClassroom\\repos\\ai-editor\\node_modules\\os-locale\\index.js"
MODULE 45160: Module._load REQUEST child_process parent: C:\Users\Daniel\Documents\projects\SyncClassroom\repos\ai-editor\node_modules\os-locale\index.js
MODULE 45160: load built-in module child_process
MODULE 45160: Module._load REQUEST lcid parent: C:\Users\Daniel\Documents\projects\SyncClassroom\repos\ai-editor\node_modules\os-locale\index.js
MODULE 45160: looking for "lcid" in ["C:\\Users\\Daniel\\Documents\\projects\\SyncClassroom\\repos\\ai-editor\\node_modules\\os-locale\\node_modules","C:\\Users\\Daniel\\Documents\\projects\\SyncClassroom\\repos\\ai-editor\\node_modules","C:\\Users\\Daniel\\Documents\\projects\\SyncClassroom\\repos\\node_modules","C:\\Users\\Daniel\\Documents\\projects\\SyncClassroom\\node_modules","C:\\Users\\Daniel\\Documents\\projects\\node_modules","C:\\Users\\Daniel\\Documents\\node_modules","C:\\Users\\Daniel\\node_modules","C:\\Users\\node_modules","C:\\node_modules","C:\\Users\\Daniel\\.node_modules","C:\\Users\\Daniel\\.node_libraries","C:\\nvm4w\\nodejs\\lib\\node"]
MODULE 45160: load "C:\\Users\\Daniel\\Documents\\projects\\SyncClassroom\\repos\\ai-editor\\node_modules\\lcid\\index.js" for module "C:\\Users\\Daniel\\Documents\\projects\\SyncClassroom\\repos\\ai-editor\\node_modules\\lcid\\index.js"
MODULE 45160: Module._load REQUEST invert-kv parent: C:\Users\Daniel\Documents\projects\SyncClassroom\repos\ai-editor\node_modules\lcid\index.js
MODULE 45160: looking for "invert-kv" in ["C:\\Users\\Daniel\\Documents\\projects\\SyncClassroom\\repos\\ai-editor\\node_modules\\lcid\\node_modules","C:\\Users\\Daniel\\Documents\\projects\\SyncClassroom\\repos\\ai-editor\\node_modules","C:\\Users\\Daniel\\Documents\\projects\\SyncClassroom\\repos\\node_modules","C:\\Users\\Daniel\\Documents\\projects\\SyncClassroom\\node_modules","C:\\Users\\Daniel\\Documents\\projects\\node_modules","C:\\Users\\Daniel\\Documents\\node_modules","C:\\Users\\Daniel\\node_modules","C:\\Users\\node_modules","C:\\node_modules","C:\\Users\\Daniel\\.node_modules","C:\\Users\\Daniel\\.node_libraries","C:\\nvm4w\\nodejs\\lib\\node"]
MODULE 45160: load "C:\\Users\\Daniel\\Documents\\projects\\SyncClassroom\\repos\\ai-editor\\node_modules\\invert-kv\\index.js" for module "C:\\Users\\Daniel\\Documents\\projects\\SyncClassroom\\repos\\ai-editor\\node_modules\\invert-kv\\index.js"
MODULE 45160: Module._load REQUEST ./lcid.json parent: C:\Users\Daniel\Documents\projects\SyncClassroom\repos\ai-editor\node_modules\lcid\index.js
MODULE 45160: RELATIVE: requested: ./lcid.json from parent.id C:\Users\Daniel\Documents\projects\SyncClassroom\repos\ai-editor\node_modules\lcid\index.js
MODULE 45160: looking for ["C:\\Users\\Daniel\\Documents\\projects\\SyncClassroom\\repos\\ai-editor\\node_modules\\lcid"]
MODULE 45160: load "C:\\Users\\Daniel\\Documents\\projects\\SyncClassroom\\repos\\ai-editor\\node_modules\\lcid\\lcid.json" for module "C:\\Users\\Daniel\\Documents\\projects\\SyncClassroom\\repos\\ai-editor\\node_modules\\lcid\\lcid.json"
MODULE 45160: Module._load REQUEST C:\Users\Daniel\Documents\projects\SyncClassroom\repos\ai-editor\node_modules\gulp\package.json parent: C:\Users\Daniel\Documents\projects\SyncClassroom\repos\ai-editor\node_modules\liftoff\lib\silent_require.js
MODULE 45160: looking for "C:\\Users\\Daniel\\Documents\\projects\\SyncClassroom\\repos\\ai-editor\\node_modules\\gulp\\package.json" in ["C:\\Users\\Daniel\\Documents\\projects\\SyncClassroom\\repos\\ai-editor\\node_modules\\liftoff\\lib\\node_modules","C:\\Users\\Daniel\\Documents\\projects\\SyncClassroom\\repos\\ai-editor\\node_modules\\liftoff\\node_modules","C:\\Users\\Daniel\\Documents\\projects\\SyncClassroom\\repos\\ai-editor\\node_modules","C:\\Users\\Daniel\\Documents\\projects\\SyncClassroom\\repos\\node_modules","C:\\Users\\Daniel\\Documents\\projects\\SyncClassroom\\node_modules","C:\\Users\\Daniel\\Documents\\projects\\node_modules","C:\\Users\\Daniel\\Documents\\node_modules","C:\\Users\\Daniel\\node_modules","C:\\Users\\node_modules","C:\\node_modules","C:\\Users\\Daniel\\.node_modules","C:\\Users\\Daniel\\.node_libraries","C:\\nvm4w\\nodejs\\lib\\node"]
MODULE 45160: load "C:\\Users\\Daniel\\Documents\\projects\\SyncClassroom\\repos\\ai-editor\\node_modules\\gulp\\package.json" for module "C:\\Users\\Daniel\\Documents\\projects\\SyncClassroom\\repos\\ai-editor\\node_modules\\gulp\\package.json"
MODULE 45160: Module._load REQUEST C:\Users\Daniel\AppData\Local\js-v8flags\.v8flags-2-12.4.254.21-node.35.262031397020fd8df478ec13b4b096c5.json parent: C:\Users\Daniel\Documents\projects\SyncClassroom\repos\ai-editor\node_modules\v8flags\index.js
MODULE 45160: looking for "C:\\Users\\Daniel\\AppData\\Local\\js-v8flags\\.v8flags-2-12.4.254.21-node.35.262031397020fd8df478ec13b4b096c5.json" in ["C:\\Users\\Daniel\\Documents\\projects\\SyncClassroom\\repos\\ai-editor\\node_modules\\v8flags\\node_modules","C:\\Users\\Daniel\\Documents\\projects\\SyncClassroom\\repos\\ai-editor\\node_modules","C:\\Users\\Daniel\\Documents\\projects\\SyncClassroom\\repos\\node_modules","C:\\Users\\Daniel\\Documents\\projects\\SyncClassroom\\node_modules","C:\\Users\\Daniel\\Documents\\projects\\node_modules","C:\\Users\\Daniel\\Documents\\node_modules","C:\\Users\\Daniel\\node_modules","C:\\Users\\node_modules","C:\\node_modules","C:\\Users\\Daniel\\.node_modules","C:\\Users\\Daniel\\.node_libraries","C:\\nvm4w\\nodejs\\lib\\node"]
MODULE 45160: load "C:\\Users\\Daniel\\AppData\\Local\\js-v8flags\\.v8flags-2-12.4.254.21-node.35.262031397020fd8df478ec13b4b096c5.json" for module "C:\\Users\\Daniel\\AppData\\Local\\js-v8flags\\.v8flags-2-12.4.254.21-node.35.262031397020fd8df478ec13b4b096c5.json"
MODULE 45160: Module._load REQUEST C:\Users\Daniel\Documents\projects\SyncClassroom\repos\ai-editor\node_modules\interpret\mjs-stub.js parent: C:\Users\Daniel\Documents\projects\SyncClassroom\repos\ai-editor\node_modules\rechoir\lib\register.js
MODULE 45160: looking for "C:\\Users\\Daniel\\Documents\\projects\\SyncClassroom\\repos\\ai-editor\\node_modules\\interpret\\mjs-stub.js" in ["C:\\Users\\Daniel\\Documents\\projects\\SyncClassroom\\repos\\ai-editor\\node_modules\\rechoir\\lib\\node_modules","C:\\Users\\Daniel\\Documents\\projects\\SyncClassroom\\repos\\ai-editor\\node_modules\\rechoir\\node_modules","C:\\Users\\Daniel\\Documents\\projects\\SyncClassroom\\repos\\ai-editor\\node_modules","C:\\Users\\Daniel\\Documents\\projects\\SyncClassroom\\repos\\node_modules","C:\\Users\\Daniel\\Documents\\projects\\SyncClassroom\\node_modules","C:\\Users\\Daniel\\Documents\\projects\\node_modules","C:\\Users\\Daniel\\Documents\\node_modules","C:\\Users\\Daniel\\node_modules","C:\\Users\\node_modules","C:\\node_modules","C:\\Users\\Daniel\\.node_modules","C:\\Users\\Daniel\\.node_libraries","C:\\nvm4w\\nodejs\\lib\\node"]
MODULE 45160: load "C:\\Users\\Daniel\\Documents\\projects\\SyncClassroom\\repos\\ai-editor\\node_modules\\interpret\\mjs-stub.js" for module "C:\\Users\\Daniel\\Documents\\projects\\SyncClassroom\\repos\\ai-editor\\node_modules\\interpret\\mjs-stub.js"
MODULE 45160: Module._load REQUEST C:\Users\Daniel\Documents\projects\SyncClassroom\repos\ai-editor\node_modules\gulp-cli\lib\versioned\^4.0.0\ parent: C:\Users\Daniel\Documents\projects\SyncClassroom\repos\ai-editor\node_modules\gulp-cli\index.js
MODULE 45160: looking for "C:\\Users\\Daniel\\Documents\\projects\\SyncClassroom\\repos\\ai-editor\\node_modules\\gulp-cli\\lib\\versioned\\^4.0.0\\" in ["C:\\Users\\Daniel\\Documents\\projects\\SyncClassroom\\repos\\ai-editor\\node_modules\\gulp-cli\\node_modules","C:\\Users\\Daniel\\Documents\\projects\\SyncClassroom\\repos\\ai-editor\\node_modules","C:\\Users\\Daniel\\Documents\\projects\\SyncClassroom\\repos\\node_modules","C:\\Users\\Daniel\\Documents\\projects\\SyncClassroom\\node_modules","C:\\Users\\Daniel\\Documents\\projects\\node_modules","C:\\Users\\Daniel\\Documents\\node_modules","C:\\Users\\Daniel\\node_modules","C:\\Users\\node_modules","C:\\node_modules","C:\\Users\\Daniel\\.node_modules","C:\\Users\\Daniel\\.node_libraries","C:\\nvm4w\\nodejs\\lib\\node"]
MODULE 45160: load "C:\\Users\\Daniel\\Documents\\projects\\SyncClassroom\\repos\\ai-editor\\node_modules\\gulp-cli\\lib\\versioned\\^4.0.0\\index.js" for module "C:\\Users\\Daniel\\Documents\\projects\\SyncClassroom\\repos\\ai-editor\\node_modules\\gulp-cli\\lib\\versioned\\^4.0.0\\index.js"
MODULE 45160: Module._load REQUEST fs parent: C:\Users\Daniel\Documents\projects\SyncClassroom\repos\ai-editor\node_modules\gulp-cli\lib\versioned\^4.0.0\index.js
MODULE 45160: load built-in module fs
MODULE 45160: Module._load REQUEST gulplog parent: C:\Users\Daniel\Documents\projects\SyncClassroom\repos\ai-editor\node_modules\gulp-cli\lib\versioned\^4.0.0\index.js
MODULE 45160: looking for "gulplog" in ["C:\\Users\\Daniel\\Documents\\projects\\SyncClassroom\\repos\\ai-editor\\node_modules\\gulp-cli\\lib\\versioned\\^4.0.0\\node_modules","C:\\Users\\Daniel\\Documents\\projects\\SyncClassroom\\repos\\ai-editor\\node_modules\\gulp-cli\\lib\\versioned\\node_modules","C:\\Users\\Daniel\\Documents\\projects\\SyncClassroom\\repos\\ai-editor\\node_modules\\gulp-cli\\lib\\node_modules","C:\\Users\\Daniel\\Documents\\projects\\SyncClassroom\\repos\\ai-editor\\node_modules\\gulp-cli\\node_modules","C:\\Users\\Daniel\\Documents\\projects\\SyncClassroom\\repos\\ai-editor\\node_modules","C:\\Users\\Daniel\\Documents\\projects\\SyncClassroom\\repos\\node_modules","C:\\Users\\Daniel\\Documents\\projects\\SyncClassroom\\node_modules","C:\\Users\\Daniel\\Documents\\projects\\node_modules","C:\\Users\\Daniel\\Documents\\node_modules","C:\\Users\\Daniel\\node_modules","C:\\Users\\node_modules","C:\\node_modules","C:\\Users\\Daniel\\.node_modules","C:\\Users\\Daniel\\.node_libraries","C:\\nvm4w\\nodejs\\lib\\node"]
MODULE 45160: Module._load REQUEST mute-stdout parent: C:\Users\Daniel\Documents\projects\SyncClassroom\repos\ai-editor\node_modules\gulp-cli\lib\versioned\^4.0.0\index.js
MODULE 45160: looking for "mute-stdout" in ["C:\\Users\\Daniel\\Documents\\projects\\SyncClassroom\\repos\\ai-editor\\node_modules\\gulp-cli\\lib\\versioned\\^4.0.0\\node_modules","C:\\Users\\Daniel\\Documents\\projects\\SyncClassroom\\repos\\ai-editor\\node_modules\\gulp-cli\\lib\\versioned\\node_modules","C:\\Users\\Daniel\\Documents\\projects\\SyncClassroom\\repos\\ai-editor\\node_modules\\gulp-cli\\lib\\node_modules","C:\\Users\\Daniel\\Documents\\projects\\SyncClassroom\\repos\\ai-editor\\node_modules\\gulp-cli\\node_modules","C:\\Users\\Daniel\\Documents\\projects\\SyncClassroom\\repos\\ai-editor\\node_modules","C:\\Users\\Daniel\\Documents\\projects\\SyncClassroom\\repos\\node_modules","C:\\Users\\Daniel\\Documents\\projects\\SyncClassroom\\node_modules","C:\\Users\\Daniel\\Documents\\projects\\node_modules","C:\\Users\\Daniel\\Documents\\node_modules","C:\\Users\\Daniel\\node_modules","C:\\Users\\node_modules","C:\\node_modules","C:\\Users\\Daniel\\.node_modules","C:\\Users\\Daniel\\.node_libraries","C:\\nvm4w\\nodejs\\lib\\node"]
MODULE 45160: load "C:\\Users\\Daniel\\Documents\\projects\\SyncClassroom\\repos\\ai-editor\\node_modules\\mute-stdout\\index.js" for module "C:\\Users\\Daniel\\Documents\\projects\\SyncClassroom\\repos\\ai-editor\\node_modules\\mute-stdout\\index.js"
MODULE 45160: Module._load REQUEST ../../shared/ansi parent: C:\Users\Daniel\Documents\projects\SyncClassroom\repos\ai-editor\node_modules\gulp-cli\lib\versioned\^4.0.0\index.js
MODULE 45160: RELATIVE: requested: ../../shared/ansi from parent.id C:\Users\Daniel\Documents\projects\SyncClassroom\repos\ai-editor\node_modules\gulp-cli\lib\versioned\^4.0.0\index.js
MODULE 45160: looking for ["C:\\Users\\Daniel\\Documents\\projects\\SyncClassroom\\repos\\ai-editor\\node_modules\\gulp-cli\\lib\\versioned\\^4.0.0"]
MODULE 45160: Module._load REQUEST ../../shared/exit parent: C:\Users\Daniel\Documents\projects\SyncClassroom\repos\ai-editor\node_modules\gulp-cli\lib\versioned\^4.0.0\index.js
MODULE 45160: RELATIVE: requested: ../../shared/exit from parent.id C:\Users\Daniel\Documents\projects\SyncClassroom\repos\ai-editor\node_modules\gulp-cli\lib\versioned\^4.0.0\index.js
MODULE 45160: looking for ["C:\\Users\\Daniel\\Documents\\projects\\SyncClassroom\\repos\\ai-editor\\node_modules\\gulp-cli\\lib\\versioned\\^4.0.0"]
MODULE 45160: Module._load REQUEST ../../shared/tildify parent: C:\Users\Daniel\Documents\projects\SyncClassroom\repos\ai-editor\node_modules\gulp-cli\lib\versioned\^4.0.0\index.js
MODULE 45160: RELATIVE: requested: ../../shared/tildify from parent.id C:\Users\Daniel\Documents\projects\SyncClassroom\repos\ai-editor\node_modules\gulp-cli\lib\versioned\^4.0.0\index.js
MODULE 45160: looking for ["C:\\Users\\Daniel\\Documents\\projects\\SyncClassroom\\repos\\ai-editor\\node_modules\\gulp-cli\\lib\\versioned\\^4.0.0"]
MODULE 45160: Module._load REQUEST ../../shared/log/tasks parent: C:\Users\Daniel\Documents\projects\SyncClassroom\repos\ai-editor\node_modules\gulp-cli\lib\versioned\^4.0.0\index.js
MODULE 45160: RELATIVE: requested: ../../shared/log/tasks from parent.id C:\Users\Daniel\Documents\projects\SyncClassroom\repos\ai-editor\node_modules\gulp-cli\lib\versioned\^4.0.0\index.js
MODULE 45160: looking for ["C:\\Users\\Daniel\\Documents\\projects\\SyncClassroom\\repos\\ai-editor\\node_modules\\gulp-cli\\lib\\versioned\\^4.0.0"]
MODULE 45160: load "C:\\Users\\Daniel\\Documents\\projects\\SyncClassroom\\repos\\ai-editor\\node_modules\\gulp-cli\\lib\\shared\\log\\tasks.js" for module "C:\\Users\\Daniel\\Documents\\projects\\SyncClassroom\\repos\\ai-editor\\node_modules\\gulp-cli\\lib\\shared\\log\\tasks.js"
MODULE 45160: Module._load REQUEST archy parent: C:\Users\Daniel\Documents\projects\SyncClassroom\repos\ai-editor\node_modules\gulp-cli\lib\shared\log\tasks.js
MODULE 45160: looking for "archy" in ["C:\\Users\\Daniel\\Documents\\projects\\SyncClassroom\\repos\\ai-editor\\node_modules\\gulp-cli\\lib\\shared\\log\\node_modules","C:\\Users\\Daniel\\Documents\\projects\\SyncClassroom\\repos\\ai-editor\\node_modules\\gulp-cli\\lib\\shared\\node_modules","C:\\Users\\Daniel\\Documents\\projects\\SyncClassroom\\repos\\ai-editor\\node_modules\\gulp-cli\\lib\\node_modules","C:\\Users\\Daniel\\Documents\\projects\\SyncClassroom\\repos\\ai-editor\\node_modules\\gulp-cli\\node_modules","C:\\Users\\Daniel\\Documents\\projects\\SyncClassroom\\repos\\ai-editor\\node_modules","C:\\Users\\Daniel\\Documents\\projects\\SyncClassroom\\repos\\node_modules","C:\\Users\\Daniel\\Documents\\projects\\SyncClassroom\\node_modules","C:\\Users\\Daniel\\Documents\\projects\\node_modules","C:\\Users\\Daniel\\Documents\\node_modules","C:\\Users\\Daniel\\node_modules","C:\\Users\\node_modules","C:\\node_modules","C:\\Users\\Daniel\\.node_modules","C:\\Users\\Daniel\\.node_libraries","C:\\nvm4w\\nodejs\\lib\\node"]
MODULE 45160: load "C:\\Users\\Daniel\\Documents\\projects\\SyncClassroom\\repos\\ai-editor\\node_modules\\archy\\index.js" for module "C:\\Users\\Daniel\\Documents\\projects\\SyncClassroom\\repos\\ai-editor\\node_modules\\archy\\index.js"
MODULE 45160: Module._load REQUEST gulplog parent: C:\Users\Daniel\Documents\projects\SyncClassroom\repos\ai-editor\node_modules\gulp-cli\lib\shared\log\tasks.js
MODULE 45160: looking for "gulplog" in ["C:\\Users\\Daniel\\Documents\\projects\\SyncClassroom\\repos\\ai-editor\\node_modules\\gulp-cli\\lib\\shared\\log\\node_modules","C:\\Users\\Daniel\\Documents\\projects\\SyncClassroom\\repos\\ai-editor\\node_modules\\gulp-cli\\lib\\shared\\node_modules","C:\\Users\\Daniel\\Documents\\projects\\SyncClassroom\\repos\\ai-editor\\node_modules\\gulp-cli\\lib\\node_modules","C:\\Users\\Daniel\\Documents\\projects\\SyncClassroom\\repos\\ai-editor\\node_modules\\gulp-cli\\node_modules","C:\\Users\\Daniel\\Documents\\projects\\SyncClassroom\\repos\\ai-editor\\node_modules","C:\\Users\\Daniel\\Documents\\projects\\SyncClassroom\\repos\\node_modules","C:\\Users\\Daniel\\Documents\\projects\\SyncClassroom\\node_modules","C:\\Users\\Daniel\\Documents\\projects\\node_modules","C:\\Users\\Daniel\\Documents\\node_modules","C:\\Users\\Daniel\\node_modules","C:\\Users\\node_modules","C:\\node_modules","C:\\Users\\Daniel\\.node_modules","C:\\Users\\Daniel\\.node_libraries","C:\\nvm4w\\nodejs\\lib\\node"]
MODULE 45160: Module._load REQUEST array-sort parent: C:\Users\Daniel\Documents\projects\SyncClassroom\repos\ai-editor\node_modules\gulp-cli\lib\shared\log\tasks.js
MODULE 45160: looking for "array-sort" in ["C:\\Users\\Daniel\\Documents\\projects\\SyncClassroom\\repos\\ai-editor\\node_modules\\gulp-cli\\lib\\shared\\log\\node_modules","C:\\Users\\Daniel\\Documents\\projects\\SyncClassroom\\repos\\ai-editor\\node_modules\\gulp-cli\\lib\\shared\\node_modules","C:\\Users\\Daniel\\Documents\\projects\\SyncClassroom\\repos\\ai-editor\\node_modules\\gulp-cli\\lib\\node_modules","C:\\Users\\Daniel\\Documents\\projects\\SyncClassroom\\repos\\ai-editor\\node_modules\\gulp-cli\\node_modules","C:\\Users\\Daniel\\Documents\\projects\\SyncClassroom\\repos\\ai-editor\\node_modules","C:\\Users\\Daniel\\Documents\\projects\\SyncClassroom\\repos\\node_modules","C:\\Users\\Daniel\\Documents\\projects\\SyncClassroom\\node_modules","C:\\Users\\Daniel\\Documents\\projects\\node_modules","C:\\Users\\Daniel\\Documents\\node_modules","C:\\Users\\Daniel\\node_modules","C:\\Users\\node_modules","C:\\node_modules","C:\\Users\\Daniel\\.node_modules","C:\\Users\\Daniel\\.node_libraries","C:\\nvm4w\\nodejs\\lib\\node"]
MODULE 45160: load "C:\\Users\\Daniel\\Documents\\projects\\SyncClassroom\\repos\\ai-editor\\node_modules\\array-sort\\index.js" for module "C:\\Users\\Daniel\\Documents\\projects\\SyncClassroom\\repos\\ai-editor\\node_modules\\array-sort\\index.js"
MODULE 45160: Module._load REQUEST default-compare parent: C:\Users\Daniel\Documents\projects\SyncClassroom\repos\ai-editor\node_modules\array-sort\index.js
MODULE 45160: looking for "default-compare" in ["C:\\Users\\Daniel\\Documents\\projects\\SyncClassroom\\repos\\ai-editor\\node_modules\\array-sort\\node_modules","C:\\Users\\Daniel\\Documents\\projects\\SyncClassroom\\repos\\ai-editor\\node_modules","C:\\Users\\Daniel\\Documents\\projects\\SyncClassroom\\repos\\node_modules","C:\\Users\\Daniel\\Documents\\projects\\SyncClassroom\\node_modules","C:\\Users\\Daniel\\Documents\\projects\\node_modules","C:\\Users\\Daniel\\Documents\\node_modules","C:\\Users\\Daniel\\node_modules","C:\\Users\\node_modules","C:\\node_modules","C:\\Users\\Daniel\\.node_modules","C:\\Users\\Daniel\\.node_libraries","C:\\nvm4w\\nodejs\\lib\\node"]
MODULE 45160: load "C:\\Users\\Daniel\\Documents\\projects\\SyncClassroom\\repos\\ai-editor\\node_modules\\default-compare\\index.js" for module "C:\\Users\\Daniel\\Documents\\projects\\SyncClassroom\\repos\\ai-editor\\node_modules\\default-compare\\index.js"
MODULE 45160: Module._load REQUEST kind-of parent: C:\Users\Daniel\Documents\projects\SyncClassroom\repos\ai-editor\node_modules\default-compare\index.js
MODULE 45160: looking for "kind-of" in ["C:\\Users\\Daniel\\Documents\\projects\\SyncClassroom\\repos\\ai-editor\\node_modules\\default-compare\\node_modules","C:\\Users\\Daniel\\Documents\\projects\\SyncClassroom\\repos\\ai-editor\\node_modules","C:\\Users\\Daniel\\Documents\\projects\\SyncClassroom\\repos\\node_modules","C:\\Users\\Daniel\\Documents\\projects\\SyncClassroom\\node_modules","C:\\Users\\Daniel\\Documents\\projects\\node_modules","C:\\Users\\Daniel\\Documents\\node_modules","C:\\Users\\Daniel\\node_modules","C:\\Users\\node_modules","C:\\node_modules","C:\\Users\\Daniel\\.node_modules","C:\\Users\\Daniel\\.node_libraries","C:\\nvm4w\\nodejs\\lib\\node"]
MODULE 45160: load "C:\\Users\\Daniel\\Documents\\projects\\SyncClassroom\\repos\\ai-editor\\node_modules\\default-compare\\node_modules\\kind-of\\index.js" for module "C:\\Users\\Daniel\\Documents\\projects\\SyncClassroom\\repos\\ai-editor\\node_modules\\default-compare\\node_modules\\kind-of\\index.js"
MODULE 45160: Module._load REQUEST kind-of parent: C:\Users\Daniel\Documents\projects\SyncClassroom\repos\ai-editor\node_modules\array-sort\index.js
MODULE 45160: looking for "kind-of" in ["C:\\Users\\Daniel\\Documents\\projects\\SyncClassroom\\repos\\ai-editor\\node_modules\\array-sort\\node_modules","C:\\Users\\Daniel\\Documents\\projects\\SyncClassroom\\repos\\ai-editor\\node_modules","C:\\Users\\Daniel\\Documents\\projects\\SyncClassroom\\repos\\node_modules","C:\\Users\\Daniel\\Documents\\projects\\SyncClassroom\\node_modules","C:\\Users\\Daniel\\Documents\\projects\\node_modules","C:\\Users\\Daniel\\Documents\\node_modules","C:\\Users\\Daniel\\node_modules","C:\\Users\\node_modules","C:\\node_modules","C:\\Users\\Daniel\\.node_modules","C:\\Users\\Daniel\\.node_libraries","C:\\nvm4w\\nodejs\\lib\\node"]
MODULE 45160: load "C:\\Users\\Daniel\\Documents\\projects\\SyncClassroom\\repos\\ai-editor\\node_modules\\array-sort\\node_modules\\kind-of\\index.js" for module "C:\\Users\\Daniel\\Documents\\projects\\SyncClassroom\\repos\\ai-editor\\node_modules\\array-sort\\node_modules\\kind-of\\index.js"
MODULE 45160: Module._load REQUEST get-value parent: C:\Users\Daniel\Documents\projects\SyncClassroom\repos\ai-editor\node_modules\array-sort\index.js
MODULE 45160: looking for "get-value" in ["C:\\Users\\Daniel\\Documents\\projects\\SyncClassroom\\repos\\ai-editor\\node_modules\\array-sort\\node_modules","C:\\Users\\Daniel\\Documents\\projects\\SyncClassroom\\repos\\ai-editor\\node_modules","C:\\Users\\Daniel\\Documents\\projects\\SyncClassroom\\repos\\node_modules","C:\\Users\\Daniel\\Documents\\projects\\SyncClassroom\\node_modules","C:\\Users\\Daniel\\Documents\\projects\\node_modules","C:\\Users\\Daniel\\Documents\\node_modules","C:\\Users\\Daniel\\node_modules","C:\\Users\\node_modules","C:\\node_modules","C:\\Users\\Daniel\\.node_modules","C:\\Users\\Daniel\\.node_libraries","C:\\nvm4w\\nodejs\\lib\\node"]
MODULE 45160: Module._load REQUEST isobject parent: C:\Users\Daniel\Documents\projects\SyncClassroom\repos\ai-editor\node_modules\gulp-cli\lib\shared\log\tasks.js
MODULE 45160: looking for "isobject" in ["C:\\Users\\Daniel\\Documents\\projects\\SyncClassroom\\repos\\ai-editor\\node_modules\\gulp-cli\\lib\\shared\\log\\node_modules","C:\\Users\\Daniel\\Documents\\projects\\SyncClassroom\\repos\\ai-editor\\node_modules\\gulp-cli\\lib\\shared\\node_modules","C:\\Users\\Daniel\\Documents\\projects\\SyncClassroom\\repos\\ai-editor\\node_modules\\gulp-cli\\lib\\node_modules","C:\\Users\\Daniel\\Documents\\projects\\SyncClassroom\\repos\\ai-editor\\node_modules\\gulp-cli\\node_modules","C:\\Users\\Daniel\\Documents\\projects\\SyncClassroom\\repos\\ai-editor\\node_modules","C:\\Users\\Daniel\\Documents\\projects\\SyncClassroom\\repos\\node_modules","C:\\Users\\Daniel\\Documents\\projects\\SyncClassroom\\node_modules","C:\\Users\\Daniel\\Documents\\projects\\node_modules","C:\\Users\\Daniel\\Documents\\node_modules","C:\\Users\\Daniel\\node_modules","C:\\Users\\node_modules","C:\\node_modules","C:\\Users\\Daniel\\.node_modules","C:\\Users\\Daniel\\.node_libraries","C:\\nvm4w\\nodejs\\lib\\node"]
MODULE 45160: Module._load REQUEST ../ansi parent: C:\Users\Daniel\Documents\projects\SyncClassroom\repos\ai-editor\node_modules\gulp-cli\lib\shared\log\tasks.js
MODULE 45160: RELATIVE: requested: ../ansi from parent.id C:\Users\Daniel\Documents\projects\SyncClassroom\repos\ai-editor\node_modules\gulp-cli\lib\shared\log\tasks.js
MODULE 45160: looking for ["C:\\Users\\Daniel\\Documents\\projects\\SyncClassroom\\repos\\ai-editor\\node_modules\\gulp-cli\\lib\\shared\\log"]
MODULE 45160: Module._load REQUEST ./copy-tree parent: C:\Users\Daniel\Documents\projects\SyncClassroom\repos\ai-editor\node_modules\gulp-cli\lib\shared\log\tasks.js
MODULE 45160: RELATIVE: requested: ./copy-tree from parent.id C:\Users\Daniel\Documents\projects\SyncClassroom\repos\ai-editor\node_modules\gulp-cli\lib\shared\log\tasks.js
MODULE 45160: looking for ["C:\\Users\\Daniel\\Documents\\projects\\SyncClassroom\\repos\\ai-editor\\node_modules\\gulp-cli\\lib\\shared\\log"]
MODULE 45160: load "C:\\Users\\Daniel\\Documents\\projects\\SyncClassroom\\repos\\ai-editor\\node_modules\\gulp-cli\\lib\\shared\\log\\copy-tree.js" for module "C:\\Users\\Daniel\\Documents\\projects\\SyncClassroom\\repos\\ai-editor\\node_modules\\gulp-cli\\lib\\shared\\log\\copy-tree.js"
MODULE 45160: Module._load REQUEST ./log/events parent: C:\Users\Daniel\Documents\projects\SyncClassroom\repos\ai-editor\node_modules\gulp-cli\lib\versioned\^4.0.0\index.js
MODULE 45160: RELATIVE: requested: ./log/events from parent.id C:\Users\Daniel\Documents\projects\SyncClassroom\repos\ai-editor\node_modules\gulp-cli\lib\versioned\^4.0.0\index.js
MODULE 45160: looking for ["C:\\Users\\Daniel\\Documents\\projects\\SyncClassroom\\repos\\ai-editor\\node_modules\\gulp-cli\\lib\\versioned\\^4.0.0"]
MODULE 45160: load "C:\\Users\\Daniel\\Documents\\projects\\SyncClassroom\\repos\\ai-editor\\node_modules\\gulp-cli\\lib\\versioned\\^4.0.0\\log\\events.js" for module "C:\\Users\\Daniel\\Documents\\projects\\SyncClassroom\\repos\\ai-editor\\node_modules\\gulp-cli\\lib\\versioned\\^4.0.0\\log\\events.js"
MODULE 45160: Module._load REQUEST gulplog parent: C:\Users\Daniel\Documents\projects\SyncClassroom\repos\ai-editor\node_modules\gulp-cli\lib\versioned\^4.0.0\log\events.js
MODULE 45160: looking for "gulplog" in ["C:\\Users\\Daniel\\Documents\\projects\\SyncClassroom\\repos\\ai-editor\\node_modules\\gulp-cli\\lib\\versioned\\^4.0.0\\log\\node_modules","C:\\Users\\Daniel\\Documents\\projects\\SyncClassroom\\repos\\ai-editor\\node_modules\\gulp-cli\\lib\\versioned\\^4.0.0\\node_modules","C:\\Users\\Daniel\\Documents\\projects\\SyncClassroom\\repos\\ai-editor\\node_modules\\gulp-cli\\lib\\versioned\\node_modules","C:\\Users\\Daniel\\Documents\\projects\\SyncClassroom\\repos\\ai-editor\\node_modules\\gulp-cli\\lib\\node_modules","C:\\Users\\Daniel\\Documents\\projects\\SyncClassroom\\repos\\ai-editor\\node_modules\\gulp-cli\\node_modules","C:\\Users\\Daniel\\Documents\\projects\\SyncClassroom\\repos\\ai-editor\\node_modules","C:\\Users\\Daniel\\Documents\\projects\\SyncClassroom\\repos\\node_modules","C:\\Users\\Daniel\\Documents\\projects\\SyncClassroom\\node_modules","C:\\Users\\Daniel\\Documents\\projects\\node_modules","C:\\Users\\Daniel\\Documents\\node_modules","C:\\Users\\Daniel\\node_modules","C:\\Users\\node_modules","C:\\node_modules","C:\\Users\\Daniel\\.node_modules","C:\\Users\\Daniel\\.node_libraries","C:\\nvm4w\\nodejs\\lib\\node"]
MODULE 45160: Module._load REQUEST pretty-hrtime parent: C:\Users\Daniel\Documents\projects\SyncClassroom\repos\ai-editor\node_modules\gulp-cli\lib\versioned\^4.0.0\log\events.js
MODULE 45160: looking for "pretty-hrtime" in ["C:\\Users\\Daniel\\Documents\\projects\\SyncClassroom\\repos\\ai-editor\\node_modules\\gulp-cli\\lib\\versioned\\^4.0.0\\log\\node_modules","C:\\Users\\Daniel\\Documents\\projects\\SyncClassroom\\repos\\ai-editor\\node_modules\\gulp-cli\\lib\\versioned\\^4.0.0\\node_modules","C:\\Users\\Daniel\\Documents\\projects\\SyncClassroom\\repos\\ai-editor\\node_modules\\gulp-cli\\lib\\versioned\\node_modules","C:\\Users\\Daniel\\Documents\\projects\\SyncClassroom\\repos\\ai-editor\\node_modules\\gulp-cli\\lib\\node_modules","C:\\Users\\Daniel\\Documents\\projects\\SyncClassroom\\repos\\ai-editor\\node_modules\\gulp-cli\\node_modules","C:\\Users\\Daniel\\Documents\\projects\\SyncClassroom\\repos\\ai-editor\\node_modules","C:\\Users\\Daniel\\Documents\\projects\\SyncClassroom\\repos\\node_modules","C:\\Users\\Daniel\\Documents\\projects\\SyncClassroom\\node_modules","C:\\Users\\Daniel\\Documents\\projects\\node_modules","C:\\Users\\Daniel\\Documents\\node_modules","C:\\Users\\Daniel\\node_modules","C:\\Users\\node_modules","C:\\node_modules","C:\\Users\\Daniel\\.node_modules","C:\\Users\\Daniel\\.node_libraries","C:\\nvm4w\\nodejs\\lib\\node"]
MODULE 45160: load "C:\\Users\\Daniel\\Documents\\projects\\SyncClassroom\\repos\\ai-editor\\node_modules\\pretty-hrtime\\index.js" for module "C:\\Users\\Daniel\\Documents\\projects\\SyncClassroom\\repos\\ai-editor\\node_modules\\pretty-hrtime\\index.js"
MODULE 45160: Module._load REQUEST ../../../shared/ansi parent: C:\Users\Daniel\Documents\projects\SyncClassroom\repos\ai-editor\node_modules\gulp-cli\lib\versioned\^4.0.0\log\events.js
MODULE 45160: RELATIVE: requested: ../../../shared/ansi from parent.id C:\Users\Daniel\Documents\projects\SyncClassroom\repos\ai-editor\node_modules\gulp-cli\lib\versioned\^4.0.0\log\events.js
MODULE 45160: looking for ["C:\\Users\\Daniel\\Documents\\projects\\SyncClassroom\\repos\\ai-editor\\node_modules\\gulp-cli\\lib\\versioned\\^4.0.0\\log"]
MODULE 45160: Module._load REQUEST ../format-error parent: C:\Users\Daniel\Documents\projects\SyncClassroom\repos\ai-editor\node_modules\gulp-cli\lib\versioned\^4.0.0\log\events.js
MODULE 45160: RELATIVE: requested: ../format-error from parent.id C:\Users\Daniel\Documents\projects\SyncClassroom\repos\ai-editor\node_modules\gulp-cli\lib\versioned\^4.0.0\log\events.js
MODULE 45160: looking for ["C:\\Users\\Daniel\\Documents\\projects\\SyncClassroom\\repos\\ai-editor\\node_modules\\gulp-cli\\lib\\versioned\\^4.0.0\\log"]
MODULE 45160: load "C:\\Users\\Daniel\\Documents\\projects\\SyncClassroom\\repos\\ai-editor\\node_modules\\gulp-cli\\lib\\versioned\\^4.0.0\\format-error.js" for module "C:\\Users\\Daniel\\Documents\\projects\\SyncClassroom\\repos\\ai-editor\\node_modules\\gulp-cli\\lib\\versioned\\^4.0.0\\format-error.js"
MODULE 45160: Module._load REQUEST ./log/sync-task parent: C:\Users\Daniel\Documents\projects\SyncClassroom\repos\ai-editor\node_modules\gulp-cli\lib\versioned\^4.0.0\index.js
MODULE 45160: RELATIVE: requested: ./log/sync-task from parent.id C:\Users\Daniel\Documents\projects\SyncClassroom\repos\ai-editor\node_modules\gulp-cli\lib\versioned\^4.0.0\index.js
MODULE 45160: looking for ["C:\\Users\\Daniel\\Documents\\projects\\SyncClassroom\\repos\\ai-editor\\node_modules\\gulp-cli\\lib\\versioned\\^4.0.0"]
MODULE 45160: load "C:\\Users\\Daniel\\Documents\\projects\\SyncClassroom\\repos\\ai-editor\\node_modules\\gulp-cli\\lib\\versioned\\^4.0.0\\log\\sync-task.js" for module "C:\\Users\\Daniel\\Documents\\projects\\SyncClassroom\\repos\\ai-editor\\node_modules\\gulp-cli\\lib\\versioned\\^4.0.0\\log\\sync-task.js"
MODULE 45160: Module._load REQUEST gulplog parent: C:\Users\Daniel\Documents\projects\SyncClassroom\repos\ai-editor\node_modules\gulp-cli\lib\versioned\^4.0.0\log\sync-task.js
MODULE 45160: looking for "gulplog" in ["C:\\Users\\Daniel\\Documents\\projects\\SyncClassroom\\repos\\ai-editor\\node_modules\\gulp-cli\\lib\\versioned\\^4.0.0\\log\\node_modules","C:\\Users\\Daniel\\Documents\\projects\\SyncClassroom\\repos\\ai-editor\\node_modules\\gulp-cli\\lib\\versioned\\^4.0.0\\node_modules","C:\\Users\\Daniel\\Documents\\projects\\SyncClassroom\\repos\\ai-editor\\node_modules\\gulp-cli\\lib\\versioned\\node_modules","C:\\Users\\Daniel\\Documents\\projects\\SyncClassroom\\repos\\ai-editor\\node_modules\\gulp-cli\\lib\\node_modules","C:\\Users\\Daniel\\Documents\\projects\\SyncClassroom\\repos\\ai-editor\\node_modules\\gulp-cli\\node_modules","C:\\Users\\Daniel\\Documents\\projects\\SyncClassroom\\repos\\ai-editor\\node_modules","C:\\Users\\Daniel\\Documents\\projects\\SyncClassroom\\repos\\node_modules","C:\\Users\\Daniel\\Documents\\projects\\SyncClassroom\\node_modules","C:\\Users\\Daniel\\Documents\\projects\\node_modules","C:\\Users\\Daniel\\Documents\\node_modules","C:\\Users\\Daniel\\node_modules","C:\\Users\\node_modules","C:\\node_modules","C:\\Users\\Daniel\\.node_modules","C:\\Users\\Daniel\\.node_libraries","C:\\nvm4w\\nodejs\\lib\\node"]
MODULE 45160: Module._load REQUEST ../../../shared/ansi parent: C:\Users\Daniel\Documents\projects\SyncClassroom\repos\ai-editor\node_modules\gulp-cli\lib\versioned\^4.0.0\log\sync-task.js
MODULE 45160: RELATIVE: requested: ../../../shared/ansi from parent.id C:\Users\Daniel\Documents\projects\SyncClassroom\repos\ai-editor\node_modules\gulp-cli\lib\versioned\^4.0.0\log\sync-task.js
MODULE 45160: looking for ["C:\\Users\\Daniel\\Documents\\projects\\SyncClassroom\\repos\\ai-editor\\node_modules\\gulp-cli\\lib\\versioned\\^4.0.0\\log"]
MODULE 45160: Module._load REQUEST ./log/tasks-simple parent: C:\Users\Daniel\Documents\projects\SyncClassroom\repos\ai-editor\node_modules\gulp-cli\lib\versioned\^4.0.0\index.js
MODULE 45160: RELATIVE: requested: ./log/tasks-simple from parent.id C:\Users\Daniel\Documents\projects\SyncClassroom\repos\ai-editor\node_modules\gulp-cli\lib\versioned\^4.0.0\index.js
MODULE 45160: looking for ["C:\\Users\\Daniel\\Documents\\projects\\SyncClassroom\\repos\\ai-editor\\node_modules\\gulp-cli\\lib\\versioned\\^4.0.0"]
MODULE 45160: load "C:\\Users\\Daniel\\Documents\\projects\\SyncClassroom\\repos\\ai-editor\\node_modules\\gulp-cli\\lib\\versioned\\^4.0.0\\log\\tasks-simple.js" for module "C:\\Users\\Daniel\\Documents\\projects\\SyncClassroom\\repos\\ai-editor\\node_modules\\gulp-cli\\lib\\versioned\\^4.0.0\\log\\tasks-simple.js"
MODULE 45160: Module._load REQUEST ../../shared/register-exports parent: C:\Users\Daniel\Documents\projects\SyncClassroom\repos\ai-editor\node_modules\gulp-cli\lib\versioned\^4.0.0\index.js
MODULE 45160: RELATIVE: requested: ../../shared/register-exports from parent.id C:\Users\Daniel\Documents\projects\SyncClassroom\repos\ai-editor\node_modules\gulp-cli\lib\versioned\^4.0.0\index.js
MODULE 45160: looking for ["C:\\Users\\Daniel\\Documents\\projects\\SyncClassroom\\repos\\ai-editor\\node_modules\\gulp-cli\\lib\\versioned\\^4.0.0"]
MODULE 45160: load "C:\\Users\\Daniel\\Documents\\projects\\SyncClassroom\\repos\\ai-editor\\node_modules\\gulp-cli\\lib\\shared\\register-exports.js" for module "C:\\Users\\Daniel\\Documents\\projects\\SyncClassroom\\repos\\ai-editor\\node_modules\\gulp-cli\\lib\\shared\\register-exports.js"
MODULE 45160: Module._load REQUEST ../../shared/log/copy-tree parent: C:\Users\Daniel\Documents\projects\SyncClassroom\repos\ai-editor\node_modules\gulp-cli\lib\versioned\^4.0.0\index.js
MODULE 45160: RELATIVE: requested: ../../shared/log/copy-tree from parent.id C:\Users\Daniel\Documents\projects\SyncClassroom\repos\ai-editor\node_modules\gulp-cli\lib\versioned\^4.0.0\index.js
MODULE 45160: looking for ["C:\\Users\\Daniel\\Documents\\projects\\SyncClassroom\\repos\\ai-editor\\node_modules\\gulp-cli\\lib\\versioned\\^4.0.0"]
MODULE 45160: Module._load REQUEST ./log/get-task parent: C:\Users\Daniel\Documents\projects\SyncClassroom\repos\ai-editor\node_modules\gulp-cli\lib\versioned\^4.0.0\index.js
MODULE 45160: RELATIVE: requested: ./log/get-task from parent.id C:\Users\Daniel\Documents\projects\SyncClassroom\repos\ai-editor\node_modules\gulp-cli\lib\versioned\^4.0.0\index.js
MODULE 45160: looking for ["C:\\Users\\Daniel\\Documents\\projects\\SyncClassroom\\repos\\ai-editor\\node_modules\\gulp-cli\\lib\\versioned\\^4.0.0"]
MODULE 45160: load "C:\\Users\\Daniel\\Documents\\projects\\SyncClassroom\\repos\\ai-editor\\node_modules\\gulp-cli\\lib\\versioned\\^4.0.0\\log\\get-task.js" for module "C:\\Users\\Daniel\\Documents\\projects\\SyncClassroom\\repos\\ai-editor\\node_modules\\gulp-cli\\lib\\versioned\\^4.0.0\\log\\get-task.js"
MODULE 45160: Module._load REQUEST isobject parent: C:\Users\Daniel\Documents\projects\SyncClassroom\repos\ai-editor\node_modules\gulp-cli\lib\versioned\^4.0.0\log\get-task.js
MODULE 45160: looking for "isobject" in ["C:\\Users\\Daniel\\Documents\\projects\\SyncClassroom\\repos\\ai-editor\\node_modules\\gulp-cli\\lib\\versioned\\^4.0.0\\log\\node_modules","C:\\Users\\Daniel\\Documents\\projects\\SyncClassroom\\repos\\ai-editor\\node_modules\\gulp-cli\\lib\\versioned\\^4.0.0\\node_modules","C:\\Users\\Daniel\\Documents\\projects\\SyncClassroom\\repos\\ai-editor\\node_modules\\gulp-cli\\lib\\versioned\\node_modules","C:\\Users\\Daniel\\Documents\\projects\\SyncClassroom\\repos\\ai-editor\\node_modules\\gulp-cli\\lib\\node_modules","C:\\Users\\Daniel\\Documents\\projects\\SyncClassroom\\repos\\ai-editor\\node_modules\\gulp-cli\\node_modules","C:\\Users\\Daniel\\Documents\\projects\\SyncClassroom\\repos\\ai-editor\\node_modules","C:\\Users\\Daniel\\Documents\\projects\\SyncClassroom\\repos\\node_modules","C:\\Users\\Daniel\\Documents\\projects\\SyncClassroom\\node_modules","C:\\Users\\Daniel\\Documents\\projects\\node_modules","C:\\Users\\Daniel\\Documents\\node_modules","C:\\Users\\Daniel\\node_modules","C:\\Users\\node_modules","C:\\node_modules","C:\\Users\\Daniel\\.node_modules","C:\\Users\\Daniel\\.node_libraries","C:\\nvm4w\\nodejs\\lib\\node"]
MODULE 45160: Module._load REQUEST ../../shared/require-or-import parent: C:\Users\Daniel\Documents\projects\SyncClassroom\repos\ai-editor\node_modules\gulp-cli\lib\versioned\^4.0.0\index.js
MODULE 45160: RELATIVE: requested: ../../shared/require-or-import from parent.id C:\Users\Daniel\Documents\projects\SyncClassroom\repos\ai-editor\node_modules\gulp-cli\lib\versioned\^4.0.0\index.js
MODULE 45160: looking for ["C:\\Users\\Daniel\\Documents\\projects\\SyncClassroom\\repos\\ai-editor\\node_modules\\gulp-cli\\lib\\versioned\\^4.0.0"]
MODULE 45160: load "C:\\Users\\Daniel\\Documents\\projects\\SyncClassroom\\repos\\ai-editor\\node_modules\\gulp-cli\\lib\\shared\\require-or-import.js" for module "C:\\Users\\Daniel\\Documents\\projects\\SyncClassroom\\repos\\ai-editor\\node_modules\\gulp-cli\\lib\\shared\\require-or-import.js"
MODULE 45160: Module._load REQUEST url parent: C:\Users\Daniel\Documents\projects\SyncClassroom\repos\ai-editor\node_modules\gulp-cli\lib\shared\require-or-import.js
MODULE 45160: load built-in module url
MODULE 45160: Module._load REQUEST C:\Users\Daniel\Documents\projects\SyncClassroom\repos\ai-editor\node_modules\gulp\index.js parent: C:\Users\Daniel\Documents\projects\SyncClassroom\repos\ai-editor\node_modules\gulp-cli\lib\versioned\^4.0.0\index.js
MODULE 45160: looking for "C:\\Users\\Daniel\\Documents\\projects\\SyncClassroom\\repos\\ai-editor\\node_modules\\gulp\\index.js" in ["C:\\Users\\Daniel\\Documents\\projects\\SyncClassroom\\repos\\ai-editor\\node_modules\\gulp-cli\\lib\\versioned\\^4.0.0\\node_modules","C:\\Users\\Daniel\\Documents\\projects\\SyncClassroom\\repos\\ai-editor\\node_modules\\gulp-cli\\lib\\versioned\\node_modules","C:\\Users\\Daniel\\Documents\\projects\\SyncClassroom\\repos\\ai-editor\\node_modules\\gulp-cli\\lib\\node_modules","C:\\Users\\Daniel\\Documents\\projects\\SyncClassroom\\repos\\ai-editor\\node_modules\\gulp-cli\\node_modules","C:\\Users\\Daniel\\Documents\\projects\\SyncClassroom\\repos\\ai-editor\\node_modules","C:\\Users\\Daniel\\Documents\\projects\\SyncClassroom\\repos\\node_modules","C:\\Users\\Daniel\\Documents\\projects\\SyncClassroom\\node_modules","C:\\Users\\Daniel\\Documents\\projects\\node_modules","C:\\Users\\Daniel\\Documents\\node_modules","C:\\Users\\Daniel\\node_modules","C:\\Users\\node_modules","C:\\node_modules","C:\\Users\\Daniel\\.node_modules","C:\\Users\\Daniel\\.node_libraries","C:\\nvm4w\\nodejs\\lib\\node"]
MODULE 45160: load "C:\\Users\\Daniel\\Documents\\projects\\SyncClassroom\\repos\\ai-editor\\node_modules\\gulp\\index.js" for module "C:\\Users\\Daniel\\Documents\\projects\\SyncClassroom\\repos\\ai-editor\\node_modules\\gulp\\index.js"
MODULE 45160: Module._load REQUEST util parent: C:\Users\Daniel\Documents\projects\SyncClassroom\repos\ai-editor\node_modules\gulp\index.js
MODULE 45160: load built-in module util
MODULE 45160: Module._load REQUEST undertaker parent: C:\Users\Daniel\Documents\projects\SyncClassroom\repos\ai-editor\node_modules\gulp\index.js
MODULE 45160: looking for "undertaker" in ["C:\\Users\\Daniel\\Documents\\projects\\SyncClassroom\\repos\\ai-editor\\node_modules\\gulp\\node_modules","C:\\Users\\Daniel\\Documents\\projects\\SyncClassroom\\repos\\ai-editor\\node_modules","C:\\Users\\Daniel\\Documents\\projects\\SyncClassroom\\repos\\node_modules","C:\\Users\\Daniel\\Documents\\projects\\SyncClassroom\\node_modules","C:\\Users\\Daniel\\Documents\\projects\\node_modules","C:\\Users\\Daniel\\Documents\\node_modules","C:\\Users\\Daniel\\node_modules","C:\\Users\\node_modules","C:\\node_modules","C:\\Users\\Daniel\\.node_modules","C:\\Users\\Daniel\\.node_libraries","C:\\nvm4w\\nodejs\\lib\\node"]
MODULE 45160: load "C:\\Users\\Daniel\\Documents\\projects\\SyncClassroom\\repos\\ai-editor\\node_modules\\undertaker\\index.js" for module "C:\\Users\\Daniel\\Documents\\projects\\SyncClassroom\\repos\\ai-editor\\node_modules\\undertaker\\index.js"
MODULE 45160: Module._load REQUEST util parent: C:\Users\Daniel\Documents\projects\SyncClassroom\repos\ai-editor\node_modules\undertaker\index.js
MODULE 45160: load built-in module util
MODULE 45160: Module._load REQUEST events parent: C:\Users\Daniel\Documents\projects\SyncClassroom\repos\ai-editor\node_modules\undertaker\index.js
MODULE 45160: load built-in module events
MODULE 45160: Module._load REQUEST undertaker-registry parent: C:\Users\Daniel\Documents\projects\SyncClassroom\repos\ai-editor\node_modules\undertaker\index.js
MODULE 45160: looking for "undertaker-registry" in ["C:\\Users\\Daniel\\Documents\\projects\\SyncClassroom\\repos\\ai-editor\\node_modules\\undertaker\\node_modules","C:\\Users\\Daniel\\Documents\\projects\\SyncClassroom\\repos\\ai-editor\\node_modules","C:\\Users\\Daniel\\Documents\\projects\\SyncClassroom\\repos\\node_modules","C:\\Users\\Daniel\\Documents\\projects\\SyncClassroom\\node_modules","C:\\Users\\Daniel\\Documents\\projects\\node_modules","C:\\Users\\Daniel\\Documents\\node_modules","C:\\Users\\Daniel\\node_modules","C:\\Users\\node_modules","C:\\node_modules","C:\\Users\\Daniel\\.node_modules","C:\\Users\\Daniel\\.node_libraries","C:\\nvm4w\\nodejs\\lib\\node"]
MODULE 45160: load "C:\\Users\\Daniel\\Documents\\projects\\SyncClassroom\\repos\\ai-editor\\node_modules\\undertaker-registry\\index.js" for module "C:\\Users\\Daniel\\Documents\\projects\\SyncClassroom\\repos\\ai-editor\\node_modules\\undertaker-registry\\index.js"
MODULE 45160: Module._load REQUEST ./lib/tree parent: C:\Users\Daniel\Documents\projects\SyncClassroom\repos\ai-editor\node_modules\undertaker\index.js
MODULE 45160: RELATIVE: requested: ./lib/tree from parent.id C:\Users\Daniel\Documents\projects\SyncClassroom\repos\ai-editor\node_modules\undertaker\index.js
MODULE 45160: looking for ["C:\\Users\\Daniel\\Documents\\projects\\SyncClassroom\\repos\\ai-editor\\node_modules\\undertaker"]
MODULE 45160: load "C:\\Users\\Daniel\\Documents\\projects\\SyncClassroom\\repos\\ai-editor\\node_modules\\undertaker\\lib\\tree.js" for module "C:\\Users\\Daniel\\Documents\\projects\\SyncClassroom\\repos\\ai-editor\\node_modules\\undertaker\\lib\\tree.js"
MODULE 45160: Module._load REQUEST object.defaults parent: C:\Users\Daniel\Documents\projects\SyncClassroom\repos\ai-editor\node_modules\undertaker\lib\tree.js
MODULE 45160: looking for "object.defaults" in ["C:\\Users\\Daniel\\Documents\\projects\\SyncClassroom\\repos\\ai-editor\\node_modules\\undertaker\\lib\\node_modules","C:\\Users\\Daniel\\Documents\\projects\\SyncClassroom\\repos\\ai-editor\\node_modules\\undertaker\\node_modules","C:\\Users\\Daniel\\Documents\\projects\\SyncClassroom\\repos\\ai-editor\\node_modules","C:\\Users\\Daniel\\Documents\\projects\\SyncClassroom\\repos\\node_modules","C:\\Users\\Daniel\\Documents\\projects\\SyncClassroom\\node_modules","C:\\Users\\Daniel\\Documents\\projects\\node_modules","C:\\Users\\Daniel\\Documents\\node_modules","C:\\Users\\Daniel\\node_modules","C:\\Users\\node_modules","C:\\node_modules","C:\\Users\\Daniel\\.node_modules","C:\\Users\\Daniel\\.node_libraries","C:\\nvm4w\\nodejs\\lib\\node"]
MODULE 45160: load "C:\\Users\\Daniel\\Documents\\projects\\SyncClassroom\\repos\\ai-editor\\node_modules\\object.defaults\\index.js" for module "C:\\Users\\Daniel\\Documents\\projects\\SyncClassroom\\repos\\ai-editor\\node_modules\\object.defaults\\index.js"
MODULE 45160: Module._load REQUEST ./mutable parent: C:\Users\Daniel\Documents\projects\SyncClassroom\repos\ai-editor\node_modules\object.defaults\index.js
MODULE 45160: Module._load REQUEST ./immutable parent: C:\Users\Daniel\Documents\projects\SyncClassroom\repos\ai-editor\node_modules\object.defaults\index.js
MODULE 45160: RELATIVE: requested: ./immutable from parent.id C:\Users\Daniel\Documents\projects\SyncClassroom\repos\ai-editor\node_modules\object.defaults\index.js
MODULE 45160: looking for ["C:\\Users\\Daniel\\Documents\\projects\\SyncClassroom\\repos\\ai-editor\\node_modules\\object.defaults"]
MODULE 45160: Module._load REQUEST collection-map parent: C:\Users\Daniel\Documents\projects\SyncClassroom\repos\ai-editor\node_modules\undertaker\lib\tree.js
MODULE 45160: looking for "collection-map" in ["C:\\Users\\Daniel\\Documents\\projects\\SyncClassroom\\repos\\ai-editor\\node_modules\\undertaker\\lib\\node_modules","C:\\Users\\Daniel\\Documents\\projects\\SyncClassroom\\repos\\ai-editor\\node_modules\\undertaker\\node_modules","C:\\Users\\Daniel\\Documents\\projects\\SyncClassroom\\repos\\ai-editor\\node_modules","C:\\Users\\Daniel\\Documents\\projects\\SyncClassroom\\repos\\node_modules","C:\\Users\\Daniel\\Documents\\projects\\SyncClassroom\\node_modules","C:\\Users\\Daniel\\Documents\\projects\\node_modules","C:\\Users\\Daniel\\Documents\\node_modules","C:\\Users\\Daniel\\node_modules","C:\\Users\\node_modules","C:\\node_modules","C:\\Users\\Daniel\\.node_modules","C:\\Users\\Daniel\\.node_libraries","C:\\nvm4w\\nodejs\\lib\\node"]
MODULE 45160: load "C:\\Users\\Daniel\\Documents\\projects\\SyncClassroom\\repos\\ai-editor\\node_modules\\collection-map\\index.js" for module "C:\\Users\\Daniel\\Documents\\projects\\SyncClassroom\\repos\\ai-editor\\node_modules\\collection-map\\index.js"
MODULE 45160: Module._load REQUEST make-iterator parent: C:\Users\Daniel\Documents\projects\SyncClassroom\repos\ai-editor\node_modules\collection-map\index.js
MODULE 45160: looking for "make-iterator" in ["C:\\Users\\Daniel\\Documents\\projects\\SyncClassroom\\repos\\ai-editor\\node_modules\\collection-map\\node_modules","C:\\Users\\Daniel\\Documents\\projects\\SyncClassroom\\repos\\ai-editor\\node_modules","C:\\Users\\Daniel\\Documents\\projects\\SyncClassroom\\repos\\node_modules","C:\\Users\\Daniel\\Documents\\projects\\SyncClassroom\\node_modules","C:\\Users\\Daniel\\Documents\\projects\\node_modules","C:\\Users\\Daniel\\Documents\\node_modules","C:\\Users\\Daniel\\node_modules","C:\\Users\\node_modules","C:\\node_modules","C:\\Users\\Daniel\\.node_modules","C:\\Users\\Daniel\\.node_libraries","C:\\nvm4w\\nodejs\\lib\\node"]
MODULE 45160: Module._load REQUEST for-own parent: C:\Users\Daniel\Documents\projects\SyncClassroom\repos\ai-editor\node_modules\collection-map\index.js
MODULE 45160: looking for "for-own" in ["C:\\Users\\Daniel\\Documents\\projects\\SyncClassroom\\repos\\ai-editor\\node_modules\\collection-map\\node_modules","C:\\Users\\Daniel\\Documents\\projects\\SyncClassroom\\repos\\ai-editor\\node_modules","C:\\Users\\Daniel\\Documents\\projects\\SyncClassroom\\repos\\node_modules","C:\\Users\\Daniel\\Documents\\projects\\SyncClassroom\\node_modules","C:\\Users\\Daniel\\Documents\\projects\\node_modules","C:\\Users\\Daniel\\Documents\\node_modules","C:\\Users\\Daniel\\node_modules","C:\\Users\\node_modules","C:\\node_modules","C:\\Users\\Daniel\\.node_modules","C:\\Users\\Daniel\\.node_libraries","C:\\nvm4w\\nodejs\\lib\\node"]
MODULE 45160: Module._load REQUEST arr-map parent: C:\Users\Daniel\Documents\projects\SyncClassroom\repos\ai-editor\node_modules\collection-map\index.js
MODULE 45160: looking for "arr-map" in ["C:\\Users\\Daniel\\Documents\\projects\\SyncClassroom\\repos\\ai-editor\\node_modules\\collection-map\\node_modules","C:\\Users\\Daniel\\Documents\\projects\\SyncClassroom\\repos\\ai-editor\\node_modules","C:\\Users\\Daniel\\Documents\\projects\\SyncClassroom\\repos\\node_modules","C:\\Users\\Daniel\\Documents\\projects\\SyncClassroom\\node_modules","C:\\Users\\Daniel\\Documents\\projects\\node_modules","C:\\Users\\Daniel\\Documents\\node_modules","C:\\Users\\Daniel\\node_modules","C:\\Users\\node_modules","C:\\node_modules","C:\\Users\\Daniel\\.node_modules","C:\\Users\\Daniel\\.node_libraries","C:\\nvm4w\\nodejs\\lib\\node"]
MODULE 45160: load "C:\\Users\\Daniel\\Documents\\projects\\SyncClassroom\\repos\\ai-editor\\node_modules\\arr-map\\index.js" for module "C:\\Users\\Daniel\\Documents\\projects\\SyncClassroom\\repos\\ai-editor\\node_modules\\arr-map\\index.js"
MODULE 45160: Module._load REQUEST make-iterator parent: C:\Users\Daniel\Documents\projects\SyncClassroom\repos\ai-editor\node_modules\arr-map\index.js
MODULE 45160: looking for "make-iterator" in ["C:\\Users\\Daniel\\Documents\\projects\\SyncClassroom\\repos\\ai-editor\\node_modules\\arr-map\\node_modules","C:\\Users\\Daniel\\Documents\\projects\\SyncClassroom\\repos\\ai-editor\\node_modules","C:\\Users\\Daniel\\Documents\\projects\\SyncClassroom\\repos\\node_modules","C:\\Users\\Daniel\\Documents\\projects\\SyncClassroom\\node_modules","C:\\Users\\Daniel\\Documents\\projects\\node_modules","C:\\Users\\Daniel\\Documents\\node_modules","C:\\Users\\Daniel\\node_modules","C:\\Users\\node_modules","C:\\node_modules","C:\\Users\\Daniel\\.node_modules","C:\\Users\\Daniel\\.node_libraries","C:\\nvm4w\\nodejs\\lib\\node"]
MODULE 45160: Module._load REQUEST ./helpers/metadata parent: C:\Users\Daniel\Documents\projects\SyncClassroom\repos\ai-editor\node_modules\undertaker\lib\tree.js
MODULE 45160: RELATIVE: requested: ./helpers/metadata from parent.id C:\Users\Daniel\Documents\projects\SyncClassroom\repos\ai-editor\node_modules\undertaker\lib\tree.js
MODULE 45160: looking for ["C:\\Users\\Daniel\\Documents\\projects\\SyncClassroom\\repos\\ai-editor\\node_modules\\undertaker\\lib"]
MODULE 45160: load "C:\\Users\\Daniel\\Documents\\projects\\SyncClassroom\\repos\\ai-editor\\node_modules\\undertaker\\lib\\helpers\\metadata.js" for module "C:\\Users\\Daniel\\Documents\\projects\\SyncClassroom\\repos\\ai-editor\\node_modules\\undertaker\\lib\\helpers\\metadata.js"
MODULE 45160: Module._load REQUEST es6-weak-map parent: C:\Users\Daniel\Documents\projects\SyncClassroom\repos\ai-editor\node_modules\undertaker\lib\helpers\metadata.js
MODULE 45160: looking for "es6-weak-map" in ["C:\\Users\\Daniel\\Documents\\projects\\SyncClassroom\\repos\\ai-editor\\node_modules\\undertaker\\lib\\helpers\\node_modules","C:\\Users\\Daniel\\Documents\\projects\\SyncClassroom\\repos\\ai-editor\\node_modules\\undertaker\\lib\\node_modules","C:\\Users\\Daniel\\Documents\\projects\\SyncClassroom\\repos\\ai-editor\\node_modules\\undertaker\\node_modules","C:\\Users\\Daniel\\Documents\\projects\\SyncClassroom\\repos\\ai-editor\\node_modules","C:\\Users\\Daniel\\Documents\\projects\\SyncClassroom\\repos\\node_modules","C:\\Users\\Daniel\\Documents\\projects\\SyncClassroom\\node_modules","C:\\Users\\Daniel\\Documents\\projects\\node_modules","C:\\Users\\Daniel\\Documents\\node_modules","C:\\Users\\Daniel\\node_modules","C:\\Users\\node_modules","C:\\node_modules","C:\\Users\\Daniel\\.node_modules","C:\\Users\\Daniel\\.node_libraries","C:\\nvm4w\\nodejs\\lib\\node"]
MODULE 45160: load "C:\\Users\\Daniel\\Documents\\projects\\SyncClassroom\\repos\\ai-editor\\node_modules\\es6-weak-map\\index.js" for module "C:\\Users\\Daniel\\Documents\\projects\\SyncClassroom\\repos\\ai-editor\\node_modules\\es6-weak-map\\index.js"
MODULE 45160: Module._load REQUEST ./is-implemented parent: C:\Users\Daniel\Documents\projects\SyncClassroom\repos\ai-editor\node_modules\es6-weak-map\index.js
MODULE 45160: RELATIVE: requested: ./is-implemented from parent.id C:\Users\Daniel\Documents\projects\SyncClassroom\repos\ai-editor\node_modules\es6-weak-map\index.js
MODULE 45160: looking for ["C:\\Users\\Daniel\\Documents\\projects\\SyncClassroom\\repos\\ai-editor\\node_modules\\es6-weak-map"]
MODULE 45160: load "C:\\Users\\Daniel\\Documents\\projects\\SyncClassroom\\repos\\ai-editor\\node_modules\\es6-weak-map\\is-implemented.js" for module "C:\\Users\\Daniel\\Documents\\projects\\SyncClassroom\\repos\\ai-editor\\node_modules\\es6-weak-map\\is-implemented.js"
MODULE 45160: Module._load REQUEST ./lib/task parent: C:\Users\Daniel\Documents\projects\SyncClassroom\repos\ai-editor\node_modules\undertaker\index.js
MODULE 45160: RELATIVE: requested: ./lib/task from parent.id C:\Users\Daniel\Documents\projects\SyncClassroom\repos\ai-editor\node_modules\undertaker\index.js
MODULE 45160: looking for ["C:\\Users\\Daniel\\Documents\\projects\\SyncClassroom\\repos\\ai-editor\\node_modules\\undertaker"]
MODULE 45160: load "C:\\Users\\Daniel\\Documents\\projects\\SyncClassroom\\repos\\ai-editor\\node_modules\\undertaker\\lib\\task.js" for module "C:\\Users\\Daniel\\Documents\\projects\\SyncClassroom\\repos\\ai-editor\\node_modules\\undertaker\\lib\\task.js"
MODULE 45160: Module._load REQUEST ./lib/series parent: C:\Users\Daniel\Documents\projects\SyncClassroom\repos\ai-editor\node_modules\undertaker\index.js
MODULE 45160: RELATIVE: requested: ./lib/series from parent.id C:\Users\Daniel\Documents\projects\SyncClassroom\repos\ai-editor\node_modules\undertaker\index.js
MODULE 45160: looking for ["C:\\Users\\Daniel\\Documents\\projects\\SyncClassroom\\repos\\ai-editor\\node_modules\\undertaker"]
MODULE 45160: load "C:\\Users\\Daniel\\Documents\\projects\\SyncClassroom\\repos\\ai-editor\\node_modules\\undertaker\\lib\\series.js" for module "C:\\Users\\Daniel\\Documents\\projects\\SyncClassroom\\repos\\ai-editor\\node_modules\\undertaker\\lib\\series.js"
MODULE 45160: Module._load REQUEST bach parent: C:\Users\Daniel\Documents\projects\SyncClassroom\repos\ai-editor\node_modules\undertaker\lib\series.js
MODULE 45160: looking for "bach" in ["C:\\Users\\Daniel\\Documents\\projects\\SyncClassroom\\repos\\ai-editor\\node_modules\\undertaker\\lib\\node_modules","C:\\Users\\Daniel\\Documents\\projects\\SyncClassroom\\repos\\ai-editor\\node_modules\\undertaker\\node_modules","C:\\Users\\Daniel\\Documents\\projects\\SyncClassroom\\repos\\ai-editor\\node_modules","C:\\Users\\Daniel\\Documents\\projects\\SyncClassroom\\repos\\node_modules","C:\\Users\\Daniel\\Documents\\projects\\SyncClassroom\\node_modules","C:\\Users\\Daniel\\Documents\\projects\\node_modules","C:\\Users\\Daniel\\Documents\\node_modules","C:\\Users\\Daniel\\node_modules","C:\\Users\\node_modules","C:\\node_modules","C:\\Users\\Daniel\\.node_modules","C:\\Users\\Daniel\\.node_libraries","C:\\nvm4w\\nodejs\\lib\\node"]
MODULE 45160: load "C:\\Users\\Daniel\\Documents\\projects\\SyncClassroom\\repos\\ai-editor\\node_modules\\bach\\index.js" for module "C:\\Users\\Daniel\\Documents\\projects\\SyncClassroom\\repos\\ai-editor\\node_modules\\bach\\index.js"
MODULE 45160: Module._load REQUEST ./lib/series parent: C:\Users\Daniel\Documents\projects\SyncClassroom\repos\ai-editor\node_modules\bach\index.js
MODULE 45160: RELATIVE: requested: ./lib/series from parent.id C:\Users\Daniel\Documents\projects\SyncClassroom\repos\ai-editor\node_modules\bach\index.js
MODULE 45160: looking for ["C:\\Users\\Daniel\\Documents\\projects\\SyncClassroom\\repos\\ai-editor\\node_modules\\bach"]
MODULE 45160: load "C:\\Users\\Daniel\\Documents\\projects\\SyncClassroom\\repos\\ai-editor\\node_modules\\bach\\lib\\series.js" for module "C:\\Users\\Daniel\\Documents\\projects\\SyncClassroom\\repos\\ai-editor\\node_modules\\bach\\lib\\series.js"
MODULE 45160: Module._load REQUEST array-initial parent: C:\Users\Daniel\Documents\projects\SyncClassroom\repos\ai-editor\node_modules\bach\lib\series.js
MODULE 45160: looking for "array-initial" in ["C:\\Users\\Daniel\\Documents\\projects\\SyncClassroom\\repos\\ai-editor\\node_modules\\bach\\lib\\node_modules","C:\\Users\\Daniel\\Documents\\projects\\SyncClassroom\\repos\\ai-editor\\node_modules\\bach\\node_modules","C:\\Users\\Daniel\\Documents\\projects\\SyncClassroom\\repos\\ai-editor\\node_modules","C:\\Users\\Daniel\\Documents\\projects\\SyncClassroom\\repos\\node_modules","C:\\Users\\Daniel\\Documents\\projects\\SyncClassroom\\node_modules","C:\\Users\\Daniel\\Documents\\projects\\node_modules","C:\\Users\\Daniel\\Documents\\node_modules","C:\\Users\\Daniel\\node_modules","C:\\Users\\node_modules","C:\\node_modules","C:\\Users\\Daniel\\.node_modules","C:\\Users\\Daniel\\.node_libraries","C:\\nvm4w\\nodejs\\lib\\node"]
MODULE 45160: load "C:\\Users\\Daniel\\Documents\\projects\\SyncClassroom\\repos\\ai-editor\\node_modules\\array-initial\\index.js" for module "C:\\Users\\Daniel\\Documents\\projects\\SyncClassroom\\repos\\ai-editor\\node_modules\\array-initial\\index.js"
MODULE 45160: Module._load REQUEST is-number parent: C:\Users\Daniel\Documents\projects\SyncClassroom\repos\ai-editor\node_modules\array-initial\index.js
MODULE 45160: looking for "is-number" in ["C:\\Users\\Daniel\\Documents\\projects\\SyncClassroom\\repos\\ai-editor\\node_modules\\array-initial\\node_modules","C:\\Users\\Daniel\\Documents\\projects\\SyncClassroom\\repos\\ai-editor\\node_modules","C:\\Users\\Daniel\\Documents\\projects\\SyncClassroom\\repos\\node_modules","C:\\Users\\Daniel\\Documents\\projects\\SyncClassroom\\node_modules","C:\\Users\\Daniel\\Documents\\projects\\node_modules","C:\\Users\\Daniel\\Documents\\node_modules","C:\\Users\\Daniel\\node_modules","C:\\Users\\node_modules","C:\\node_modules","C:\\Users\\Daniel\\.node_modules","C:\\Users\\Daniel\\.node_libraries","C:\\nvm4w\\nodejs\\lib\\node"]
MODULE 45160: load "C:\\Users\\Daniel\\Documents\\projects\\SyncClassroom\\repos\\ai-editor\\node_modules\\array-initial\\node_modules\\is-number\\index.js" for module "C:\\Users\\Daniel\\Documents\\projects\\SyncClassroom\\repos\\ai-editor\\node_modules\\array-initial\\node_modules\\is-number\\index.js"
MODULE 45160: Module._load REQUEST array-slice parent: C:\Users\Daniel\Documents\projects\SyncClassroom\repos\ai-editor\node_modules\array-initial\index.js
MODULE 45160: looking for "array-slice" in ["C:\\Users\\Daniel\\Documents\\projects\\SyncClassroom\\repos\\ai-editor\\node_modules\\array-initial\\node_modules","C:\\Users\\Daniel\\Documents\\projects\\SyncClassroom\\repos\\ai-editor\\node_modules","C:\\Users\\Daniel\\Documents\\projects\\SyncClassroom\\repos\\node_modules","C:\\Users\\Daniel\\Documents\\projects\\SyncClassroom\\node_modules","C:\\Users\\Daniel\\Documents\\projects\\node_modules","C:\\Users\\Daniel\\Documents\\node_modules","C:\\Users\\Daniel\\node_modules","C:\\Users\\node_modules","C:\\node_modules","C:\\Users\\Daniel\\.node_modules","C:\\Users\\Daniel\\.node_libraries","C:\\nvm4w\\nodejs\\lib\\node"]
MODULE 45160: Module._load REQUEST array-last parent: C:\Users\Daniel\Documents\projects\SyncClassroom\repos\ai-editor\node_modules\bach\lib\series.js
MODULE 45160: looking for "array-last" in ["C:\\Users\\Daniel\\Documents\\projects\\SyncClassroom\\repos\\ai-editor\\node_modules\\bach\\lib\\node_modules","C:\\Users\\Daniel\\Documents\\projects\\SyncClassroom\\repos\\ai-editor\\node_modules\\bach\\node_modules","C:\\Users\\Daniel\\Documents\\projects\\SyncClassroom\\repos\\ai-editor\\node_modules","C:\\Users\\Daniel\\Documents\\projects\\SyncClassroom\\repos\\node_modules","C:\\Users\\Daniel\\Documents\\projects\\SyncClassroom\\node_modules","C:\\Users\\Daniel\\Documents\\projects\\node_modules","C:\\Users\\Daniel\\Documents\\node_modules","C:\\Users\\Daniel\\node_modules","C:\\Users\\node_modules","C:\\node_modules","C:\\Users\\Daniel\\.node_modules","C:\\Users\\Daniel\\.node_libraries","C:\\nvm4w\\nodejs\\lib\\node"]
MODULE 45160: load "C:\\Users\\Daniel\\Documents\\projects\\SyncClassroom\\repos\\ai-editor\\node_modules\\array-last\\index.js" for module "C:\\Users\\Daniel\\Documents\\projects\\SyncClassroom\\repos\\ai-editor\\node_modules\\array-last\\index.js"
MODULE 45160: Module._load REQUEST is-number parent: C:\Users\Daniel\Documents\projects\SyncClassroom\repos\ai-editor\node_modules\array-last\index.js
MODULE 45160: looking for "is-number" in ["C:\\Users\\Daniel\\Documents\\projects\\SyncClassroom\\repos\\ai-editor\\node_modules\\array-last\\node_modules","C:\\Users\\Daniel\\Documents\\projects\\SyncClassroom\\repos\\ai-editor\\node_modules","C:\\Users\\Daniel\\Documents\\projects\\SyncClassroom\\repos\\node_modules","C:\\Users\\Daniel\\Documents\\projects\\SyncClassroom\\node_modules","C:\\Users\\Daniel\\Documents\\projects\\node_modules","C:\\Users\\Daniel\\Documents\\node_modules","C:\\Users\\Daniel\\node_modules","C:\\Users\\node_modules","C:\\node_modules","C:\\Users\\Daniel\\.node_modules","C:\\Users\\Daniel\\.node_libraries","C:\\nvm4w\\nodejs\\lib\\node"]
MODULE 45160: load "C:\\Users\\Daniel\\Documents\\projects\\SyncClassroom\\repos\\ai-editor\\node_modules\\array-last\\node_modules\\is-number\\index.js" for module "C:\\Users\\Daniel\\Documents\\projects\\SyncClassroom\\repos\\ai-editor\\node_modules\\array-last\\node_modules\\is-number\\index.js"
MODULE 45160: Module._load REQUEST async-done parent: C:\Users\Daniel\Documents\projects\SyncClassroom\repos\ai-editor\node_modules\bach\lib\series.js
MODULE 45160: looking for "async-done" in ["C:\\Users\\Daniel\\Documents\\projects\\SyncClassroom\\repos\\ai-editor\\node_modules\\bach\\lib\\node_modules","C:\\Users\\Daniel\\Documents\\projects\\SyncClassroom\\repos\\ai-editor\\node_modules\\bach\\node_modules","C:\\Users\\Daniel\\Documents\\projects\\SyncClassroom\\repos\\ai-editor\\node_modules","C:\\Users\\Daniel\\Documents\\projects\\SyncClassroom\\repos\\node_modules","C:\\Users\\Daniel\\Documents\\projects\\SyncClassroom\\node_modules","C:\\Users\\Daniel\\Documents\\projects\\node_modules","C:\\Users\\Daniel\\Documents\\node_modules","C:\\Users\\Daniel\\node_modules","C:\\Users\\node_modules","C:\\node_modules","C:\\Users\\Daniel\\.node_modules","C:\\Users\\Daniel\\.node_libraries","C:\\nvm4w\\nodejs\\lib\\node"]
MODULE 45160: load "C:\\Users\\Daniel\\Documents\\projects\\SyncClassroom\\repos\\ai-editor\\node_modules\\async-done\\index.js" for module "C:\\Users\\Daniel\\Documents\\projects\\SyncClassroom\\repos\\ai-editor\\node_modules\\async-done\\index.js"
MODULE 45160: Module._load REQUEST domain parent: C:\Users\Daniel\Documents\projects\SyncClassroom\repos\ai-editor\node_modules\async-done\index.js
MODULE 45160: load built-in module domain
MODULE 45160: Module._load REQUEST end-of-stream parent: C:\Users\Daniel\Documents\projects\SyncClassroom\repos\ai-editor\node_modules\async-done\index.js
MODULE 45160: looking for "end-of-stream" in ["C:\\Users\\Daniel\\Documents\\projects\\SyncClassroom\\repos\\ai-editor\\node_modules\\async-done\\node_modules","C:\\Users\\Daniel\\Documents\\projects\\SyncClassroom\\repos\\ai-editor\\node_modules","C:\\Users\\Daniel\\Documents\\projects\\SyncClassroom\\repos\\node_modules","C:\\Users\\Daniel\\Documents\\projects\\SyncClassroom\\node_modules","C:\\Users\\Daniel\\Documents\\projects\\node_modules","C:\\Users\\Daniel\\Documents\\node_modules","C:\\Users\\Daniel\\node_modules","C:\\Users\\node_modules","C:\\node_modules","C:\\Users\\Daniel\\.node_modules","C:\\Users\\Daniel\\.node_libraries","C:\\nvm4w\\nodejs\\lib\\node"]
MODULE 45160: load "C:\\Users\\Daniel\\Documents\\projects\\SyncClassroom\\repos\\ai-editor\\node_modules\\end-of-stream\\index.js" for module "C:\\Users\\Daniel\\Documents\\projects\\SyncClassroom\\repos\\ai-editor\\node_modules\\end-of-stream\\index.js"
MODULE 45160: Module._load REQUEST once parent: C:\Users\Daniel\Documents\projects\SyncClassroom\repos\ai-editor\node_modules\end-of-stream\index.js
MODULE 45160: looking for "once" in ["C:\\Users\\Daniel\\Documents\\projects\\SyncClassroom\\repos\\ai-editor\\node_modules\\end-of-stream\\node_modules","C:\\Users\\Daniel\\Documents\\projects\\SyncClassroom\\repos\\ai-editor\\node_modules","C:\\Users\\Daniel\\Documents\\projects\\SyncClassroom\\repos\\node_modules","C:\\Users\\Daniel\\Documents\\projects\\SyncClassroom\\node_modules","C:\\Users\\Daniel\\Documents\\projects\\node_modules","C:\\Users\\Daniel\\Documents\\node_modules","C:\\Users\\Daniel\\node_modules","C:\\Users\\node_modules","C:\\node_modules","C:\\Users\\Daniel\\.node_modules","C:\\Users\\Daniel\\.node_libraries","C:\\nvm4w\\nodejs\\lib\\node"]
MODULE 45160: load "C:\\Users\\Daniel\\Documents\\projects\\SyncClassroom\\repos\\ai-editor\\node_modules\\once\\once.js" for module "C:\\Users\\Daniel\\Documents\\projects\\SyncClassroom\\repos\\ai-editor\\node_modules\\once\\once.js"
MODULE 45160: Module._load REQUEST wrappy parent: C:\Users\Daniel\Documents\projects\SyncClassroom\repos\ai-editor\node_modules\once\once.js
MODULE 45160: looking for "wrappy" in ["C:\\Users\\Daniel\\Documents\\projects\\SyncClassroom\\repos\\ai-editor\\node_modules\\once\\node_modules","C:\\Users\\Daniel\\Documents\\projects\\SyncClassroom\\repos\\ai-editor\\node_modules","C:\\Users\\Daniel\\Documents\\projects\\SyncClassroom\\repos\\node_modules","C:\\Users\\Daniel\\Documents\\projects\\SyncClassroom\\node_modules","C:\\Users\\Daniel\\Documents\\projects\\node_modules","C:\\Users\\Daniel\\Documents\\node_modules","C:\\Users\\Daniel\\node_modules","C:\\Users\\node_modules","C:\\node_modules","C:\\Users\\Daniel\\.node_modules","C:\\Users\\Daniel\\.node_libraries","C:\\nvm4w\\nodejs\\lib\\node"]
MODULE 45160: load "C:\\Users\\Daniel\\Documents\\projects\\SyncClassroom\\repos\\ai-editor\\node_modules\\wrappy\\wrappy.js" for module "C:\\Users\\Daniel\\Documents\\projects\\SyncClassroom\\repos\\ai-editor\\node_modules\\wrappy\\wrappy.js"
MODULE 45160: Module._load REQUEST process-nextick-args parent: C:\Users\Daniel\Documents\projects\SyncClassroom\repos\ai-editor\node_modules\async-done\index.js
MODULE 45160: looking for "process-nextick-args" in ["C:\\Users\\Daniel\\Documents\\projects\\SyncClassroom\\repos\\ai-editor\\node_modules\\async-done\\node_modules","C:\\Users\\Daniel\\Documents\\projects\\SyncClassroom\\repos\\ai-editor\\node_modules","C:\\Users\\Daniel\\Documents\\projects\\SyncClassroom\\repos\\node_modules","C:\\Users\\Daniel\\Documents\\projects\\SyncClassroom\\node_modules","C:\\Users\\Daniel\\Documents\\projects\\node_modules","C:\\Users\\Daniel\\Documents\\node_modules","C:\\Users\\Daniel\\node_modules","C:\\Users\\node_modules","C:\\node_modules","C:\\Users\\Daniel\\.node_modules","C:\\Users\\Daniel\\.node_libraries","C:\\nvm4w\\nodejs\\lib\\node"]
MODULE 45160: Module._load REQUEST once parent: C:\Users\Daniel\Documents\projects\SyncClassroom\repos\ai-editor\node_modules\async-done\index.js
MODULE 45160: looking for "once" in ["C:\\Users\\Daniel\\Documents\\projects\\SyncClassroom\\repos\\ai-editor\\node_modules\\async-done\\node_modules","C:\\Users\\Daniel\\Documents\\projects\\SyncClassroom\\repos\\ai-editor\\node_modules","C:\\Users\\Daniel\\Documents\\projects\\SyncClassroom\\repos\\node_modules","C:\\Users\\Daniel\\Documents\\projects\\SyncClassroom\\node_modules","C:\\Users\\Daniel\\Documents\\projects\\node_modules","C:\\Users\\Daniel\\Documents\\node_modules","C:\\Users\\Daniel\\node_modules","C:\\Users\\node_modules","C:\\node_modules","C:\\Users\\Daniel\\.node_modules","C:\\Users\\Daniel\\.node_libraries","C:\\nvm4w\\nodejs\\lib\\node"]
MODULE 45160: Module._load REQUEST stream-exhaust parent: C:\Users\Daniel\Documents\projects\SyncClassroom\repos\ai-editor\node_modules\async-done\index.js
MODULE 45160: looking for "stream-exhaust" in ["C:\\Users\\Daniel\\Documents\\projects\\SyncClassroom\\repos\\ai-editor\\node_modules\\async-done\\node_modules","C:\\Users\\Daniel\\Documents\\projects\\SyncClassroom\\repos\\ai-editor\\node_modules","C:\\Users\\Daniel\\Documents\\projects\\SyncClassroom\\repos\\node_modules","C:\\Users\\Daniel\\Documents\\projects\\SyncClassroom\\node_modules","C:\\Users\\Daniel\\Documents\\projects\\node_modules","C:\\Users\\Daniel\\Documents\\node_modules","C:\\Users\\Daniel\\node_modules","C:\\Users\\node_modules","C:\\node_modules","C:\\Users\\Daniel\\.node_modules","C:\\Users\\Daniel\\.node_libraries","C:\\nvm4w\\nodejs\\lib\\node"]
MODULE 45160: load "C:\\Users\\Daniel\\Documents\\projects\\SyncClassroom\\repos\\ai-editor\\node_modules\\stream-exhaust\\index.js" for module "C:\\Users\\Daniel\\Documents\\projects\\SyncClassroom\\repos\\ai-editor\\node_modules\\stream-exhaust\\index.js"
MODULE 45160: Module._load REQUEST stream parent: C:\Users\Daniel\Documents\projects\SyncClassroom\repos\ai-editor\node_modules\stream-exhaust\index.js
MODULE 45160: load built-in module stream
MODULE 45160: Module._load REQUEST util parent: C:\Users\Daniel\Documents\projects\SyncClassroom\repos\ai-editor\node_modules\stream-exhaust\index.js
MODULE 45160: load built-in module util
MODULE 45160: Module._load REQUEST now-and-later parent: C:\Users\Daniel\Documents\projects\SyncClassroom\repos\ai-editor\node_modules\bach\lib\series.js
MODULE 45160: looking for "now-and-later" in ["C:\\Users\\Daniel\\Documents\\projects\\SyncClassroom\\repos\\ai-editor\\node_modules\\bach\\lib\\node_modules","C:\\Users\\Daniel\\Documents\\projects\\SyncClassroom\\repos\\ai-editor\\node_modules\\bach\\node_modules","C:\\Users\\Daniel\\Documents\\projects\\SyncClassroom\\repos\\ai-editor\\node_modules","C:\\Users\\Daniel\\Documents\\projects\\SyncClassroom\\repos\\node_modules","C:\\Users\\Daniel\\Documents\\projects\\SyncClassroom\\node_modules","C:\\Users\\Daniel\\Documents\\projects\\node_modules","C:\\Users\\Daniel\\Documents\\node_modules","C:\\Users\\Daniel\\node_modules","C:\\Users\\node_modules","C:\\node_modules","C:\\Users\\Daniel\\.node_modules","C:\\Users\\Daniel\\.node_libraries","C:\\nvm4w\\nodejs\\lib\\node"]
MODULE 45160: load "C:\\Users\\Daniel\\Documents\\projects\\SyncClassroom\\repos\\ai-editor\\node_modules\\now-and-later\\index.js" for module "C:\\Users\\Daniel\\Documents\\projects\\SyncClassroom\\repos\\ai-editor\\node_modules\\now-and-later\\index.js"
MODULE 45160: Module._load REQUEST ./lib/map parent: C:\Users\Daniel\Documents\projects\SyncClassroom\repos\ai-editor\node_modules\now-and-later\index.js
MODULE 45160: RELATIVE: requested: ./lib/map from parent.id C:\Users\Daniel\Documents\projects\SyncClassroom\repos\ai-editor\node_modules\now-and-later\index.js
MODULE 45160: looking for ["C:\\Users\\Daniel\\Documents\\projects\\SyncClassroom\\repos\\ai-editor\\node_modules\\now-and-later"]
MODULE 45160: load "C:\\Users\\Daniel\\Documents\\projects\\SyncClassroom\\repos\\ai-editor\\node_modules\\now-and-later\\lib\\map.js" for module "C:\\Users\\Daniel\\Documents\\projects\\SyncClassroom\\repos\\ai-editor\\node_modules\\now-and-later\\lib\\map.js"
MODULE 45160: Module._load REQUEST once parent: C:\Users\Daniel\Documents\projects\SyncClassroom\repos\ai-editor\node_modules\now-and-later\lib\map.js
MODULE 45160: looking for "once" in ["C:\\Users\\Daniel\\Documents\\projects\\SyncClassroom\\repos\\ai-editor\\node_modules\\now-and-later\\lib\\node_modules","C:\\Users\\Daniel\\Documents\\projects\\SyncClassroom\\repos\\ai-editor\\node_modules\\now-and-later\\node_modules","C:\\Users\\Daniel\\Documents\\projects\\SyncClassroom\\repos\\ai-editor\\node_modules","C:\\Users\\Daniel\\Documents\\projects\\SyncClassroom\\repos\\node_modules","C:\\Users\\Daniel\\Documents\\projects\\SyncClassroom\\node_modules","C:\\Users\\Daniel\\Documents\\projects\\node_modules","C:\\Users\\Daniel\\Documents\\node_modules","C:\\Users\\Daniel\\node_modules","C:\\Users\\node_modules","C:\\node_modules","C:\\Users\\Daniel\\.node_modules","C:\\Users\\Daniel\\.node_libraries","C:\\nvm4w\\nodejs\\lib\\node"]
MODULE 45160: Module._load REQUEST ./helpers parent: C:\Users\Daniel\Documents\projects\SyncClassroom\repos\ai-editor\node_modules\now-and-later\lib\map.js
MODULE 45160: RELATIVE: requested: ./helpers from parent.id C:\Users\Daniel\Documents\projects\SyncClassroom\repos\ai-editor\node_modules\now-and-later\lib\map.js
MODULE 45160: looking for ["C:\\Users\\Daniel\\Documents\\projects\\SyncClassroom\\repos\\ai-editor\\node_modules\\now-and-later\\lib"]
MODULE 45160: load "C:\\Users\\Daniel\\Documents\\projects\\SyncClassroom\\repos\\ai-editor\\node_modules\\now-and-later\\lib\\helpers.js" for module "C:\\Users\\Daniel\\Documents\\projects\\SyncClassroom\\repos\\ai-editor\\node_modules\\now-and-later\\lib\\helpers.js"
MODULE 45160: Module._load REQUEST ./lib/mapSeries parent: C:\Users\Daniel\Documents\projects\SyncClassroom\repos\ai-editor\node_modules\now-and-later\index.js
MODULE 45160: RELATIVE: requested: ./lib/mapSeries from parent.id C:\Users\Daniel\Documents\projects\SyncClassroom\repos\ai-editor\node_modules\now-and-later\index.js
MODULE 45160: looking for ["C:\\Users\\Daniel\\Documents\\projects\\SyncClassroom\\repos\\ai-editor\\node_modules\\now-and-later"]
MODULE 45160: load "C:\\Users\\Daniel\\Documents\\projects\\SyncClassroom\\repos\\ai-editor\\node_modules\\now-and-later\\lib\\mapSeries.js" for module "C:\\Users\\Daniel\\Documents\\projects\\SyncClassroom\\repos\\ai-editor\\node_modules\\now-and-later\\lib\\mapSeries.js"
MODULE 45160: Module._load REQUEST once parent: C:\Users\Daniel\Documents\projects\SyncClassroom\repos\ai-editor\node_modules\now-and-later\lib\mapSeries.js
MODULE 45160: looking for "once" in ["C:\\Users\\Daniel\\Documents\\projects\\SyncClassroom\\repos\\ai-editor\\node_modules\\now-and-later\\lib\\node_modules","C:\\Users\\Daniel\\Documents\\projects\\SyncClassroom\\repos\\ai-editor\\node_modules\\now-and-later\\node_modules","C:\\Users\\Daniel\\Documents\\projects\\SyncClassroom\\repos\\ai-editor\\node_modules","C:\\Users\\Daniel\\Documents\\projects\\SyncClassroom\\repos\\node_modules","C:\\Users\\Daniel\\Documents\\projects\\SyncClassroom\\node_modules","C:\\Users\\Daniel\\Documents\\projects\\node_modules","C:\\Users\\Daniel\\Documents\\node_modules","C:\\Users\\Daniel\\node_modules","C:\\Users\\node_modules","C:\\node_modules","C:\\Users\\Daniel\\.node_modules","C:\\Users\\Daniel\\.node_libraries","C:\\nvm4w\\nodejs\\lib\\node"]
MODULE 45160: Module._load REQUEST ./helpers parent: C:\Users\Daniel\Documents\projects\SyncClassroom\repos\ai-editor\node_modules\now-and-later\lib\mapSeries.js
MODULE 45160: Module._load REQUEST ./helpers parent: C:\Users\Daniel\Documents\projects\SyncClassroom\repos\ai-editor\node_modules\bach\lib\series.js
MODULE 45160: RELATIVE: requested: ./helpers from parent.id C:\Users\Daniel\Documents\projects\SyncClassroom\repos\ai-editor\node_modules\bach\lib\series.js
MODULE 45160: looking for ["C:\\Users\\Daniel\\Documents\\projects\\SyncClassroom\\repos\\ai-editor\\node_modules\\bach\\lib"]
MODULE 45160: load "C:\\Users\\Daniel\\Documents\\projects\\SyncClassroom\\repos\\ai-editor\\node_modules\\bach\\lib\\helpers.js" for module "C:\\Users\\Daniel\\Documents\\projects\\SyncClassroom\\repos\\ai-editor\\node_modules\\bach\\lib\\helpers.js"
MODULE 45160: Module._load REQUEST assert parent: C:\Users\Daniel\Documents\projects\SyncClassroom\repos\ai-editor\node_modules\bach\lib\helpers.js
MODULE 45160: load built-in module assert
MODULE 45160: Module._load REQUEST arr-filter parent: C:\Users\Daniel\Documents\projects\SyncClassroom\repos\ai-editor\node_modules\bach\lib\helpers.js
MODULE 45160: looking for "arr-filter" in ["C:\\Users\\Daniel\\Documents\\projects\\SyncClassroom\\repos\\ai-editor\\node_modules\\bach\\lib\\node_modules","C:\\Users\\Daniel\\Documents\\projects\\SyncClassroom\\repos\\ai-editor\\node_modules\\bach\\node_modules","C:\\Users\\Daniel\\Documents\\projects\\SyncClassroom\\repos\\ai-editor\\node_modules","C:\\Users\\Daniel\\Documents\\projects\\SyncClassroom\\repos\\node_modules","C:\\Users\\Daniel\\Documents\\projects\\SyncClassroom\\node_modules","C:\\Users\\Daniel\\Documents\\projects\\node_modules","C:\\Users\\Daniel\\Documents\\node_modules","C:\\Users\\Daniel\\node_modules","C:\\Users\\node_modules","C:\\node_modules","C:\\Users\\Daniel\\.node_modules","C:\\Users\\Daniel\\.node_libraries","C:\\nvm4w\\nodejs\\lib\\node"]
MODULE 45160: load "C:\\Users\\Daniel\\Documents\\projects\\SyncClassroom\\repos\\ai-editor\\node_modules\\arr-filter\\index.js" for module "C:\\Users\\Daniel\\Documents\\projects\\SyncClassroom\\repos\\ai-editor\\node_modules\\arr-filter\\index.js"
MODULE 45160: Module._load REQUEST make-iterator parent: C:\Users\Daniel\Documents\projects\SyncClassroom\repos\ai-editor\node_modules\arr-filter\index.js
MODULE 45160: looking for "make-iterator" in ["C:\\Users\\Daniel\\Documents\\projects\\SyncClassroom\\repos\\ai-editor\\node_modules\\arr-filter\\node_modules","C:\\Users\\Daniel\\Documents\\projects\\SyncClassroom\\repos\\ai-editor\\node_modules","C:\\Users\\Daniel\\Documents\\projects\\SyncClassroom\\repos\\node_modules","C:\\Users\\Daniel\\Documents\\projects\\SyncClassroom\\node_modules","C:\\Users\\Daniel\\Documents\\projects\\node_modules","C:\\Users\\Daniel\\Documents\\node_modules","C:\\Users\\Daniel\\node_modules","C:\\Users\\node_modules","C:\\node_modules","C:\\Users\\Daniel\\.node_modules","C:\\Users\\Daniel\\.node_libraries","C:\\nvm4w\\nodejs\\lib\\node"]
MODULE 45160: Module._load REQUEST arr-map parent: C:\Users\Daniel\Documents\projects\SyncClassroom\repos\ai-editor\node_modules\bach\lib\helpers.js
MODULE 45160: looking for "arr-map" in ["C:\\Users\\Daniel\\Documents\\projects\\SyncClassroom\\repos\\ai-editor\\node_modules\\bach\\lib\\node_modules","C:\\Users\\Daniel\\Documents\\projects\\SyncClassroom\\repos\\ai-editor\\node_modules\\bach\\node_modules","C:\\Users\\Daniel\\Documents\\projects\\SyncClassroom\\repos\\ai-editor\\node_modules","C:\\Users\\Daniel\\Documents\\projects\\SyncClassroom\\repos\\node_modules","C:\\Users\\Daniel\\Documents\\projects\\SyncClassroom\\node_modules","C:\\Users\\Daniel\\Documents\\projects\\node_modules","C:\\Users\\Daniel\\Documents\\node_modules","C:\\Users\\Daniel\\node_modules","C:\\Users\\node_modules","C:\\node_modules","C:\\Users\\Daniel\\.node_modules","C:\\Users\\Daniel\\.node_libraries","C:\\nvm4w\\nodejs\\lib\\node"]
MODULE 45160: Module._load REQUEST arr-flatten parent: C:\Users\Daniel\Documents\projects\SyncClassroom\repos\ai-editor\node_modules\bach\lib\helpers.js
MODULE 45160: looking for "arr-flatten" in ["C:\\Users\\Daniel\\Documents\\projects\\SyncClassroom\\repos\\ai-editor\\node_modules\\bach\\lib\\node_modules","C:\\Users\\Daniel\\Documents\\projects\\SyncClassroom\\repos\\ai-editor\\node_modules\\bach\\node_modules","C:\\Users\\Daniel\\Documents\\projects\\SyncClassroom\\repos\\ai-editor\\node_modules","C:\\Users\\Daniel\\Documents\\projects\\SyncClassroom\\repos\\node_modules","C:\\Users\\Daniel\\Documents\\projects\\SyncClassroom\\node_modules","C:\\Users\\Daniel\\Documents\\projects\\node_modules","C:\\Users\\Daniel\\Documents\\node_modules","C:\\Users\\Daniel\\node_modules","C:\\Users\\node_modules","C:\\node_modules","C:\\Users\\Daniel\\.node_modules","C:\\Users\\Daniel\\.node_libraries","C:\\nvm4w\\nodejs\\lib\\node"]
MODULE 45160: Module._load REQUEST array-each parent: C:\Users\Daniel\Documents\projects\SyncClassroom\repos\ai-editor\node_modules\bach\lib\helpers.js
MODULE 45160: looking for "array-each" in ["C:\\Users\\Daniel\\Documents\\projects\\SyncClassroom\\repos\\ai-editor\\node_modules\\bach\\lib\\node_modules","C:\\Users\\Daniel\\Documents\\projects\\SyncClassroom\\repos\\ai-editor\\node_modules\\bach\\node_modules","C:\\Users\\Daniel\\Documents\\projects\\SyncClassroom\\repos\\ai-editor\\node_modules","C:\\Users\\Daniel\\Documents\\projects\\SyncClassroom\\repos\\node_modules","C:\\Users\\Daniel\\Documents\\projects\\SyncClassroom\\node_modules","C:\\Users\\Daniel\\Documents\\projects\\node_modules","C:\\Users\\Daniel\\Documents\\node_modules","C:\\Users\\Daniel\\node_modules","C:\\Users\\node_modules","C:\\node_modules","C:\\Users\\Daniel\\.node_modules","C:\\Users\\Daniel\\.node_libraries","C:\\nvm4w\\nodejs\\lib\\node"]
MODULE 45160: Module._load REQUEST ./lib/parallel parent: C:\Users\Daniel\Documents\projects\SyncClassroom\repos\ai-editor\node_modules\bach\index.js
MODULE 45160: RELATIVE: requested: ./lib/parallel from parent.id C:\Users\Daniel\Documents\projects\SyncClassroom\repos\ai-editor\node_modules\bach\index.js
MODULE 45160: looking for ["C:\\Users\\Daniel\\Documents\\projects\\SyncClassroom\\repos\\ai-editor\\node_modules\\bach"]
MODULE 45160: load "C:\\Users\\Daniel\\Documents\\projects\\SyncClassroom\\repos\\ai-editor\\node_modules\\bach\\lib\\parallel.js" for module "C:\\Users\\Daniel\\Documents\\projects\\SyncClassroom\\repos\\ai-editor\\node_modules\\bach\\lib\\parallel.js"
MODULE 45160: Module._load REQUEST array-initial parent: C:\Users\Daniel\Documents\projects\SyncClassroom\repos\ai-editor\node_modules\bach\lib\parallel.js
MODULE 45160: Module._load REQUEST array-last parent: C:\Users\Daniel\Documents\projects\SyncClassroom\repos\ai-editor\node_modules\bach\lib\parallel.js
MODULE 45160: Module._load REQUEST async-done parent: C:\Users\Daniel\Documents\projects\SyncClassroom\repos\ai-editor\node_modules\bach\lib\parallel.js
MODULE 45160: Module._load REQUEST now-and-later parent: C:\Users\Daniel\Documents\projects\SyncClassroom\repos\ai-editor\node_modules\bach\lib\parallel.js
MODULE 45160: Module._load REQUEST ./helpers parent: C:\Users\Daniel\Documents\projects\SyncClassroom\repos\ai-editor\node_modules\bach\lib\parallel.js
MODULE 45160: Module._load REQUEST ./lib/settleSeries parent: C:\Users\Daniel\Documents\projects\SyncClassroom\repos\ai-editor\node_modules\bach\index.js
MODULE 45160: RELATIVE: requested: ./lib/settleSeries from parent.id C:\Users\Daniel\Documents\projects\SyncClassroom\repos\ai-editor\node_modules\bach\index.js
MODULE 45160: looking for ["C:\\Users\\Daniel\\Documents\\projects\\SyncClassroom\\repos\\ai-editor\\node_modules\\bach"]
MODULE 45160: load "C:\\Users\\Daniel\\Documents\\projects\\SyncClassroom\\repos\\ai-editor\\node_modules\\bach\\lib\\settleSeries.js" for module "C:\\Users\\Daniel\\Documents\\projects\\SyncClassroom\\repos\\ai-editor\\node_modules\\bach\\lib\\settleSeries.js"
MODULE 45160: Module._load REQUEST array-initial parent: C:\Users\Daniel\Documents\projects\SyncClassroom\repos\ai-editor\node_modules\bach\lib\settleSeries.js
MODULE 45160: Module._load REQUEST array-last parent: C:\Users\Daniel\Documents\projects\SyncClassroom\repos\ai-editor\node_modules\bach\lib\settleSeries.js
MODULE 45160: Module._load REQUEST async-settle parent: C:\Users\Daniel\Documents\projects\SyncClassroom\repos\ai-editor\node_modules\bach\lib\settleSeries.js
MODULE 45160: looking for "async-settle" in ["C:\\Users\\Daniel\\Documents\\projects\\SyncClassroom\\repos\\ai-editor\\node_modules\\bach\\lib\\node_modules","C:\\Users\\Daniel\\Documents\\projects\\SyncClassroom\\repos\\ai-editor\\node_modules\\bach\\node_modules","C:\\Users\\Daniel\\Documents\\projects\\SyncClassroom\\repos\\ai-editor\\node_modules","C:\\Users\\Daniel\\Documents\\projects\\SyncClassroom\\repos\\node_modules","C:\\Users\\Daniel\\Documents\\projects\\SyncClassroom\\node_modules","C:\\Users\\Daniel\\Documents\\projects\\node_modules","C:\\Users\\Daniel\\Documents\\node_modules","C:\\Users\\Daniel\\node_modules","C:\\Users\\node_modules","C:\\node_modules","C:\\Users\\Daniel\\.node_modules","C:\\Users\\Daniel\\.node_libraries","C:\\nvm4w\\nodejs\\lib\\node"]
MODULE 45160: load "C:\\Users\\Daniel\\Documents\\projects\\SyncClassroom\\repos\\ai-editor\\node_modules\\async-settle\\index.js" for module "C:\\Users\\Daniel\\Documents\\projects\\SyncClassroom\\repos\\ai-editor\\node_modules\\async-settle\\index.js"
MODULE 45160: Module._load REQUEST async-done parent: C:\Users\Daniel\Documents\projects\SyncClassroom\repos\ai-editor\node_modules\async-settle\index.js
MODULE 45160: looking for "async-done" in ["C:\\Users\\Daniel\\Documents\\projects\\SyncClassroom\\repos\\ai-editor\\node_modules\\async-settle\\node_modules","C:\\Users\\Daniel\\Documents\\projects\\SyncClassroom\\repos\\ai-editor\\node_modules","C:\\Users\\Daniel\\Documents\\projects\\SyncClassroom\\repos\\node_modules","C:\\Users\\Daniel\\Documents\\projects\\SyncClassroom\\node_modules","C:\\Users\\Daniel\\Documents\\projects\\node_modules","C:\\Users\\Daniel\\Documents\\node_modules","C:\\Users\\Daniel\\node_modules","C:\\Users\\node_modules","C:\\node_modules","C:\\Users\\Daniel\\.node_modules","C:\\Users\\Daniel\\.node_libraries","C:\\nvm4w\\nodejs\\lib\\node"]
MODULE 45160: Module._load REQUEST now-and-later parent: C:\Users\Daniel\Documents\projects\SyncClassroom\repos\ai-editor\node_modules\bach\lib\settleSeries.js
MODULE 45160: Module._load REQUEST ./helpers parent: C:\Users\Daniel\Documents\projects\SyncClassroom\repos\ai-editor\node_modules\bach\lib\settleSeries.js
MODULE 45160: Module._load REQUEST ./lib/settleParallel parent: C:\Users\Daniel\Documents\projects\SyncClassroom\repos\ai-editor\node_modules\bach\index.js
MODULE 45160: RELATIVE: requested: ./lib/settleParallel from parent.id C:\Users\Daniel\Documents\projects\SyncClassroom\repos\ai-editor\node_modules\bach\index.js
MODULE 45160: looking for ["C:\\Users\\Daniel\\Documents\\projects\\SyncClassroom\\repos\\ai-editor\\node_modules\\bach"]
MODULE 45160: load "C:\\Users\\Daniel\\Documents\\projects\\SyncClassroom\\repos\\ai-editor\\node_modules\\bach\\lib\\settleParallel.js" for module "C:\\Users\\Daniel\\Documents\\projects\\SyncClassroom\\repos\\ai-editor\\node_modules\\bach\\lib\\settleParallel.js"
MODULE 45160: Module._load REQUEST array-initial parent: C:\Users\Daniel\Documents\projects\SyncClassroom\repos\ai-editor\node_modules\bach\lib\settleParallel.js
MODULE 45160: Module._load REQUEST array-last parent: C:\Users\Daniel\Documents\projects\SyncClassroom\repos\ai-editor\node_modules\bach\lib\settleParallel.js
MODULE 45160: Module._load REQUEST async-settle parent: C:\Users\Daniel\Documents\projects\SyncClassroom\repos\ai-editor\node_modules\bach\lib\settleParallel.js
MODULE 45160: Module._load REQUEST now-and-later parent: C:\Users\Daniel\Documents\projects\SyncClassroom\repos\ai-editor\node_modules\bach\lib\settleParallel.js
MODULE 45160: Module._load REQUEST ./helpers parent: C:\Users\Daniel\Documents\projects\SyncClassroom\repos\ai-editor\node_modules\bach\lib\settleParallel.js
MODULE 45160: Module._load REQUEST ./helpers/metadata parent: C:\Users\Daniel\Documents\projects\SyncClassroom\repos\ai-editor\node_modules\undertaker\lib\series.js
MODULE 45160: Module._load REQUEST ./helpers/buildTree parent: C:\Users\Daniel\Documents\projects\SyncClassroom\repos\ai-editor\node_modules\undertaker\lib\series.js
MODULE 45160: RELATIVE: requested: ./helpers/buildTree from parent.id C:\Users\Daniel\Documents\projects\SyncClassroom\repos\ai-editor\node_modules\undertaker\lib\series.js
MODULE 45160: looking for ["C:\\Users\\Daniel\\Documents\\projects\\SyncClassroom\\repos\\ai-editor\\node_modules\\undertaker\\lib"]
MODULE 45160: load "C:\\Users\\Daniel\\Documents\\projects\\SyncClassroom\\repos\\ai-editor\\node_modules\\undertaker\\lib\\helpers\\buildTree.js" for module "C:\\Users\\Daniel\\Documents\\projects\\SyncClassroom\\repos\\ai-editor\\node_modules\\undertaker\\lib\\helpers\\buildTree.js"
MODULE 45160: Module._load REQUEST collection-map parent: C:\Users\Daniel\Documents\projects\SyncClassroom\repos\ai-editor\node_modules\undertaker\lib\helpers\buildTree.js
MODULE 45160: looking for "collection-map" in ["C:\\Users\\Daniel\\Documents\\projects\\SyncClassroom\\repos\\ai-editor\\node_modules\\undertaker\\lib\\helpers\\node_modules","C:\\Users\\Daniel\\Documents\\projects\\SyncClassroom\\repos\\ai-editor\\node_modules\\undertaker\\lib\\node_modules","C:\\Users\\Daniel\\Documents\\projects\\SyncClassroom\\repos\\ai-editor\\node_modules\\undertaker\\node_modules","C:\\Users\\Daniel\\Documents\\projects\\SyncClassroom\\repos\\ai-editor\\node_modules","C:\\Users\\Daniel\\Documents\\projects\\SyncClassroom\\repos\\node_modules","C:\\Users\\Daniel\\Documents\\projects\\SyncClassroom\\node_modules","C:\\Users\\Daniel\\Documents\\projects\\node_modules","C:\\Users\\Daniel\\Documents\\node_modules","C:\\Users\\Daniel\\node_modules","C:\\Users\\node_modules","C:\\node_modules","C:\\Users\\Daniel\\.node_modules","C:\\Users\\Daniel\\.node_libraries","C:\\nvm4w\\nodejs\\lib\\node"]
MODULE 45160: Module._load REQUEST ./metadata parent: C:\Users\Daniel\Documents\projects\SyncClassroom\repos\ai-editor\node_modules\undertaker\lib\helpers\buildTree.js
MODULE 45160: RELATIVE: requested: ./metadata from parent.id C:\Users\Daniel\Documents\projects\SyncClassroom\repos\ai-editor\node_modules\undertaker\lib\helpers\buildTree.js
MODULE 45160: looking for ["C:\\Users\\Daniel\\Documents\\projects\\SyncClassroom\\repos\\ai-editor\\node_modules\\undertaker\\lib\\helpers"]
MODULE 45160: Module._load REQUEST ./helpers/normalizeArgs parent: C:\Users\Daniel\Documents\projects\SyncClassroom\repos\ai-editor\node_modules\undertaker\lib\series.js
MODULE 45160: RELATIVE: requested: ./helpers/normalizeArgs from parent.id C:\Users\Daniel\Documents\projects\SyncClassroom\repos\ai-editor\node_modules\undertaker\lib\series.js
MODULE 45160: looking for ["C:\\Users\\Daniel\\Documents\\projects\\SyncClassroom\\repos\\ai-editor\\node_modules\\undertaker\\lib"]
MODULE 45160: load "C:\\Users\\Daniel\\Documents\\projects\\SyncClassroom\\repos\\ai-editor\\node_modules\\undertaker\\lib\\helpers\\normalizeArgs.js" for module "C:\\Users\\Daniel\\Documents\\projects\\SyncClassroom\\repos\\ai-editor\\node_modules\\undertaker\\lib\\helpers\\normalizeArgs.js"
MODULE 45160: Module._load REQUEST assert parent: C:\Users\Daniel\Documents\projects\SyncClassroom\repos\ai-editor\node_modules\undertaker\lib\helpers\normalizeArgs.js
MODULE 45160: load built-in module assert
MODULE 45160: Module._load REQUEST arr-map parent: C:\Users\Daniel\Documents\projects\SyncClassroom\repos\ai-editor\node_modules\undertaker\lib\helpers\normalizeArgs.js
MODULE 45160: looking for "arr-map" in ["C:\\Users\\Daniel\\Documents\\projects\\SyncClassroom\\repos\\ai-editor\\node_modules\\undertaker\\lib\\helpers\\node_modules","C:\\Users\\Daniel\\Documents\\projects\\SyncClassroom\\repos\\ai-editor\\node_modules\\undertaker\\lib\\node_modules","C:\\Users\\Daniel\\Documents\\projects\\SyncClassroom\\repos\\ai-editor\\node_modules\\undertaker\\node_modules","C:\\Users\\Daniel\\Documents\\projects\\SyncClassroom\\repos\\ai-editor\\node_modules","C:\\Users\\Daniel\\Documents\\projects\\SyncClassroom\\repos\\node_modules","C:\\Users\\Daniel\\Documents\\projects\\SyncClassroom\\node_modules","C:\\Users\\Daniel\\Documents\\projects\\node_modules","C:\\Users\\Daniel\\Documents\\node_modules","C:\\Users\\Daniel\\node_modules","C:\\Users\\node_modules","C:\\node_modules","C:\\Users\\Daniel\\.node_modules","C:\\Users\\Daniel\\.node_libraries","C:\\nvm4w\\nodejs\\lib\\node"]
MODULE 45160: Module._load REQUEST arr-flatten parent: C:\Users\Daniel\Documents\projects\SyncClassroom\repos\ai-editor\node_modules\undertaker\lib\helpers\normalizeArgs.js
MODULE 45160: looking for "arr-flatten" in ["C:\\Users\\Daniel\\Documents\\projects\\SyncClassroom\\repos\\ai-editor\\node_modules\\undertaker\\lib\\helpers\\node_modules","C:\\Users\\Daniel\\Documents\\projects\\SyncClassroom\\repos\\ai-editor\\node_modules\\undertaker\\lib\\node_modules","C:\\Users\\Daniel\\Documents\\projects\\SyncClassroom\\repos\\ai-editor\\node_modules\\undertaker\\node_modules","C:\\Users\\Daniel\\Documents\\projects\\SyncClassroom\\repos\\ai-editor\\node_modules","C:\\Users\\Daniel\\Documents\\projects\\SyncClassroom\\repos\\node_modules","C:\\Users\\Daniel\\Documents\\projects\\SyncClassroom\\node_modules","C:\\Users\\Daniel\\Documents\\projects\\node_modules","C:\\Users\\Daniel\\Documents\\node_modules","C:\\Users\\Daniel\\node_modules","C:\\Users\\node_modules","C:\\node_modules","C:\\Users\\Daniel\\.node_modules","C:\\Users\\Daniel\\.node_libraries","C:\\nvm4w\\nodejs\\lib\\node"]
MODULE 45160: Module._load REQUEST fast-levenshtein parent: C:\Users\Daniel\Documents\projects\SyncClassroom\repos\ai-editor\node_modules\undertaker\lib\helpers\normalizeArgs.js
MODULE 45160: looking for "fast-levenshtein" in ["C:\\Users\\Daniel\\Documents\\projects\\SyncClassroom\\repos\\ai-editor\\node_modules\\undertaker\\lib\\helpers\\node_modules","C:\\Users\\Daniel\\Documents\\projects\\SyncClassroom\\repos\\ai-editor\\node_modules\\undertaker\\lib\\node_modules","C:\\Users\\Daniel\\Documents\\projects\\SyncClassroom\\repos\\ai-editor\\node_modules\\undertaker\\node_modules","C:\\Users\\Daniel\\Documents\\projects\\SyncClassroom\\repos\\ai-editor\\node_modules","C:\\Users\\Daniel\\Documents\\projects\\SyncClassroom\\repos\\node_modules","C:\\Users\\Daniel\\Documents\\projects\\SyncClassroom\\node_modules","C:\\Users\\Daniel\\Documents\\projects\\node_modules","C:\\Users\\Daniel\\Documents\\node_modules","C:\\Users\\Daniel\\node_modules","C:\\Users\\node_modules","C:\\node_modules","C:\\Users\\Daniel\\.node_modules","C:\\Users\\Daniel\\.node_libraries","C:\\nvm4w\\nodejs\\lib\\node"]
MODULE 45160: load "C:\\Users\\Daniel\\Documents\\projects\\SyncClassroom\\repos\\ai-editor\\node_modules\\undertaker\\node_modules\\fast-levenshtein\\levenshtein.js" for module "C:\\Users\\Daniel\\Documents\\projects\\SyncClassroom\\repos\\ai-editor\\node_modules\\undertaker\\node_modules\\fast-levenshtein\\levenshtein.js"
MODULE 45160: Module._load REQUEST ./helpers/createExtensions parent: C:\Users\Daniel\Documents\projects\SyncClassroom\repos\ai-editor\node_modules\undertaker\lib\series.js
MODULE 45160: RELATIVE: requested: ./helpers/createExtensions from parent.id C:\Users\Daniel\Documents\projects\SyncClassroom\repos\ai-editor\node_modules\undertaker\lib\series.js
MODULE 45160: looking for ["C:\\Users\\Daniel\\Documents\\projects\\SyncClassroom\\repos\\ai-editor\\node_modules\\undertaker\\lib"]
MODULE 45160: load "C:\\Users\\Daniel\\Documents\\projects\\SyncClassroom\\repos\\ai-editor\\node_modules\\undertaker\\lib\\helpers\\createExtensions.js" for module "C:\\Users\\Daniel\\Documents\\projects\\SyncClassroom\\repos\\ai-editor\\node_modules\\undertaker\\lib\\helpers\\createExtensions.js"
MODULE 45160: Module._load REQUEST last-run parent: C:\Users\Daniel\Documents\projects\SyncClassroom\repos\ai-editor\node_modules\undertaker\lib\helpers\createExtensions.js
MODULE 45160: looking for "last-run" in ["C:\\Users\\Daniel\\Documents\\projects\\SyncClassroom\\repos\\ai-editor\\node_modules\\undertaker\\lib\\helpers\\node_modules","C:\\Users\\Daniel\\Documents\\projects\\SyncClassroom\\repos\\ai-editor\\node_modules\\undertaker\\lib\\node_modules","C:\\Users\\Daniel\\Documents\\projects\\SyncClassroom\\repos\\ai-editor\\node_modules\\undertaker\\node_modules","C:\\Users\\Daniel\\Documents\\projects\\SyncClassroom\\repos\\ai-editor\\node_modules","C:\\Users\\Daniel\\Documents\\projects\\SyncClassroom\\repos\\node_modules","C:\\Users\\Daniel\\Documents\\projects\\SyncClassroom\\node_modules","C:\\Users\\Daniel\\Documents\\projects\\node_modules","C:\\Users\\Daniel\\Documents\\node_modules","C:\\Users\\Daniel\\node_modules","C:\\Users\\node_modules","C:\\node_modules","C:\\Users\\Daniel\\.node_modules","C:\\Users\\Daniel\\.node_libraries","C:\\nvm4w\\nodejs\\lib\\node"]
MODULE 45160: load "C:\\Users\\Daniel\\Documents\\projects\\SyncClassroom\\repos\\ai-editor\\node_modules\\last-run\\index.js" for module "C:\\Users\\Daniel\\Documents\\projects\\SyncClassroom\\repos\\ai-editor\\node_modules\\last-run\\index.js"
MODULE 45160: Module._load REQUEST assert parent: C:\Users\Daniel\Documents\projects\SyncClassroom\repos\ai-editor\node_modules\last-run\index.js
MODULE 45160: load built-in module assert
MODULE 45160: Module._load REQUEST es6-weak-map parent: C:\Users\Daniel\Documents\projects\SyncClassroom\repos\ai-editor\node_modules\last-run\index.js
MODULE 45160: looking for "es6-weak-map" in ["C:\\Users\\Daniel\\Documents\\projects\\SyncClassroom\\repos\\ai-editor\\node_modules\\last-run\\node_modules","C:\\Users\\Daniel\\Documents\\projects\\SyncClassroom\\repos\\ai-editor\\node_modules","C:\\Users\\Daniel\\Documents\\projects\\SyncClassroom\\repos\\node_modules","C:\\Users\\Daniel\\Documents\\projects\\SyncClassroom\\node_modules","C:\\Users\\Daniel\\Documents\\projects\\node_modules","C:\\Users\\Daniel\\Documents\\node_modules","C:\\Users\\Daniel\\node_modules","C:\\Users\\node_modules","C:\\node_modules","C:\\Users\\Daniel\\.node_modules","C:\\Users\\Daniel\\.node_libraries","C:\\nvm4w\\nodejs\\lib\\node"]
MODULE 45160: Module._load REQUEST es6-weak-map/is-native-implemented parent: C:\Users\Daniel\Documents\projects\SyncClassroom\repos\ai-editor\node_modules\last-run\index.js
MODULE 45160: looking for "es6-weak-map/is-native-implemented" in ["C:\\Users\\Daniel\\Documents\\projects\\SyncClassroom\\repos\\ai-editor\\node_modules\\last-run\\node_modules","C:\\Users\\Daniel\\Documents\\projects\\SyncClassroom\\repos\\ai-editor\\node_modules","C:\\Users\\Daniel\\Documents\\projects\\SyncClassroom\\repos\\node_modules","C:\\Users\\Daniel\\Documents\\projects\\SyncClassroom\\node_modules","C:\\Users\\Daniel\\Documents\\projects\\node_modules","C:\\Users\\Daniel\\Documents\\node_modules","C:\\Users\\Daniel\\node_modules","C:\\Users\\node_modules","C:\\node_modules","C:\\Users\\Daniel\\.node_modules","C:\\Users\\Daniel\\.node_libraries","C:\\nvm4w\\nodejs\\lib\\node"]
MODULE 45160: load "C:\\Users\\Daniel\\Documents\\projects\\SyncClassroom\\repos\\ai-editor\\node_modules\\es6-weak-map\\is-native-implemented.js" for module "C:\\Users\\Daniel\\Documents\\projects\\SyncClassroom\\repos\\ai-editor\\node_modules\\es6-weak-map\\is-native-implemented.js"
MODULE 45160: Module._load REQUEST default-resolution parent: C:\Users\Daniel\Documents\projects\SyncClassroom\repos\ai-editor\node_modules\last-run\index.js
MODULE 45160: looking for "default-resolution" in ["C:\\Users\\Daniel\\Documents\\projects\\SyncClassroom\\repos\\ai-editor\\node_modules\\last-run\\node_modules","C:\\Users\\Daniel\\Documents\\projects\\SyncClassroom\\repos\\ai-editor\\node_modules","C:\\Users\\Daniel\\Documents\\projects\\SyncClassroom\\repos\\node_modules","C:\\Users\\Daniel\\Documents\\projects\\SyncClassroom\\node_modules","C:\\Users\\Daniel\\Documents\\projects\\node_modules","C:\\Users\\Daniel\\Documents\\node_modules","C:\\Users\\Daniel\\node_modules","C:\\Users\\node_modules","C:\\node_modules","C:\\Users\\Daniel\\.node_modules","C:\\Users\\Daniel\\.node_libraries","C:\\nvm4w\\nodejs\\lib\\node"]
MODULE 45160: load "C:\\Users\\Daniel\\Documents\\projects\\SyncClassroom\\repos\\ai-editor\\node_modules\\default-resolution\\index.js" for module "C:\\Users\\Daniel\\Documents\\projects\\SyncClassroom\\repos\\ai-editor\\node_modules\\default-resolution\\index.js"
MODULE 45160: Module._load REQUEST ./node-version parent: C:\Users\Daniel\Documents\projects\SyncClassroom\repos\ai-editor\node_modules\default-resolution\index.js
MODULE 45160: RELATIVE: requested: ./node-version from parent.id C:\Users\Daniel\Documents\projects\SyncClassroom\repos\ai-editor\node_modules\default-resolution\index.js
MODULE 45160: looking for ["C:\\Users\\Daniel\\Documents\\projects\\SyncClassroom\\repos\\ai-editor\\node_modules\\default-resolution"]
MODULE 45160: load "C:\\Users\\Daniel\\Documents\\projects\\SyncClassroom\\repos\\ai-editor\\node_modules\\default-resolution\\node-version.js" for module "C:\\Users\\Daniel\\Documents\\projects\\SyncClassroom\\repos\\ai-editor\\node_modules\\default-resolution\\node-version.js"
MODULE 45160: Module._load REQUEST last-run parent: C:\Users\Daniel\Documents\projects\SyncClassroom\repos\ai-editor\node_modules\undertaker\lib\helpers\createExtensions.js
MODULE 45160: Module._load REQUEST ./metadata parent: C:\Users\Daniel\Documents\projects\SyncClassroom\repos\ai-editor\node_modules\undertaker\lib\helpers\createExtensions.js
MODULE 45160: RELATIVE: requested: ./metadata from parent.id C:\Users\Daniel\Documents\projects\SyncClassroom\repos\ai-editor\node_modules\undertaker\lib\helpers\createExtensions.js
MODULE 45160: looking for ["C:\\Users\\Daniel\\Documents\\projects\\SyncClassroom\\repos\\ai-editor\\node_modules\\undertaker\\lib\\helpers"]
MODULE 45160: Module._load REQUEST ./lib/last-run parent: C:\Users\Daniel\Documents\projects\SyncClassroom\repos\ai-editor\node_modules\undertaker\index.js
MODULE 45160: RELATIVE: requested: ./lib/last-run from parent.id C:\Users\Daniel\Documents\projects\SyncClassroom\repos\ai-editor\node_modules\undertaker\index.js
MODULE 45160: looking for ["C:\\Users\\Daniel\\Documents\\projects\\SyncClassroom\\repos\\ai-editor\\node_modules\\undertaker"]
MODULE 45160: load "C:\\Users\\Daniel\\Documents\\projects\\SyncClassroom\\repos\\ai-editor\\node_modules\\undertaker\\lib\\last-run.js" for module "C:\\Users\\Daniel\\Documents\\projects\\SyncClassroom\\repos\\ai-editor\\node_modules\\undertaker\\lib\\last-run.js"
MODULE 45160: Module._load REQUEST last-run parent: C:\Users\Daniel\Documents\projects\SyncClassroom\repos\ai-editor\node_modules\undertaker\lib\last-run.js
MODULE 45160: looking for "last-run" in ["C:\\Users\\Daniel\\Documents\\projects\\SyncClassroom\\repos\\ai-editor\\node_modules\\undertaker\\lib\\node_modules","C:\\Users\\Daniel\\Documents\\projects\\SyncClassroom\\repos\\ai-editor\\node_modules\\undertaker\\node_modules","C:\\Users\\Daniel\\Documents\\projects\\SyncClassroom\\repos\\ai-editor\\node_modules","C:\\Users\\Daniel\\Documents\\projects\\SyncClassroom\\repos\\node_modules","C:\\Users\\Daniel\\Documents\\projects\\SyncClassroom\\node_modules","C:\\Users\\Daniel\\Documents\\projects\\node_modules","C:\\Users\\Daniel\\Documents\\node_modules","C:\\Users\\Daniel\\node_modules","C:\\Users\\node_modules","C:\\node_modules","C:\\Users\\Daniel\\.node_modules","C:\\Users\\Daniel\\.node_libraries","C:\\nvm4w\\nodejs\\lib\\node"]
MODULE 45160: Module._load REQUEST ./helpers/metadata parent: C:\Users\Daniel\Documents\projects\SyncClassroom\repos\ai-editor\node_modules\undertaker\lib\last-run.js
MODULE 45160: Module._load REQUEST ./lib/parallel parent: C:\Users\Daniel\Documents\projects\SyncClassroom\repos\ai-editor\node_modules\undertaker\index.js
MODULE 45160: RELATIVE: requested: ./lib/parallel from parent.id C:\Users\Daniel\Documents\projects\SyncClassroom\repos\ai-editor\node_modules\undertaker\index.js
MODULE 45160: looking for ["C:\\Users\\Daniel\\Documents\\projects\\SyncClassroom\\repos\\ai-editor\\node_modules\\undertaker"]
MODULE 45160: load "C:\\Users\\Daniel\\Documents\\projects\\SyncClassroom\\repos\\ai-editor\\node_modules\\undertaker\\lib\\parallel.js" for module "C:\\Users\\Daniel\\Documents\\projects\\SyncClassroom\\repos\\ai-editor\\node_modules\\undertaker\\lib\\parallel.js"
MODULE 45160: Module._load REQUEST bach parent: C:\Users\Daniel\Documents\projects\SyncClassroom\repos\ai-editor\node_modules\undertaker\lib\parallel.js
MODULE 45160: Module._load REQUEST ./helpers/metadata parent: C:\Users\Daniel\Documents\projects\SyncClassroom\repos\ai-editor\node_modules\undertaker\lib\parallel.js
MODULE 45160: Module._load REQUEST ./helpers/buildTree parent: C:\Users\Daniel\Documents\projects\SyncClassroom\repos\ai-editor\node_modules\undertaker\lib\parallel.js
MODULE 45160: Module._load REQUEST ./helpers/normalizeArgs parent: C:\Users\Daniel\Documents\projects\SyncClassroom\repos\ai-editor\node_modules\undertaker\lib\parallel.js
MODULE 45160: Module._load REQUEST ./helpers/createExtensions parent: C:\Users\Daniel\Documents\projects\SyncClassroom\repos\ai-editor\node_modules\undertaker\lib\parallel.js
MODULE 45160: Module._load REQUEST ./lib/registry parent: C:\Users\Daniel\Documents\projects\SyncClassroom\repos\ai-editor\node_modules\undertaker\index.js
MODULE 45160: RELATIVE: requested: ./lib/registry from parent.id C:\Users\Daniel\Documents\projects\SyncClassroom\repos\ai-editor\node_modules\undertaker\index.js
MODULE 45160: looking for ["C:\\Users\\Daniel\\Documents\\projects\\SyncClassroom\\repos\\ai-editor\\node_modules\\undertaker"]
MODULE 45160: load "C:\\Users\\Daniel\\Documents\\projects\\SyncClassroom\\repos\\ai-editor\\node_modules\\undertaker\\lib\\registry.js" for module "C:\\Users\\Daniel\\Documents\\projects\\SyncClassroom\\repos\\ai-editor\\node_modules\\undertaker\\lib\\registry.js"
MODULE 45160: Module._load REQUEST object.reduce parent: C:\Users\Daniel\Documents\projects\SyncClassroom\repos\ai-editor\node_modules\undertaker\lib\registry.js
MODULE 45160: looking for "object.reduce" in ["C:\\Users\\Daniel\\Documents\\projects\\SyncClassroom\\repos\\ai-editor\\node_modules\\undertaker\\lib\\node_modules","C:\\Users\\Daniel\\Documents\\projects\\SyncClassroom\\repos\\ai-editor\\node_modules\\undertaker\\node_modules","C:\\Users\\Daniel\\Documents\\projects\\SyncClassroom\\repos\\ai-editor\\node_modules","C:\\Users\\Daniel\\Documents\\projects\\SyncClassroom\\repos\\node_modules","C:\\Users\\Daniel\\Documents\\projects\\SyncClassroom\\node_modules","C:\\Users\\Daniel\\Documents\\projects\\node_modules","C:\\Users\\Daniel\\Documents\\node_modules","C:\\Users\\Daniel\\node_modules","C:\\Users\\node_modules","C:\\node_modules","C:\\Users\\Daniel\\.node_modules","C:\\Users\\Daniel\\.node_libraries","C:\\nvm4w\\nodejs\\lib\\node"]
MODULE 45160: load "C:\\Users\\Daniel\\Documents\\projects\\SyncClassroom\\repos\\ai-editor\\node_modules\\object.reduce\\index.js" for module "C:\\Users\\Daniel\\Documents\\projects\\SyncClassroom\\repos\\ai-editor\\node_modules\\object.reduce\\index.js"
MODULE 45160: Module._load REQUEST make-iterator parent: C:\Users\Daniel\Documents\projects\SyncClassroom\repos\ai-editor\node_modules\object.reduce\index.js
MODULE 45160: looking for "make-iterator" in ["C:\\Users\\Daniel\\Documents\\projects\\SyncClassroom\\repos\\ai-editor\\node_modules\\object.reduce\\node_modules","C:\\Users\\Daniel\\Documents\\projects\\SyncClassroom\\repos\\ai-editor\\node_modules","C:\\Users\\Daniel\\Documents\\projects\\SyncClassroom\\repos\\node_modules","C:\\Users\\Daniel\\Documents\\projects\\SyncClassroom\\node_modules","C:\\Users\\Daniel\\Documents\\projects\\node_modules","C:\\Users\\Daniel\\Documents\\node_modules","C:\\Users\\Daniel\\node_modules","C:\\Users\\node_modules","C:\\node_modules","C:\\Users\\Daniel\\.node_modules","C:\\Users\\Daniel\\.node_libraries","C:\\nvm4w\\nodejs\\lib\\node"]
MODULE 45160: Module._load REQUEST for-own parent: C:\Users\Daniel\Documents\projects\SyncClassroom\repos\ai-editor\node_modules\object.reduce\index.js
MODULE 45160: looking for "for-own" in ["C:\\Users\\Daniel\\Documents\\projects\\SyncClassroom\\repos\\ai-editor\\node_modules\\object.reduce\\node_modules","C:\\Users\\Daniel\\Documents\\projects\\SyncClassroom\\repos\\ai-editor\\node_modules","C:\\Users\\Daniel\\Documents\\projects\\SyncClassroom\\repos\\node_modules","C:\\Users\\Daniel\\Documents\\projects\\SyncClassroom\\node_modules","C:\\Users\\Daniel\\Documents\\projects\\node_modules","C:\\Users\\Daniel\\Documents\\node_modules","C:\\Users\\Daniel\\node_modules","C:\\Users\\node_modules","C:\\node_modules","C:\\Users\\Daniel\\.node_modules","C:\\Users\\Daniel\\.node_libraries","C:\\nvm4w\\nodejs\\lib\\node"]
MODULE 45160: Module._load REQUEST ./helpers/validateRegistry parent: C:\Users\Daniel\Documents\projects\SyncClassroom\repos\ai-editor\node_modules\undertaker\lib\registry.js
MODULE 45160: RELATIVE: requested: ./helpers/validateRegistry from parent.id C:\Users\Daniel\Documents\projects\SyncClassroom\repos\ai-editor\node_modules\undertaker\lib\registry.js
MODULE 45160: looking for ["C:\\Users\\Daniel\\Documents\\projects\\SyncClassroom\\repos\\ai-editor\\node_modules\\undertaker\\lib"]
MODULE 45160: load "C:\\Users\\Daniel\\Documents\\projects\\SyncClassroom\\repos\\ai-editor\\node_modules\\undertaker\\lib\\helpers\\validateRegistry.js" for module "C:\\Users\\Daniel\\Documents\\projects\\SyncClassroom\\repos\\ai-editor\\node_modules\\undertaker\\lib\\helpers\\validateRegistry.js"
MODULE 45160: Module._load REQUEST assert parent: C:\Users\Daniel\Documents\projects\SyncClassroom\repos\ai-editor\node_modules\undertaker\lib\helpers\validateRegistry.js
MODULE 45160: load built-in module assert
MODULE 45160: Module._load REQUEST ./lib/get-task parent: C:\Users\Daniel\Documents\projects\SyncClassroom\repos\ai-editor\node_modules\undertaker\index.js
MODULE 45160: RELATIVE: requested: ./lib/get-task from parent.id C:\Users\Daniel\Documents\projects\SyncClassroom\repos\ai-editor\node_modules\undertaker\index.js
MODULE 45160: looking for ["C:\\Users\\Daniel\\Documents\\projects\\SyncClassroom\\repos\\ai-editor\\node_modules\\undertaker"]
MODULE 45160: load "C:\\Users\\Daniel\\Documents\\projects\\SyncClassroom\\repos\\ai-editor\\node_modules\\undertaker\\lib\\get-task.js" for module "C:\\Users\\Daniel\\Documents\\projects\\SyncClassroom\\repos\\ai-editor\\node_modules\\undertaker\\lib\\get-task.js"
MODULE 45160: Module._load REQUEST ./lib/set-task parent: C:\Users\Daniel\Documents\projects\SyncClassroom\repos\ai-editor\node_modules\undertaker\index.js
MODULE 45160: RELATIVE: requested: ./lib/set-task from parent.id C:\Users\Daniel\Documents\projects\SyncClassroom\repos\ai-editor\node_modules\undertaker\index.js
MODULE 45160: looking for ["C:\\Users\\Daniel\\Documents\\projects\\SyncClassroom\\repos\\ai-editor\\node_modules\\undertaker"]
MODULE 45160: load "C:\\Users\\Daniel\\Documents\\projects\\SyncClassroom\\repos\\ai-editor\\node_modules\\undertaker\\lib\\set-task.js" for module "C:\\Users\\Daniel\\Documents\\projects\\SyncClassroom\\repos\\ai-editor\\node_modules\\undertaker\\lib\\set-task.js"
MODULE 45160: Module._load REQUEST assert parent: C:\Users\Daniel\Documents\projects\SyncClassroom\repos\ai-editor\node_modules\undertaker\lib\set-task.js
MODULE 45160: load built-in module assert
MODULE 45160: Module._load REQUEST ./helpers/metadata parent: C:\Users\Daniel\Documents\projects\SyncClassroom\repos\ai-editor\node_modules\undertaker\lib\set-task.js
MODULE 45160: Module._load REQUEST vinyl-fs parent: C:\Users\Daniel\Documents\projects\SyncClassroom\repos\ai-editor\node_modules\gulp\index.js
MODULE 45160: looking for "vinyl-fs" in ["C:\\Users\\Daniel\\Documents\\projects\\SyncClassroom\\repos\\ai-editor\\node_modules\\gulp\\node_modules","C:\\Users\\Daniel\\Documents\\projects\\SyncClassroom\\repos\\ai-editor\\node_modules","C:\\Users\\Daniel\\Documents\\projects\\SyncClassroom\\repos\\node_modules","C:\\Users\\Daniel\\Documents\\projects\\SyncClassroom\\node_modules","C:\\Users\\Daniel\\Documents\\projects\\node_modules","C:\\Users\\Daniel\\Documents\\node_modules","C:\\Users\\Daniel\\node_modules","C:\\Users\\node_modules","C:\\node_modules","C:\\Users\\Daniel\\.node_modules","C:\\Users\\Daniel\\.node_libraries","C:\\nvm4w\\nodejs\\lib\\node"]
MODULE 45160: load "C:\\Users\\Daniel\\Documents\\projects\\SyncClassroom\\repos\\ai-editor\\node_modules\\vinyl-fs\\index.js" for module "C:\\Users\\Daniel\\Documents\\projects\\SyncClassroom\\repos\\ai-editor\\node_modules\\vinyl-fs\\index.js"
MODULE 45160: Module._load REQUEST ./lib/src parent: C:\Users\Daniel\Documents\projects\SyncClassroom\repos\ai-editor\node_modules\vinyl-fs\index.js
MODULE 45160: RELATIVE: requested: ./lib/src from parent.id C:\Users\Daniel\Documents\projects\SyncClassroom\repos\ai-editor\node_modules\vinyl-fs\index.js
MODULE 45160: looking for ["C:\\Users\\Daniel\\Documents\\projects\\SyncClassroom\\repos\\ai-editor\\node_modules\\vinyl-fs"]
MODULE 45160: load "C:\\Users\\Daniel\\Documents\\projects\\SyncClassroom\\repos\\ai-editor\\node_modules\\vinyl-fs\\lib\\src\\index.js" for module "C:\\Users\\Daniel\\Documents\\projects\\SyncClassroom\\repos\\ai-editor\\node_modules\\vinyl-fs\\lib\\src\\index.js"
MODULE 45160: Module._load REQUEST glob-stream parent: C:\Users\Daniel\Documents\projects\SyncClassroom\repos\ai-editor\node_modules\vinyl-fs\lib\src\index.js
MODULE 45160: looking for "glob-stream" in ["C:\\Users\\Daniel\\Documents\\projects\\SyncClassroom\\repos\\ai-editor\\node_modules\\vinyl-fs\\lib\\src\\node_modules","C:\\Users\\Daniel\\Documents\\projects\\SyncClassroom\\repos\\ai-editor\\node_modules\\vinyl-fs\\lib\\node_modules","C:\\Users\\Daniel\\Documents\\projects\\SyncClassroom\\repos\\ai-editor\\node_modules\\vinyl-fs\\node_modules","C:\\Users\\Daniel\\Documents\\projects\\SyncClassroom\\repos\\ai-editor\\node_modules","C:\\Users\\Daniel\\Documents\\projects\\SyncClassroom\\repos\\node_modules","C:\\Users\\Daniel\\Documents\\projects\\SyncClassroom\\node_modules","C:\\Users\\Daniel\\Documents\\projects\\node_modules","C:\\Users\\Daniel\\Documents\\node_modules","C:\\Users\\Daniel\\node_modules","C:\\Users\\node_modules","C:\\node_modules","C:\\Users\\Daniel\\.node_modules","C:\\Users\\Daniel\\.node_libraries","C:\\nvm4w\\nodejs\\lib\\node"]
MODULE 45160: load "C:\\Users\\Daniel\\Documents\\projects\\SyncClassroom\\repos\\ai-editor\\node_modules\\glob-stream\\index.js" for module "C:\\Users\\Daniel\\Documents\\projects\\SyncClassroom\\repos\\ai-editor\\node_modules\\glob-stream\\index.js"
MODULE 45160: Module._load REQUEST ordered-read-streams parent: C:\Users\Daniel\Documents\projects\SyncClassroom\repos\ai-editor\node_modules\glob-stream\index.js
MODULE 45160: looking for "ordered-read-streams" in ["C:\\Users\\Daniel\\Documents\\projects\\SyncClassroom\\repos\\ai-editor\\node_modules\\glob-stream\\node_modules","C:\\Users\\Daniel\\Documents\\projects\\SyncClassroom\\repos\\ai-editor\\node_modules","C:\\Users\\Daniel\\Documents\\projects\\SyncClassroom\\repos\\node_modules","C:\\Users\\Daniel\\Documents\\projects\\SyncClassroom\\node_modules","C:\\Users\\Daniel\\Documents\\projects\\node_modules","C:\\Users\\Daniel\\Documents\\node_modules","C:\\Users\\Daniel\\node_modules","C:\\Users\\node_modules","C:\\node_modules","C:\\Users\\Daniel\\.node_modules","C:\\Users\\Daniel\\.node_libraries","C:\\nvm4w\\nodejs\\lib\\node"]
MODULE 45160: load "C:\\Users\\Daniel\\Documents\\projects\\SyncClassroom\\repos\\ai-editor\\node_modules\\ordered-read-streams\\index.js" for module "C:\\Users\\Daniel\\Documents\\projects\\SyncClassroom\\repos\\ai-editor\\node_modules\\ordered-read-streams\\index.js"
MODULE 45160: Module._load REQUEST readable-stream/readable parent: C:\Users\Daniel\Documents\projects\SyncClassroom\repos\ai-editor\node_modules\ordered-read-streams\index.js
MODULE 45160: looking for "readable-stream/readable" in ["C:\\Users\\Daniel\\Documents\\projects\\SyncClassroom\\repos\\ai-editor\\node_modules\\ordered-read-streams\\node_modules","C:\\Users\\Daniel\\Documents\\projects\\SyncClassroom\\repos\\ai-editor\\node_modules","C:\\Users\\Daniel\\Documents\\projects\\SyncClassroom\\repos\\node_modules","C:\\Users\\Daniel\\Documents\\projects\\SyncClassroom\\node_modules","C:\\Users\\Daniel\\Documents\\projects\\node_modules","C:\\Users\\Daniel\\Documents\\node_modules","C:\\Users\\Daniel\\node_modules","C:\\Users\\node_modules","C:\\node_modules","C:\\Users\\Daniel\\.node_modules","C:\\Users\\Daniel\\.node_libraries","C:\\nvm4w\\nodejs\\lib\\node"]
MODULE 45160: Module._load REQUEST util parent: C:\Users\Daniel\Documents\projects\SyncClassroom\repos\ai-editor\node_modules\ordered-read-streams\index.js
MODULE 45160: load built-in module util
MODULE 45160: Module._load REQUEST unique-stream parent: C:\Users\Daniel\Documents\projects\SyncClassroom\repos\ai-editor\node_modules\glob-stream\index.js
MODULE 45160: looking for "unique-stream" in ["C:\\Users\\Daniel\\Documents\\projects\\SyncClassroom\\repos\\ai-editor\\node_modules\\glob-stream\\node_modules","C:\\Users\\Daniel\\Documents\\projects\\SyncClassroom\\repos\\ai-editor\\node_modules","C:\\Users\\Daniel\\Documents\\projects\\SyncClassroom\\repos\\node_modules","C:\\Users\\Daniel\\Documents\\projects\\SyncClassroom\\node_modules","C:\\Users\\Daniel\\Documents\\projects\\node_modules","C:\\Users\\Daniel\\Documents\\node_modules","C:\\Users\\Daniel\\node_modules","C:\\Users\\node_modules","C:\\node_modules","C:\\Users\\Daniel\\.node_modules","C:\\Users\\Daniel\\.node_libraries","C:\\nvm4w\\nodejs\\lib\\node"]
MODULE 45160: load "C:\\Users\\Daniel\\Documents\\projects\\SyncClassroom\\repos\\ai-editor\\node_modules\\unique-stream\\index.js" for module "C:\\Users\\Daniel\\Documents\\projects\\SyncClassroom\\repos\\ai-editor\\node_modules\\unique-stream\\index.js"
MODULE 45160: Module._load REQUEST through2-filter parent: C:\Users\Daniel\Documents\projects\SyncClassroom\repos\ai-editor\node_modules\unique-stream\index.js
MODULE 45160: looking for "through2-filter" in ["C:\\Users\\Daniel\\Documents\\projects\\SyncClassroom\\repos\\ai-editor\\node_modules\\unique-stream\\node_modules","C:\\Users\\Daniel\\Documents\\projects\\SyncClassroom\\repos\\ai-editor\\node_modules","C:\\Users\\Daniel\\Documents\\projects\\SyncClassroom\\repos\\node_modules","C:\\Users\\Daniel\\Documents\\projects\\SyncClassroom\\node_modules","C:\\Users\\Daniel\\Documents\\projects\\node_modules","C:\\Users\\Daniel\\Documents\\node_modules","C:\\Users\\Daniel\\node_modules","C:\\Users\\node_modules","C:\\node_modules","C:\\Users\\Daniel\\.node_modules","C:\\Users\\Daniel\\.node_libraries","C:\\nvm4w\\nodejs\\lib\\node"]
MODULE 45160: load "C:\\Users\\Daniel\\Documents\\projects\\SyncClassroom\\repos\\ai-editor\\node_modules\\through2-filter\\index.js" for module "C:\\Users\\Daniel\\Documents\\projects\\SyncClassroom\\repos\\ai-editor\\node_modules\\through2-filter\\index.js"
MODULE 45160: Module._load REQUEST through2 parent: C:\Users\Daniel\Documents\projects\SyncClassroom\repos\ai-editor\node_modules\through2-filter\index.js
MODULE 45160: looking for "through2" in ["C:\\Users\\Daniel\\Documents\\projects\\SyncClassroom\\repos\\ai-editor\\node_modules\\through2-filter\\node_modules","C:\\Users\\Daniel\\Documents\\projects\\SyncClassroom\\repos\\ai-editor\\node_modules","C:\\Users\\Daniel\\Documents\\projects\\SyncClassroom\\repos\\node_modules","C:\\Users\\Daniel\\Documents\\projects\\SyncClassroom\\node_modules","C:\\Users\\Daniel\\Documents\\projects\\node_modules","C:\\Users\\Daniel\\Documents\\node_modules","C:\\Users\\Daniel\\node_modules","C:\\Users\\node_modules","C:\\node_modules","C:\\Users\\Daniel\\.node_modules","C:\\Users\\Daniel\\.node_libraries","C:\\nvm4w\\nodejs\\lib\\node"]
MODULE 45160: load "C:\\Users\\Daniel\\Documents\\projects\\SyncClassroom\\repos\\ai-editor\\node_modules\\through2\\through2.js" for module "C:\\Users\\Daniel\\Documents\\projects\\SyncClassroom\\repos\\ai-editor\\node_modules\\through2\\through2.js"
MODULE 45160: Module._load REQUEST readable-stream parent: C:\Users\Daniel\Documents\projects\SyncClassroom\repos\ai-editor\node_modules\through2\through2.js
MODULE 45160: looking for "readable-stream" in ["C:\\Users\\Daniel\\Documents\\projects\\SyncClassroom\\repos\\ai-editor\\node_modules\\through2\\node_modules","C:\\Users\\Daniel\\Documents\\projects\\SyncClassroom\\repos\\ai-editor\\node_modules","C:\\Users\\Daniel\\Documents\\projects\\SyncClassroom\\repos\\node_modules","C:\\Users\\Daniel\\Documents\\projects\\SyncClassroom\\node_modules","C:\\Users\\Daniel\\Documents\\projects\\node_modules","C:\\Users\\Daniel\\Documents\\node_modules","C:\\Users\\Daniel\\node_modules","C:\\Users\\node_modules","C:\\node_modules","C:\\Users\\Daniel\\.node_modules","C:\\Users\\Daniel\\.node_libraries","C:\\nvm4w\\nodejs\\lib\\node"]
MODULE 45160: Module._load REQUEST util parent: C:\Users\Daniel\Documents\projects\SyncClassroom\repos\ai-editor\node_modules\through2\through2.js
MODULE 45160: load built-in module util
MODULE 45160: Module._load REQUEST xtend parent: C:\Users\Daniel\Documents\projects\SyncClassroom\repos\ai-editor\node_modules\through2\through2.js
MODULE 45160: looking for "xtend" in ["C:\\Users\\Daniel\\Documents\\projects\\SyncClassroom\\repos\\ai-editor\\node_modules\\through2\\node_modules","C:\\Users\\Daniel\\Documents\\projects\\SyncClassroom\\repos\\ai-editor\\node_modules","C:\\Users\\Daniel\\Documents\\projects\\SyncClassroom\\repos\\node_modules","C:\\Users\\Daniel\\Documents\\projects\\SyncClassroom\\node_modules","C:\\Users\\Daniel\\Documents\\projects\\node_modules","C:\\Users\\Daniel\\Documents\\node_modules","C:\\Users\\Daniel\\node_modules","C:\\Users\\node_modules","C:\\node_modules","C:\\Users\\Daniel\\.node_modules","C:\\Users\\Daniel\\.node_libraries","C:\\nvm4w\\nodejs\\lib\\node"]
MODULE 45160: load "C:\\Users\\Daniel\\Documents\\projects\\SyncClassroom\\repos\\ai-editor\\node_modules\\xtend\\immutable.js" for module "C:\\Users\\Daniel\\Documents\\projects\\SyncClassroom\\repos\\ai-editor\\node_modules\\xtend\\immutable.js"
MODULE 45160: Module._load REQUEST xtend parent: C:\Users\Daniel\Documents\projects\SyncClassroom\repos\ai-editor\node_modules\through2-filter\index.js
MODULE 45160: looking for "xtend" in ["C:\\Users\\Daniel\\Documents\\projects\\SyncClassroom\\repos\\ai-editor\\node_modules\\through2-filter\\node_modules","C:\\Users\\Daniel\\Documents\\projects\\SyncClassroom\\repos\\ai-editor\\node_modules","C:\\Users\\Daniel\\Documents\\projects\\SyncClassroom\\repos\\node_modules","C:\\Users\\Daniel\\Documents\\projects\\SyncClassroom\\node_modules","C:\\Users\\Daniel\\Documents\\projects\\node_modules","C:\\Users\\Daniel\\Documents\\node_modules","C:\\Users\\Daniel\\node_modules","C:\\Users\\node_modules","C:\\node_modules","C:\\Users\\Daniel\\.node_modules","C:\\Users\\Daniel\\.node_libraries","C:\\nvm4w\\nodejs\\lib\\node"]
MODULE 45160: Module._load REQUEST json-stable-stringify-without-jsonify parent: C:\Users\Daniel\Documents\projects\SyncClassroom\repos\ai-editor\node_modules\unique-stream\index.js
MODULE 45160: looking for "json-stable-stringify-without-jsonify" in ["C:\\Users\\Daniel\\Documents\\projects\\SyncClassroom\\repos\\ai-editor\\node_modules\\unique-stream\\node_modules","C:\\Users\\Daniel\\Documents\\projects\\SyncClassroom\\repos\\ai-editor\\node_modules","C:\\Users\\Daniel\\Documents\\projects\\SyncClassroom\\repos\\node_modules","C:\\Users\\Daniel\\Documents\\projects\\SyncClassroom\\node_modules","C:\\Users\\Daniel\\Documents\\projects\\node_modules","C:\\Users\\Daniel\\Documents\\node_modules","C:\\Users\\Daniel\\node_modules","C:\\Users\\node_modules","C:\\node_modules","C:\\Users\\Daniel\\.node_modules","C:\\Users\\Daniel\\.node_libraries","C:\\nvm4w\\nodejs\\lib\\node"]
MODULE 45160: load "C:\\Users\\Daniel\\Documents\\projects\\SyncClassroom\\repos\\ai-editor\\node_modules\\json-stable-stringify-without-jsonify\\index.js" for module "C:\\Users\\Daniel\\Documents\\projects\\SyncClassroom\\repos\\ai-editor\\node_modules\\json-stable-stringify-without-jsonify\\index.js"
MODULE 45160: Module._load REQUEST pumpify parent: C:\Users\Daniel\Documents\projects\SyncClassroom\repos\ai-editor\node_modules\glob-stream\index.js
MODULE 45160: looking for "pumpify" in ["C:\\Users\\Daniel\\Documents\\projects\\SyncClassroom\\repos\\ai-editor\\node_modules\\glob-stream\\node_modules","C:\\Users\\Daniel\\Documents\\projects\\SyncClassroom\\repos\\ai-editor\\node_modules","C:\\Users\\Daniel\\Documents\\projects\\SyncClassroom\\repos\\node_modules","C:\\Users\\Daniel\\Documents\\projects\\SyncClassroom\\node_modules","C:\\Users\\Daniel\\Documents\\projects\\node_modules","C:\\Users\\Daniel\\Documents\\node_modules","C:\\Users\\Daniel\\node_modules","C:\\Users\\node_modules","C:\\node_modules","C:\\Users\\Daniel\\.node_modules","C:\\Users\\Daniel\\.node_libraries","C:\\nvm4w\\nodejs\\lib\\node"]
MODULE 45160: load "C:\\Users\\Daniel\\Documents\\projects\\SyncClassroom\\repos\\ai-editor\\node_modules\\pumpify\\index.js" for module "C:\\Users\\Daniel\\Documents\\projects\\SyncClassroom\\repos\\ai-editor\\node_modules\\pumpify\\index.js"
MODULE 45160: Module._load REQUEST pump parent: C:\Users\Daniel\Documents\projects\SyncClassroom\repos\ai-editor\node_modules\pumpify\index.js
MODULE 45160: looking for "pump" in ["C:\\Users\\Daniel\\Documents\\projects\\SyncClassroom\\repos\\ai-editor\\node_modules\\pumpify\\node_modules","C:\\Users\\Daniel\\Documents\\projects\\SyncClassroom\\repos\\ai-editor\\node_modules","C:\\Users\\Daniel\\Documents\\projects\\SyncClassroom\\repos\\node_modules","C:\\Users\\Daniel\\Documents\\projects\\SyncClassroom\\node_modules","C:\\Users\\Daniel\\Documents\\projects\\node_modules","C:\\Users\\Daniel\\Documents\\node_modules","C:\\Users\\Daniel\\node_modules","C:\\Users\\node_modules","C:\\node_modules","C:\\Users\\Daniel\\.node_modules","C:\\Users\\Daniel\\.node_libraries","C:\\nvm4w\\nodejs\\lib\\node"]
MODULE 45160: load "C:\\Users\\Daniel\\Documents\\projects\\SyncClassroom\\repos\\ai-editor\\node_modules\\pumpify\\node_modules\\pump\\index.js" for module "C:\\Users\\Daniel\\Documents\\projects\\SyncClassroom\\repos\\ai-editor\\node_modules\\pumpify\\node_modules\\pump\\index.js"
MODULE 45160: Module._load REQUEST once parent: C:\Users\Daniel\Documents\projects\SyncClassroom\repos\ai-editor\node_modules\pumpify\node_modules\pump\index.js
MODULE 45160: looking for "once" in ["C:\\Users\\Daniel\\Documents\\projects\\SyncClassroom\\repos\\ai-editor\\node_modules\\pumpify\\node_modules\\pump\\node_modules","C:\\Users\\Daniel\\Documents\\projects\\SyncClassroom\\repos\\ai-editor\\node_modules\\pumpify\\node_modules","C:\\Users\\Daniel\\Documents\\projects\\SyncClassroom\\repos\\ai-editor\\node_modules","C:\\Users\\Daniel\\Documents\\projects\\SyncClassroom\\repos\\node_modules","C:\\Users\\Daniel\\Documents\\projects\\SyncClassroom\\node_modules","C:\\Users\\Daniel\\Documents\\projects\\node_modules","C:\\Users\\Daniel\\Documents\\node_modules","C:\\Users\\Daniel\\node_modules","C:\\Users\\node_modules","C:\\node_modules","C:\\Users\\Daniel\\.node_modules","C:\\Users\\Daniel\\.node_libraries","C:\\nvm4w\\nodejs\\lib\\node"]
MODULE 45160: Module._load REQUEST end-of-stream parent: C:\Users\Daniel\Documents\projects\SyncClassroom\repos\ai-editor\node_modules\pumpify\node_modules\pump\index.js
MODULE 45160: looking for "end-of-stream" in ["C:\\Users\\Daniel\\Documents\\projects\\SyncClassroom\\repos\\ai-editor\\node_modules\\pumpify\\node_modules\\pump\\node_modules","C:\\Users\\Daniel\\Documents\\projects\\SyncClassroom\\repos\\ai-editor\\node_modules\\pumpify\\node_modules","C:\\Users\\Daniel\\Documents\\projects\\SyncClassroom\\repos\\ai-editor\\node_modules","C:\\Users\\Daniel\\Documents\\projects\\SyncClassroom\\repos\\node_modules","C:\\Users\\Daniel\\Documents\\projects\\SyncClassroom\\node_modules","C:\\Users\\Daniel\\Documents\\projects\\node_modules","C:\\Users\\Daniel\\Documents\\node_modules","C:\\Users\\Daniel\\node_modules","C:\\Users\\node_modules","C:\\node_modules","C:\\Users\\Daniel\\.node_modules","C:\\Users\\Daniel\\.node_libraries","C:\\nvm4w\\nodejs\\lib\\node"]
MODULE 45160: Module._load REQUEST fs parent: C:\Users\Daniel\Documents\projects\SyncClassroom\repos\ai-editor\node_modules\pumpify\node_modules\pump\index.js
MODULE 45160: load built-in module fs
MODULE 45160: Module._load REQUEST inherits parent: C:\Users\Daniel\Documents\projects\SyncClassroom\repos\ai-editor\node_modules\pumpify\index.js
MODULE 45160: looking for "inherits" in ["C:\\Users\\Daniel\\Documents\\projects\\SyncClassroom\\repos\\ai-editor\\node_modules\\pumpify\\node_modules","C:\\Users\\Daniel\\Documents\\projects\\SyncClassroom\\repos\\ai-editor\\node_modules","C:\\Users\\Daniel\\Documents\\projects\\SyncClassroom\\repos\\node_modules","C:\\Users\\Daniel\\Documents\\projects\\SyncClassroom\\node_modules","C:\\Users\\Daniel\\Documents\\projects\\node_modules","C:\\Users\\Daniel\\Documents\\node_modules","C:\\Users\\Daniel\\node_modules","C:\\Users\\node_modules","C:\\node_modules","C:\\Users\\Daniel\\.node_modules","C:\\Users\\Daniel\\.node_libraries","C:\\nvm4w\\nodejs\\lib\\node"]
MODULE 45160: Module._load REQUEST duplexify parent: C:\Users\Daniel\Documents\projects\SyncClassroom\repos\ai-editor\node_modules\pumpify\index.js
MODULE 45160: looking for "duplexify" in ["C:\\Users\\Daniel\\Documents\\projects\\SyncClassroom\\repos\\ai-editor\\node_modules\\pumpify\\node_modules","C:\\Users\\Daniel\\Documents\\projects\\SyncClassroom\\repos\\ai-editor\\node_modules","C:\\Users\\Daniel\\Documents\\projects\\SyncClassroom\\repos\\node_modules","C:\\Users\\Daniel\\Documents\\projects\\SyncClassroom\\node_modules","C:\\Users\\Daniel\\Documents\\projects\\node_modules","C:\\Users\\Daniel\\Documents\\node_modules","C:\\Users\\Daniel\\node_modules","C:\\Users\\node_modules","C:\\node_modules","C:\\Users\\Daniel\\.node_modules","C:\\Users\\Daniel\\.node_libraries","C:\\nvm4w\\nodejs\\lib\\node"]
MODULE 45160: load "C:\\Users\\Daniel\\Documents\\projects\\SyncClassroom\\repos\\ai-editor\\node_modules\\duplexify\\index.js" for module "C:\\Users\\Daniel\\Documents\\projects\\SyncClassroom\\repos\\ai-editor\\node_modules\\duplexify\\index.js"
MODULE 45160: Module._load REQUEST readable-stream parent: C:\Users\Daniel\Documents\projects\SyncClassroom\repos\ai-editor\node_modules\duplexify\index.js
MODULE 45160: looking for "readable-stream" in ["C:\\Users\\Daniel\\Documents\\projects\\SyncClassroom\\repos\\ai-editor\\node_modules\\duplexify\\node_modules","C:\\Users\\Daniel\\Documents\\projects\\SyncClassroom\\repos\\ai-editor\\node_modules","C:\\Users\\Daniel\\Documents\\projects\\SyncClassroom\\repos\\node_modules","C:\\Users\\Daniel\\Documents\\projects\\SyncClassroom\\node_modules","C:\\Users\\Daniel\\Documents\\projects\\node_modules","C:\\Users\\Daniel\\Documents\\node_modules","C:\\Users\\Daniel\\node_modules","C:\\Users\\node_modules","C:\\node_modules","C:\\Users\\Daniel\\.node_modules","C:\\Users\\Daniel\\.node_libraries","C:\\nvm4w\\nodejs\\lib\\node"]
MODULE 45160: Module._load REQUEST end-of-stream parent: C:\Users\Daniel\Documents\projects\SyncClassroom\repos\ai-editor\node_modules\duplexify\index.js
MODULE 45160: looking for "end-of-stream" in ["C:\\Users\\Daniel\\Documents\\projects\\SyncClassroom\\repos\\ai-editor\\node_modules\\duplexify\\node_modules","C:\\Users\\Daniel\\Documents\\projects\\SyncClassroom\\repos\\ai-editor\\node_modules","C:\\Users\\Daniel\\Documents\\projects\\SyncClassroom\\repos\\node_modules","C:\\Users\\Daniel\\Documents\\projects\\SyncClassroom\\node_modules","C:\\Users\\Daniel\\Documents\\projects\\node_modules","C:\\Users\\Daniel\\Documents\\node_modules","C:\\Users\\Daniel\\node_modules","C:\\Users\\node_modules","C:\\node_modules","C:\\Users\\Daniel\\.node_modules","C:\\Users\\Daniel\\.node_libraries","C:\\nvm4w\\nodejs\\lib\\node"]
MODULE 45160: Module._load REQUEST inherits parent: C:\Users\Daniel\Documents\projects\SyncClassroom\repos\ai-editor\node_modules\duplexify\index.js
MODULE 45160: looking for "inherits" in ["C:\\Users\\Daniel\\Documents\\projects\\SyncClassroom\\repos\\ai-editor\\node_modules\\duplexify\\node_modules","C:\\Users\\Daniel\\Documents\\projects\\SyncClassroom\\repos\\ai-editor\\node_modules","C:\\Users\\Daniel\\Documents\\projects\\SyncClassroom\\repos\\node_modules","C:\\Users\\Daniel\\Documents\\projects\\SyncClassroom\\node_modules","C:\\Users\\Daniel\\Documents\\projects\\node_modules","C:\\Users\\Daniel\\Documents\\node_modules","C:\\Users\\Daniel\\node_modules","C:\\Users\\node_modules","C:\\node_modules","C:\\Users\\Daniel\\.node_modules","C:\\Users\\Daniel\\.node_libraries","C:\\nvm4w\\nodejs\\lib\\node"]
MODULE 45160: Module._load REQUEST stream-shift parent: C:\Users\Daniel\Documents\projects\SyncClassroom\repos\ai-editor\node_modules\duplexify\index.js
MODULE 45160: looking for "stream-shift" in ["C:\\Users\\Daniel\\Documents\\projects\\SyncClassroom\\repos\\ai-editor\\node_modules\\duplexify\\node_modules","C:\\Users\\Daniel\\Documents\\projects\\SyncClassroom\\repos\\ai-editor\\node_modules","C:\\Users\\Daniel\\Documents\\projects\\SyncClassroom\\repos\\node_modules","C:\\Users\\Daniel\\Documents\\projects\\SyncClassroom\\node_modules","C:\\Users\\Daniel\\Documents\\projects\\node_modules","C:\\Users\\Daniel\\Documents\\node_modules","C:\\Users\\Daniel\\node_modules","C:\\Users\\node_modules","C:\\node_modules","C:\\Users\\Daniel\\.node_modules","C:\\Users\\Daniel\\.node_libraries","C:\\nvm4w\\nodejs\\lib\\node"]
MODULE 45160: load "C:\\Users\\Daniel\\Documents\\projects\\SyncClassroom\\repos\\ai-editor\\node_modules\\stream-shift\\index.js" for module "C:\\Users\\Daniel\\Documents\\projects\\SyncClassroom\\repos\\ai-editor\\node_modules\\stream-shift\\index.js"
MODULE 45160: Module._load REQUEST is-negated-glob parent: C:\Users\Daniel\Documents\projects\SyncClassroom\repos\ai-editor\node_modules\glob-stream\index.js
MODULE 45160: looking for "is-negated-glob" in ["C:\\Users\\Daniel\\Documents\\projects\\SyncClassroom\\repos\\ai-editor\\node_modules\\glob-stream\\node_modules","C:\\Users\\Daniel\\Documents\\projects\\SyncClassroom\\repos\\ai-editor\\node_modules","C:\\Users\\Daniel\\Documents\\projects\\SyncClassroom\\repos\\node_modules","C:\\Users\\Daniel\\Documents\\projects\\SyncClassroom\\node_modules","C:\\Users\\Daniel\\Documents\\projects\\node_modules","C:\\Users\\Daniel\\Documents\\node_modules","C:\\Users\\Daniel\\node_modules","C:\\Users\\node_modules","C:\\node_modules","C:\\Users\\Daniel\\.node_modules","C:\\Users\\Daniel\\.node_libraries","C:\\nvm4w\\nodejs\\lib\\node"]
MODULE 45160: load "C:\\Users\\Daniel\\Documents\\projects\\SyncClassroom\\repos\\ai-editor\\node_modules\\is-negated-glob\\index.js" for module "C:\\Users\\Daniel\\Documents\\projects\\SyncClassroom\\repos\\ai-editor\\node_modules\\is-negated-glob\\index.js"
MODULE 45160: Module._load REQUEST extend parent: C:\Users\Daniel\Documents\projects\SyncClassroom\repos\ai-editor\node_modules\glob-stream\index.js
MODULE 45160: looking for "extend" in ["C:\\Users\\Daniel\\Documents\\projects\\SyncClassroom\\repos\\ai-editor\\node_modules\\glob-stream\\node_modules","C:\\Users\\Daniel\\Documents\\projects\\SyncClassroom\\repos\\ai-editor\\node_modules","C:\\Users\\Daniel\\Documents\\projects\\SyncClassroom\\repos\\node_modules","C:\\Users\\Daniel\\Documents\\projects\\SyncClassroom\\node_modules","C:\\Users\\Daniel\\Documents\\projects\\node_modules","C:\\Users\\Daniel\\Documents\\node_modules","C:\\Users\\Daniel\\node_modules","C:\\Users\\node_modules","C:\\node_modules","C:\\Users\\Daniel\\.node_modules","C:\\Users\\Daniel\\.node_libraries","C:\\nvm4w\\nodejs\\lib\\node"]
MODULE 45160: Module._load REQUEST ./readable parent: C:\Users\Daniel\Documents\projects\SyncClassroom\repos\ai-editor\node_modules\glob-stream\index.js
MODULE 45160: RELATIVE: requested: ./readable from parent.id C:\Users\Daniel\Documents\projects\SyncClassroom\repos\ai-editor\node_modules\glob-stream\index.js
MODULE 45160: looking for ["C:\\Users\\Daniel\\Documents\\projects\\SyncClassroom\\repos\\ai-editor\\node_modules\\glob-stream"]
MODULE 45160: load "C:\\Users\\Daniel\\Documents\\projects\\SyncClassroom\\repos\\ai-editor\\node_modules\\glob-stream\\readable.js" for module "C:\\Users\\Daniel\\Documents\\projects\\SyncClassroom\\repos\\ai-editor\\node_modules\\glob-stream\\readable.js"
MODULE 45160: Module._load REQUEST util parent: C:\Users\Daniel\Documents\projects\SyncClassroom\repos\ai-editor\node_modules\glob-stream\readable.js
MODULE 45160: load built-in module util
MODULE 45160: Module._load REQUEST glob parent: C:\Users\Daniel\Documents\projects\SyncClassroom\repos\ai-editor\node_modules\glob-stream\readable.js
MODULE 45160: looking for "glob" in ["C:\\Users\\Daniel\\Documents\\projects\\SyncClassroom\\repos\\ai-editor\\node_modules\\glob-stream\\node_modules","C:\\Users\\Daniel\\Documents\\projects\\SyncClassroom\\repos\\ai-editor\\node_modules","C:\\Users\\Daniel\\Documents\\projects\\SyncClassroom\\repos\\node_modules","C:\\Users\\Daniel\\Documents\\projects\\SyncClassroom\\node_modules","C:\\Users\\Daniel\\Documents\\projects\\node_modules","C:\\Users\\Daniel\\Documents\\node_modules","C:\\Users\\Daniel\\node_modules","C:\\Users\\node_modules","C:\\node_modules","C:\\Users\\Daniel\\.node_modules","C:\\Users\\Daniel\\.node_libraries","C:\\nvm4w\\nodejs\\lib\\node"]
MODULE 45160: load "C:\\Users\\Daniel\\Documents\\projects\\SyncClassroom\\repos\\ai-editor\\node_modules\\glob-stream\\node_modules\\glob\\glob.js" for module "C:\\Users\\Daniel\\Documents\\projects\\SyncClassroom\\repos\\ai-editor\\node_modules\\glob-stream\\node_modules\\glob\\glob.js"
MODULE 45160: Module._load REQUEST fs.realpath parent: C:\Users\Daniel\Documents\projects\SyncClassroom\repos\ai-editor\node_modules\glob-stream\node_modules\glob\glob.js
MODULE 45160: looking for "fs.realpath" in ["C:\\Users\\Daniel\\Documents\\projects\\SyncClassroom\\repos\\ai-editor\\node_modules\\glob-stream\\node_modules\\glob\\node_modules","C:\\Users\\Daniel\\Documents\\projects\\SyncClassroom\\repos\\ai-editor\\node_modules\\glob-stream\\node_modules","C:\\Users\\Daniel\\Documents\\projects\\SyncClassroom\\repos\\ai-editor\\node_modules","C:\\Users\\Daniel\\Documents\\projects\\SyncClassroom\\repos\\node_modules","C:\\Users\\Daniel\\Documents\\projects\\SyncClassroom\\node_modules","C:\\Users\\Daniel\\Documents\\projects\\node_modules","C:\\Users\\Daniel\\Documents\\node_modules","C:\\Users\\Daniel\\node_modules","C:\\Users\\node_modules","C:\\node_modules","C:\\Users\\Daniel\\.node_modules","C:\\Users\\Daniel\\.node_libraries","C:\\nvm4w\\nodejs\\lib\\node"]
MODULE 45160: load "C:\\Users\\Daniel\\Documents\\projects\\SyncClassroom\\repos\\ai-editor\\node_modules\\fs.realpath\\index.js" for module "C:\\Users\\Daniel\\Documents\\projects\\SyncClassroom\\repos\\ai-editor\\node_modules\\fs.realpath\\index.js"
MODULE 45160: Module._load REQUEST fs parent: C:\Users\Daniel\Documents\projects\SyncClassroom\repos\ai-editor\node_modules\fs.realpath\index.js
MODULE 45160: load built-in module fs
MODULE 45160: Module._load REQUEST ./old.js parent: C:\Users\Daniel\Documents\projects\SyncClassroom\repos\ai-editor\node_modules\fs.realpath\index.js
MODULE 45160: RELATIVE: requested: ./old.js from parent.id C:\Users\Daniel\Documents\projects\SyncClassroom\repos\ai-editor\node_modules\fs.realpath\index.js
MODULE 45160: looking for ["C:\\Users\\Daniel\\Documents\\projects\\SyncClassroom\\repos\\ai-editor\\node_modules\\fs.realpath"]
MODULE 45160: load "C:\\Users\\Daniel\\Documents\\projects\\SyncClassroom\\repos\\ai-editor\\node_modules\\fs.realpath\\old.js" for module "C:\\Users\\Daniel\\Documents\\projects\\SyncClassroom\\repos\\ai-editor\\node_modules\\fs.realpath\\old.js"
MODULE 45160: Module._load REQUEST path parent: C:\Users\Daniel\Documents\projects\SyncClassroom\repos\ai-editor\node_modules\fs.realpath\old.js
MODULE 45160: load built-in module path
MODULE 45160: Module._load REQUEST fs parent: C:\Users\Daniel\Documents\projects\SyncClassroom\repos\ai-editor\node_modules\fs.realpath\old.js
MODULE 45160: load built-in module fs
MODULE 45160: Module._load REQUEST minimatch parent: C:\Users\Daniel\Documents\projects\SyncClassroom\repos\ai-editor\node_modules\glob-stream\node_modules\glob\glob.js
MODULE 45160: looking for "minimatch" in ["C:\\Users\\Daniel\\Documents\\projects\\SyncClassroom\\repos\\ai-editor\\node_modules\\glob-stream\\node_modules\\glob\\node_modules","C:\\Users\\Daniel\\Documents\\projects\\SyncClassroom\\repos\\ai-editor\\node_modules\\glob-stream\\node_modules","C:\\Users\\Daniel\\Documents\\projects\\SyncClassroom\\repos\\ai-editor\\node_modules","C:\\Users\\Daniel\\Documents\\projects\\SyncClassroom\\repos\\node_modules","C:\\Users\\Daniel\\Documents\\projects\\SyncClassroom\\node_modules","C:\\Users\\Daniel\\Documents\\projects\\node_modules","C:\\Users\\Daniel\\Documents\\node_modules","C:\\Users\\Daniel\\node_modules","C:\\Users\\node_modules","C:\\node_modules","C:\\Users\\Daniel\\.node_modules","C:\\Users\\Daniel\\.node_libraries","C:\\nvm4w\\nodejs\\lib\\node"]
MODULE 45160: load "C:\\Users\\Daniel\\Documents\\projects\\SyncClassroom\\repos\\ai-editor\\node_modules\\minimatch\\minimatch.js" for module "C:\\Users\\Daniel\\Documents\\projects\\SyncClassroom\\repos\\ai-editor\\node_modules\\minimatch\\minimatch.js"
MODULE 45160: Module._load REQUEST path parent: C:\Users\Daniel\Documents\projects\SyncClassroom\repos\ai-editor\node_modules\minimatch\minimatch.js
MODULE 45160: load built-in module path
MODULE 45160: Module._load REQUEST brace-expansion parent: C:\Users\Daniel\Documents\projects\SyncClassroom\repos\ai-editor\node_modules\minimatch\minimatch.js
MODULE 45160: looking for "brace-expansion" in ["C:\\Users\\Daniel\\Documents\\projects\\SyncClassroom\\repos\\ai-editor\\node_modules\\minimatch\\node_modules","C:\\Users\\Daniel\\Documents\\projects\\SyncClassroom\\repos\\ai-editor\\node_modules","C:\\Users\\Daniel\\Documents\\projects\\SyncClassroom\\repos\\node_modules","C:\\Users\\Daniel\\Documents\\projects\\SyncClassroom\\node_modules","C:\\Users\\Daniel\\Documents\\projects\\node_modules","C:\\Users\\Daniel\\Documents\\node_modules","C:\\Users\\Daniel\\node_modules","C:\\Users\\node_modules","C:\\node_modules","C:\\Users\\Daniel\\.node_modules","C:\\Users\\Daniel\\.node_libraries","C:\\nvm4w\\nodejs\\lib\\node"]
MODULE 45160: load "C:\\Users\\Daniel\\Documents\\projects\\SyncClassroom\\repos\\ai-editor\\node_modules\\minimatch\\node_modules\\brace-expansion\\index.js" for module "C:\\Users\\Daniel\\Documents\\projects\\SyncClassroom\\repos\\ai-editor\\node_modules\\minimatch\\node_modules\\brace-expansion\\index.js"
MODULE 45160: Module._load REQUEST concat-map parent: C:\Users\Daniel\Documents\projects\SyncClassroom\repos\ai-editor\node_modules\minimatch\node_modules\brace-expansion\index.js
MODULE 45160: looking for "concat-map" in ["C:\\Users\\Daniel\\Documents\\projects\\SyncClassroom\\repos\\ai-editor\\node_modules\\minimatch\\node_modules\\brace-expansion\\node_modules","C:\\Users\\Daniel\\Documents\\projects\\SyncClassroom\\repos\\ai-editor\\node_modules\\minimatch\\node_modules","C:\\Users\\Daniel\\Documents\\projects\\SyncClassroom\\repos\\ai-editor\\node_modules","C:\\Users\\Daniel\\Documents\\projects\\SyncClassroom\\repos\\node_modules","C:\\Users\\Daniel\\Documents\\projects\\SyncClassroom\\node_modules","C:\\Users\\Daniel\\Documents\\projects\\node_modules","C:\\Users\\Daniel\\Documents\\node_modules","C:\\Users\\Daniel\\node_modules","C:\\Users\\node_modules","C:\\node_modules","C:\\Users\\Daniel\\.node_modules","C:\\Users\\Daniel\\.node_libraries","C:\\nvm4w\\nodejs\\lib\\node"]
MODULE 45160: load "C:\\Users\\Daniel\\Documents\\projects\\SyncClassroom\\repos\\ai-editor\\node_modules\\concat-map\\index.js" for module "C:\\Users\\Daniel\\Documents\\projects\\SyncClassroom\\repos\\ai-editor\\node_modules\\concat-map\\index.js"
MODULE 45160: Module._load REQUEST balanced-match parent: C:\Users\Daniel\Documents\projects\SyncClassroom\repos\ai-editor\node_modules\minimatch\node_modules\brace-expansion\index.js
MODULE 45160: looking for "balanced-match" in ["C:\\Users\\Daniel\\Documents\\projects\\SyncClassroom\\repos\\ai-editor\\node_modules\\minimatch\\node_modules\\brace-expansion\\node_modules","C:\\Users\\Daniel\\Documents\\projects\\SyncClassroom\\repos\\ai-editor\\node_modules\\minimatch\\node_modules","C:\\Users\\Daniel\\Documents\\projects\\SyncClassroom\\repos\\ai-editor\\node_modules","C:\\Users\\Daniel\\Documents\\projects\\SyncClassroom\\repos\\node_modules","C:\\Users\\Daniel\\Documents\\projects\\SyncClassroom\\node_modules","C:\\Users\\Daniel\\Documents\\projects\\node_modules","C:\\Users\\Daniel\\Documents\\node_modules","C:\\Users\\Daniel\\node_modules","C:\\Users\\node_modules","C:\\node_modules","C:\\Users\\Daniel\\.node_modules","C:\\Users\\Daniel\\.node_libraries","C:\\nvm4w\\nodejs\\lib\\node"]
MODULE 45160: load "C:\\Users\\Daniel\\Documents\\projects\\SyncClassroom\\repos\\ai-editor\\node_modules\\balanced-match\\index.js" for module "C:\\Users\\Daniel\\Documents\\projects\\SyncClassroom\\repos\\ai-editor\\node_modules\\balanced-match\\index.js"
MODULE 45160: Module._load REQUEST inherits parent: C:\Users\Daniel\Documents\projects\SyncClassroom\repos\ai-editor\node_modules\glob-stream\node_modules\glob\glob.js
MODULE 45160: looking for "inherits" in ["C:\\Users\\Daniel\\Documents\\projects\\SyncClassroom\\repos\\ai-editor\\node_modules\\glob-stream\\node_modules\\glob\\node_modules","C:\\Users\\Daniel\\Documents\\projects\\SyncClassroom\\repos\\ai-editor\\node_modules\\glob-stream\\node_modules","C:\\Users\\Daniel\\Documents\\projects\\SyncClassroom\\repos\\ai-editor\\node_modules","C:\\Users\\Daniel\\Documents\\projects\\SyncClassroom\\repos\\node_modules","C:\\Users\\Daniel\\Documents\\projects\\SyncClassroom\\node_modules","C:\\Users\\Daniel\\Documents\\projects\\node_modules","C:\\Users\\Daniel\\Documents\\node_modules","C:\\Users\\Daniel\\node_modules","C:\\Users\\node_modules","C:\\node_modules","C:\\Users\\Daniel\\.node_modules","C:\\Users\\Daniel\\.node_libraries","C:\\nvm4w\\nodejs\\lib\\node"]
MODULE 45160: Module._load REQUEST events parent: C:\Users\Daniel\Documents\projects\SyncClassroom\repos\ai-editor\node_modules\glob-stream\node_modules\glob\glob.js
MODULE 45160: load built-in module events
MODULE 45160: Module._load REQUEST path parent: C:\Users\Daniel\Documents\projects\SyncClassroom\repos\ai-editor\node_modules\glob-stream\node_modules\glob\glob.js
MODULE 45160: load built-in module path
MODULE 45160: Module._load REQUEST assert parent: C:\Users\Daniel\Documents\projects\SyncClassroom\repos\ai-editor\node_modules\glob-stream\node_modules\glob\glob.js
MODULE 45160: load built-in module assert
MODULE 45160: Module._load REQUEST path-is-absolute parent: C:\Users\Daniel\Documents\projects\SyncClassroom\repos\ai-editor\node_modules\glob-stream\node_modules\glob\glob.js
MODULE 45160: looking for "path-is-absolute" in ["C:\\Users\\Daniel\\Documents\\projects\\SyncClassroom\\repos\\ai-editor\\node_modules\\glob-stream\\node_modules\\glob\\node_modules","C:\\Users\\Daniel\\Documents\\projects\\SyncClassroom\\repos\\ai-editor\\node_modules\\glob-stream\\node_modules","C:\\Users\\Daniel\\Documents\\projects\\SyncClassroom\\repos\\ai-editor\\node_modules","C:\\Users\\Daniel\\Documents\\projects\\SyncClassroom\\repos\\node_modules","C:\\Users\\Daniel\\Documents\\projects\\SyncClassroom\\node_modules","C:\\Users\\Daniel\\Documents\\projects\\node_modules","C:\\Users\\Daniel\\Documents\\node_modules","C:\\Users\\Daniel\\node_modules","C:\\Users\\node_modules","C:\\node_modules","C:\\Users\\Daniel\\.node_modules","C:\\Users\\Daniel\\.node_libraries","C:\\nvm4w\\nodejs\\lib\\node"]
MODULE 45160: load "C:\\Users\\Daniel\\Documents\\projects\\SyncClassroom\\repos\\ai-editor\\node_modules\\path-is-absolute\\index.js" for module "C:\\Users\\Daniel\\Documents\\projects\\SyncClassroom\\repos\\ai-editor\\node_modules\\path-is-absolute\\index.js"
MODULE 45160: Module._load REQUEST ./sync.js parent: C:\Users\Daniel\Documents\projects\SyncClassroom\repos\ai-editor\node_modules\glob-stream\node_modules\glob\glob.js
MODULE 45160: RELATIVE: requested: ./sync.js from parent.id C:\Users\Daniel\Documents\projects\SyncClassroom\repos\ai-editor\node_modules\glob-stream\node_modules\glob\glob.js
MODULE 45160: looking for ["C:\\Users\\Daniel\\Documents\\projects\\SyncClassroom\\repos\\ai-editor\\node_modules\\glob-stream\\node_modules\\glob"]
MODULE 45160: load "C:\\Users\\Daniel\\Documents\\projects\\SyncClassroom\\repos\\ai-editor\\node_modules\\glob-stream\\node_modules\\glob\\sync.js" for module "C:\\Users\\Daniel\\Documents\\projects\\SyncClassroom\\repos\\ai-editor\\node_modules\\glob-stream\\node_modules\\glob\\sync.js"
MODULE 45160: Module._load REQUEST fs.realpath parent: C:\Users\Daniel\Documents\projects\SyncClassroom\repos\ai-editor\node_modules\glob-stream\node_modules\glob\sync.js
MODULE 45160: Module._load REQUEST minimatch parent: C:\Users\Daniel\Documents\projects\SyncClassroom\repos\ai-editor\node_modules\glob-stream\node_modules\glob\sync.js
MODULE 45160: Module._load REQUEST ./glob.js parent: C:\Users\Daniel\Documents\projects\SyncClassroom\repos\ai-editor\node_modules\glob-stream\node_modules\glob\sync.js
MODULE 45160: RELATIVE: requested: ./glob.js from parent.id C:\Users\Daniel\Documents\projects\SyncClassroom\repos\ai-editor\node_modules\glob-stream\node_modules\glob\sync.js
MODULE 45160: looking for ["C:\\Users\\Daniel\\Documents\\projects\\SyncClassroom\\repos\\ai-editor\\node_modules\\glob-stream\\node_modules\\glob"]
MODULE 45160: Module._load REQUEST util parent: C:\Users\Daniel\Documents\projects\SyncClassroom\repos\ai-editor\node_modules\glob-stream\node_modules\glob\sync.js
MODULE 45160: load built-in module util
MODULE 45160: Module._load REQUEST path parent: C:\Users\Daniel\Documents\projects\SyncClassroom\repos\ai-editor\node_modules\glob-stream\node_modules\glob\sync.js
MODULE 45160: load built-in module path
MODULE 45160: Module._load REQUEST assert parent: C:\Users\Daniel\Documents\projects\SyncClassroom\repos\ai-editor\node_modules\glob-stream\node_modules\glob\sync.js
MODULE 45160: load built-in module assert
MODULE 45160: Module._load REQUEST path-is-absolute parent: C:\Users\Daniel\Documents\projects\SyncClassroom\repos\ai-editor\node_modules\glob-stream\node_modules\glob\sync.js
MODULE 45160: Module._load REQUEST ./common.js parent: C:\Users\Daniel\Documents\projects\SyncClassroom\repos\ai-editor\node_modules\glob-stream\node_modules\glob\sync.js
MODULE 45160: RELATIVE: requested: ./common.js from parent.id C:\Users\Daniel\Documents\projects\SyncClassroom\repos\ai-editor\node_modules\glob-stream\node_modules\glob\sync.js
MODULE 45160: looking for ["C:\\Users\\Daniel\\Documents\\projects\\SyncClassroom\\repos\\ai-editor\\node_modules\\glob-stream\\node_modules\\glob"]
MODULE 45160: load "C:\\Users\\Daniel\\Documents\\projects\\SyncClassroom\\repos\\ai-editor\\node_modules\\glob-stream\\node_modules\\glob\\common.js" for module "C:\\Users\\Daniel\\Documents\\projects\\SyncClassroom\\repos\\ai-editor\\node_modules\\glob-stream\\node_modules\\glob\\common.js"
MODULE 45160: Module._load REQUEST fs parent: C:\Users\Daniel\Documents\projects\SyncClassroom\repos\ai-editor\node_modules\glob-stream\node_modules\glob\common.js
MODULE 45160: load built-in module fs
MODULE 45160: Module._load REQUEST path parent: C:\Users\Daniel\Documents\projects\SyncClassroom\repos\ai-editor\node_modules\glob-stream\node_modules\glob\common.js
MODULE 45160: load built-in module path
MODULE 45160: Module._load REQUEST minimatch parent: C:\Users\Daniel\Documents\projects\SyncClassroom\repos\ai-editor\node_modules\glob-stream\node_modules\glob\common.js
MODULE 45160: Module._load REQUEST path-is-absolute parent: C:\Users\Daniel\Documents\projects\SyncClassroom\repos\ai-editor\node_modules\glob-stream\node_modules\glob\common.js
MODULE 45160: Module._load REQUEST ./common.js parent: C:\Users\Daniel\Documents\projects\SyncClassroom\repos\ai-editor\node_modules\glob-stream\node_modules\glob\glob.js
MODULE 45160: Module._load REQUEST inflight parent: C:\Users\Daniel\Documents\projects\SyncClassroom\repos\ai-editor\node_modules\glob-stream\node_modules\glob\glob.js
MODULE 45160: looking for "inflight" in ["C:\\Users\\Daniel\\Documents\\projects\\SyncClassroom\\repos\\ai-editor\\node_modules\\glob-stream\\node_modules\\glob\\node_modules","C:\\Users\\Daniel\\Documents\\projects\\SyncClassroom\\repos\\ai-editor\\node_modules\\glob-stream\\node_modules","C:\\Users\\Daniel\\Documents\\projects\\SyncClassroom\\repos\\ai-editor\\node_modules","C:\\Users\\Daniel\\Documents\\projects\\SyncClassroom\\repos\\node_modules","C:\\Users\\Daniel\\Documents\\projects\\SyncClassroom\\node_modules","C:\\Users\\Daniel\\Documents\\projects\\node_modules","C:\\Users\\Daniel\\Documents\\node_modules","C:\\Users\\Daniel\\node_modules","C:\\Users\\node_modules","C:\\node_modules","C:\\Users\\Daniel\\.node_modules","C:\\Users\\Daniel\\.node_libraries","C:\\nvm4w\\nodejs\\lib\\node"]
MODULE 45160: load "C:\\Users\\Daniel\\Documents\\projects\\SyncClassroom\\repos\\ai-editor\\node_modules\\inflight\\inflight.js" for module "C:\\Users\\Daniel\\Documents\\projects\\SyncClassroom\\repos\\ai-editor\\node_modules\\inflight\\inflight.js"
MODULE 45160: Module._load REQUEST wrappy parent: C:\Users\Daniel\Documents\projects\SyncClassroom\repos\ai-editor\node_modules\inflight\inflight.js
MODULE 45160: looking for "wrappy" in ["C:\\Users\\Daniel\\Documents\\projects\\SyncClassroom\\repos\\ai-editor\\node_modules\\inflight\\node_modules","C:\\Users\\Daniel\\Documents\\projects\\SyncClassroom\\repos\\ai-editor\\node_modules","C:\\Users\\Daniel\\Documents\\projects\\SyncClassroom\\repos\\node_modules","C:\\Users\\Daniel\\Documents\\projects\\SyncClassroom\\node_modules","C:\\Users\\Daniel\\Documents\\projects\\node_modules","C:\\Users\\Daniel\\Documents\\node_modules","C:\\Users\\Daniel\\node_modules","C:\\Users\\node_modules","C:\\node_modules","C:\\Users\\Daniel\\.node_modules","C:\\Users\\Daniel\\.node_libraries","C:\\nvm4w\\nodejs\\lib\\node"]
MODULE 45160: Module._load REQUEST once parent: C:\Users\Daniel\Documents\projects\SyncClassroom\repos\ai-editor\node_modules\inflight\inflight.js
MODULE 45160: looking for "once" in ["C:\\Users\\Daniel\\Documents\\projects\\SyncClassroom\\repos\\ai-editor\\node_modules\\inflight\\node_modules","C:\\Users\\Daniel\\Documents\\projects\\SyncClassroom\\repos\\ai-editor\\node_modules","C:\\Users\\Daniel\\Documents\\projects\\SyncClassroom\\repos\\node_modules","C:\\Users\\Daniel\\Documents\\projects\\SyncClassroom\\node_modules","C:\\Users\\Daniel\\Documents\\projects\\node_modules","C:\\Users\\Daniel\\Documents\\node_modules","C:\\Users\\Daniel\\node_modules","C:\\Users\\node_modules","C:\\node_modules","C:\\Users\\Daniel\\.node_modules","C:\\Users\\Daniel\\.node_libraries","C:\\nvm4w\\nodejs\\lib\\node"]
MODULE 45160: Module._load REQUEST util parent: C:\Users\Daniel\Documents\projects\SyncClassroom\repos\ai-editor\node_modules\glob-stream\node_modules\glob\glob.js
MODULE 45160: load built-in module util
MODULE 45160: Module._load REQUEST once parent: C:\Users\Daniel\Documents\projects\SyncClassroom\repos\ai-editor\node_modules\glob-stream\node_modules\glob\glob.js
MODULE 45160: looking for "once" in ["C:\\Users\\Daniel\\Documents\\projects\\SyncClassroom\\repos\\ai-editor\\node_modules\\glob-stream\\node_modules\\glob\\node_modules","C:\\Users\\Daniel\\Documents\\projects\\SyncClassroom\\repos\\ai-editor\\node_modules\\glob-stream\\node_modules","C:\\Users\\Daniel\\Documents\\projects\\SyncClassroom\\repos\\ai-editor\\node_modules","C:\\Users\\Daniel\\Documents\\projects\\SyncClassroom\\repos\\node_modules","C:\\Users\\Daniel\\Documents\\projects\\SyncClassroom\\node_modules","C:\\Users\\Daniel\\Documents\\projects\\node_modules","C:\\Users\\Daniel\\Documents\\node_modules","C:\\Users\\Daniel\\node_modules","C:\\Users\\node_modules","C:\\node_modules","C:\\Users\\Daniel\\.node_modules","C:\\Users\\Daniel\\.node_libraries","C:\\nvm4w\\nodejs\\lib\\node"]
MODULE 45160: Module._load REQUEST extend parent: C:\Users\Daniel\Documents\projects\SyncClassroom\repos\ai-editor\node_modules\glob-stream\readable.js
MODULE 45160: looking for "extend" in ["C:\\Users\\Daniel\\Documents\\projects\\SyncClassroom\\repos\\ai-editor\\node_modules\\glob-stream\\node_modules","C:\\Users\\Daniel\\Documents\\projects\\SyncClassroom\\repos\\ai-editor\\node_modules","C:\\Users\\Daniel\\Documents\\projects\\SyncClassroom\\repos\\node_modules","C:\\Users\\Daniel\\Documents\\projects\\SyncClassroom\\node_modules","C:\\Users\\Daniel\\Documents\\projects\\node_modules","C:\\Users\\Daniel\\Documents\\node_modules","C:\\Users\\Daniel\\node_modules","C:\\Users\\node_modules","C:\\node_modules","C:\\Users\\Daniel\\.node_modules","C:\\Users\\Daniel\\.node_libraries","C:\\nvm4w\\nodejs\\lib\\node"]
MODULE 45160: Module._load REQUEST readable-stream parent: C:\Users\Daniel\Documents\projects\SyncClassroom\repos\ai-editor\node_modules\glob-stream\readable.js
MODULE 45160: looking for "readable-stream" in ["C:\\Users\\Daniel\\Documents\\projects\\SyncClassroom\\repos\\ai-editor\\node_modules\\glob-stream\\node_modules","C:\\Users\\Daniel\\Documents\\projects\\SyncClassroom\\repos\\ai-editor\\node_modules","C:\\Users\\Daniel\\Documents\\projects\\SyncClassroom\\repos\\node_modules","C:\\Users\\Daniel\\Documents\\projects\\SyncClassroom\\node_modules","C:\\Users\\Daniel\\Documents\\projects\\node_modules","C:\\Users\\Daniel\\Documents\\node_modules","C:\\Users\\Daniel\\node_modules","C:\\Users\\node_modules","C:\\node_modules","C:\\Users\\Daniel\\.node_modules","C:\\Users\\Daniel\\.node_libraries","C:\\nvm4w\\nodejs\\lib\\node"]
MODULE 45160: Module._load REQUEST glob-parent parent: C:\Users\Daniel\Documents\projects\SyncClassroom\repos\ai-editor\node_modules\glob-stream\readable.js
MODULE 45160: looking for "glob-parent" in ["C:\\Users\\Daniel\\Documents\\projects\\SyncClassroom\\repos\\ai-editor\\node_modules\\glob-stream\\node_modules","C:\\Users\\Daniel\\Documents\\projects\\SyncClassroom\\repos\\ai-editor\\node_modules","C:\\Users\\Daniel\\Documents\\projects\\SyncClassroom\\repos\\node_modules","C:\\Users\\Daniel\\Documents\\projects\\SyncClassroom\\node_modules","C:\\Users\\Daniel\\Documents\\projects\\node_modules","C:\\Users\\Daniel\\Documents\\node_modules","C:\\Users\\Daniel\\node_modules","C:\\Users\\node_modules","C:\\node_modules","C:\\Users\\Daniel\\.node_modules","C:\\Users\\Daniel\\.node_libraries","C:\\nvm4w\\nodejs\\lib\\node"]
MODULE 45160: load "C:\\Users\\Daniel\\Documents\\projects\\SyncClassroom\\repos\\ai-editor\\node_modules\\glob-parent\\index.js" for module "C:\\Users\\Daniel\\Documents\\projects\\SyncClassroom\\repos\\ai-editor\\node_modules\\glob-parent\\index.js"
MODULE 45160: Module._load REQUEST path parent: C:\Users\Daniel\Documents\projects\SyncClassroom\repos\ai-editor\node_modules\glob-parent\index.js
MODULE 45160: load built-in module path
MODULE 45160: Module._load REQUEST is-glob parent: C:\Users\Daniel\Documents\projects\SyncClassroom\repos\ai-editor\node_modules\glob-parent\index.js
MODULE 45160: looking for "is-glob" in ["C:\\Users\\Daniel\\Documents\\projects\\SyncClassroom\\repos\\ai-editor\\node_modules\\glob-parent\\node_modules","C:\\Users\\Daniel\\Documents\\projects\\SyncClassroom\\repos\\ai-editor\\node_modules","C:\\Users\\Daniel\\Documents\\projects\\SyncClassroom\\repos\\node_modules","C:\\Users\\Daniel\\Documents\\projects\\SyncClassroom\\node_modules","C:\\Users\\Daniel\\Documents\\projects\\node_modules","C:\\Users\\Daniel\\Documents\\node_modules","C:\\Users\\Daniel\\node_modules","C:\\Users\\node_modules","C:\\node_modules","C:\\Users\\Daniel\\.node_modules","C:\\Users\\Daniel\\.node_libraries","C:\\nvm4w\\nodejs\\lib\\node"]
MODULE 45160: load "C:\\Users\\Daniel\\Documents\\projects\\SyncClassroom\\repos\\ai-editor\\node_modules\\glob-parent\\node_modules\\is-glob\\index.js" for module "C:\\Users\\Daniel\\Documents\\projects\\SyncClassroom\\repos\\ai-editor\\node_modules\\glob-parent\\node_modules\\is-glob\\index.js"
MODULE 45160: Module._load REQUEST is-extglob parent: C:\Users\Daniel\Documents\projects\SyncClassroom\repos\ai-editor\node_modules\glob-parent\node_modules\is-glob\index.js
MODULE 45160: looking for "is-extglob" in ["C:\\Users\\Daniel\\Documents\\projects\\SyncClassroom\\repos\\ai-editor\\node_modules\\glob-parent\\node_modules\\is-glob\\node_modules","C:\\Users\\Daniel\\Documents\\projects\\SyncClassroom\\repos\\ai-editor\\node_modules\\glob-parent\\node_modules","C:\\Users\\Daniel\\Documents\\projects\\SyncClassroom\\repos\\ai-editor\\node_modules","C:\\Users\\Daniel\\Documents\\projects\\SyncClassroom\\repos\\node_modules","C:\\Users\\Daniel\\Documents\\projects\\SyncClassroom\\node_modules","C:\\Users\\Daniel\\Documents\\projects\\node_modules","C:\\Users\\Daniel\\Documents\\node_modules","C:\\Users\\Daniel\\node_modules","C:\\Users\\node_modules","C:\\node_modules","C:\\Users\\Daniel\\.node_modules","C:\\Users\\Daniel\\.node_libraries","C:\\nvm4w\\nodejs\\lib\\node"]
MODULE 45160: Module._load REQUEST path-dirname parent: C:\Users\Daniel\Documents\projects\SyncClassroom\repos\ai-editor\node_modules\glob-parent\index.js
MODULE 45160: looking for "path-dirname" in ["C:\\Users\\Daniel\\Documents\\projects\\SyncClassroom\\repos\\ai-editor\\node_modules\\glob-parent\\node_modules","C:\\Users\\Daniel\\Documents\\projects\\SyncClassroom\\repos\\ai-editor\\node_modules","C:\\Users\\Daniel\\Documents\\projects\\SyncClassroom\\repos\\node_modules","C:\\Users\\Daniel\\Documents\\projects\\SyncClassroom\\node_modules","C:\\Users\\Daniel\\Documents\\projects\\node_modules","C:\\Users\\Daniel\\Documents\\node_modules","C:\\Users\\Daniel\\node_modules","C:\\Users\\node_modules","C:\\node_modules","C:\\Users\\Daniel\\.node_modules","C:\\Users\\Daniel\\.node_libraries","C:\\nvm4w\\nodejs\\lib\\node"]
MODULE 45160: load "C:\\Users\\Daniel\\Documents\\projects\\SyncClassroom\\repos\\ai-editor\\node_modules\\path-dirname\\index.js" for module "C:\\Users\\Daniel\\Documents\\projects\\SyncClassroom\\repos\\ai-editor\\node_modules\\path-dirname\\index.js"
MODULE 45160: Module._load REQUEST path parent: C:\Users\Daniel\Documents\projects\SyncClassroom\repos\ai-editor\node_modules\path-dirname\index.js
MODULE 45160: load built-in module path
MODULE 45160: Module._load REQUEST util parent: C:\Users\Daniel\Documents\projects\SyncClassroom\repos\ai-editor\node_modules\path-dirname\index.js
MODULE 45160: load built-in module util
MODULE 45160: Module._load REQUEST os parent: C:\Users\Daniel\Documents\projects\SyncClassroom\repos\ai-editor\node_modules\glob-parent\index.js
MODULE 45160: load built-in module os
MODULE 45160: Module._load REQUEST to-absolute-glob parent: C:\Users\Daniel\Documents\projects\SyncClassroom\repos\ai-editor\node_modules\glob-stream\readable.js
MODULE 45160: looking for "to-absolute-glob" in ["C:\\Users\\Daniel\\Documents\\projects\\SyncClassroom\\repos\\ai-editor\\node_modules\\glob-stream\\node_modules","C:\\Users\\Daniel\\Documents\\projects\\SyncClassroom\\repos\\ai-editor\\node_modules","C:\\Users\\Daniel\\Documents\\projects\\SyncClassroom\\repos\\node_modules","C:\\Users\\Daniel\\Documents\\projects\\SyncClassroom\\node_modules","C:\\Users\\Daniel\\Documents\\projects\\node_modules","C:\\Users\\Daniel\\Documents\\node_modules","C:\\Users\\Daniel\\node_modules","C:\\Users\\node_modules","C:\\node_modules","C:\\Users\\Daniel\\.node_modules","C:\\Users\\Daniel\\.node_libraries","C:\\nvm4w\\nodejs\\lib\\node"]
MODULE 45160: load "C:\\Users\\Daniel\\Documents\\projects\\SyncClassroom\\repos\\ai-editor\\node_modules\\to-absolute-glob\\index.js" for module "C:\\Users\\Daniel\\Documents\\projects\\SyncClassroom\\repos\\ai-editor\\node_modules\\to-absolute-glob\\index.js"
MODULE 45160: Module._load REQUEST path parent: C:\Users\Daniel\Documents\projects\SyncClassroom\repos\ai-editor\node_modules\to-absolute-glob\index.js
MODULE 45160: load built-in module path
MODULE 45160: Module._load REQUEST is-negated-glob parent: C:\Users\Daniel\Documents\projects\SyncClassroom\repos\ai-editor\node_modules\to-absolute-glob\index.js
MODULE 45160: looking for "is-negated-glob" in ["C:\\Users\\Daniel\\Documents\\projects\\SyncClassroom\\repos\\ai-editor\\node_modules\\to-absolute-glob\\node_modules","C:\\Users\\Daniel\\Documents\\projects\\SyncClassroom\\repos\\ai-editor\\node_modules","C:\\Users\\Daniel\\Documents\\projects\\SyncClassroom\\repos\\node_modules","C:\\Users\\Daniel\\Documents\\projects\\SyncClassroom\\node_modules","C:\\Users\\Daniel\\Documents\\projects\\node_modules","C:\\Users\\Daniel\\Documents\\node_modules","C:\\Users\\Daniel\\node_modules","C:\\Users\\node_modules","C:\\node_modules","C:\\Users\\Daniel\\.node_modules","C:\\Users\\Daniel\\.node_libraries","C:\\nvm4w\\nodejs\\lib\\node"]
MODULE 45160: Module._load REQUEST is-absolute parent: C:\Users\Daniel\Documents\projects\SyncClassroom\repos\ai-editor\node_modules\to-absolute-glob\index.js
MODULE 45160: looking for "is-absolute" in ["C:\\Users\\Daniel\\Documents\\projects\\SyncClassroom\\repos\\ai-editor\\node_modules\\to-absolute-glob\\node_modules","C:\\Users\\Daniel\\Documents\\projects\\SyncClassroom\\repos\\ai-editor\\node_modules","C:\\Users\\Daniel\\Documents\\projects\\SyncClassroom\\repos\\node_modules","C:\\Users\\Daniel\\Documents\\projects\\SyncClassroom\\node_modules","C:\\Users\\Daniel\\Documents\\projects\\node_modules","C:\\Users\\Daniel\\Documents\\node_modules","C:\\Users\\Daniel\\node_modules","C:\\Users\\node_modules","C:\\node_modules","C:\\Users\\Daniel\\.node_modules","C:\\Users\\Daniel\\.node_libraries","C:\\nvm4w\\nodejs\\lib\\node"]
MODULE 45160: Module._load REQUEST remove-trailing-separator parent: C:\Users\Daniel\Documents\projects\SyncClassroom\repos\ai-editor\node_modules\glob-stream\readable.js
MODULE 45160: looking for "remove-trailing-separator" in ["C:\\Users\\Daniel\\Documents\\projects\\SyncClassroom\\repos\\ai-editor\\node_modules\\glob-stream\\node_modules","C:\\Users\\Daniel\\Documents\\projects\\SyncClassroom\\repos\\ai-editor\\node_modules","C:\\Users\\Daniel\\Documents\\projects\\SyncClassroom\\repos\\node_modules","C:\\Users\\Daniel\\Documents\\projects\\SyncClassroom\\node_modules","C:\\Users\\Daniel\\Documents\\projects\\node_modules","C:\\Users\\Daniel\\Documents\\node_modules","C:\\Users\\Daniel\\node_modules","C:\\Users\\node_modules","C:\\node_modules","C:\\Users\\Daniel\\.node_modules","C:\\Users\\Daniel\\.node_libraries","C:\\nvm4w\\nodejs\\lib\\node"]
MODULE 45160: Module._load REQUEST pumpify parent: C:\Users\Daniel\Documents\projects\SyncClassroom\repos\ai-editor\node_modules\vinyl-fs\lib\src\index.js
MODULE 45160: looking for "pumpify" in ["C:\\Users\\Daniel\\Documents\\projects\\SyncClassroom\\repos\\ai-editor\\node_modules\\vinyl-fs\\lib\\src\\node_modules","C:\\Users\\Daniel\\Documents\\projects\\SyncClassroom\\repos\\ai-editor\\node_modules\\vinyl-fs\\lib\\node_modules","C:\\Users\\Daniel\\Documents\\projects\\SyncClassroom\\repos\\ai-editor\\node_modules\\vinyl-fs\\node_modules","C:\\Users\\Daniel\\Documents\\projects\\SyncClassroom\\repos\\ai-editor\\node_modules","C:\\Users\\Daniel\\Documents\\projects\\SyncClassroom\\repos\\node_modules","C:\\Users\\Daniel\\Documents\\projects\\SyncClassroom\\node_modules","C:\\Users\\Daniel\\Documents\\projects\\node_modules","C:\\Users\\Daniel\\Documents\\node_modules","C:\\Users\\Daniel\\node_modules","C:\\Users\\node_modules","C:\\node_modules","C:\\Users\\Daniel\\.node_modules","C:\\Users\\Daniel\\.node_libraries","C:\\nvm4w\\nodejs\\lib\\node"]
MODULE 45160: Module._load REQUEST to-through parent: C:\Users\Daniel\Documents\projects\SyncClassroom\repos\ai-editor\node_modules\vinyl-fs\lib\src\index.js
MODULE 45160: looking for "to-through" in ["C:\\Users\\Daniel\\Documents\\projects\\SyncClassroom\\repos\\ai-editor\\node_modules\\vinyl-fs\\lib\\src\\node_modules","C:\\Users\\Daniel\\Documents\\projects\\SyncClassroom\\repos\\ai-editor\\node_modules\\vinyl-fs\\lib\\node_modules","C:\\Users\\Daniel\\Documents\\projects\\SyncClassroom\\repos\\ai-editor\\node_modules\\vinyl-fs\\node_modules","C:\\Users\\Daniel\\Documents\\projects\\SyncClassroom\\repos\\ai-editor\\node_modules","C:\\Users\\Daniel\\Documents\\projects\\SyncClassroom\\repos\\node_modules","C:\\Users\\Daniel\\Documents\\projects\\SyncClassroom\\node_modules","C:\\Users\\Daniel\\Documents\\projects\\node_modules","C:\\Users\\Daniel\\Documents\\node_modules","C:\\Users\\Daniel\\node_modules","C:\\Users\\node_modules","C:\\node_modules","C:\\Users\\Daniel\\.node_modules","C:\\Users\\Daniel\\.node_libraries","C:\\nvm4w\\nodejs\\lib\\node"]
MODULE 45160: load "C:\\Users\\Daniel\\Documents\\projects\\SyncClassroom\\repos\\ai-editor\\node_modules\\to-through\\index.js" for module "C:\\Users\\Daniel\\Documents\\projects\\SyncClassroom\\repos\\ai-editor\\node_modules\\to-through\\index.js"
MODULE 45160: Module._load REQUEST through2 parent: C:\Users\Daniel\Documents\projects\SyncClassroom\repos\ai-editor\node_modules\to-through\index.js
MODULE 45160: looking for "through2" in ["C:\\Users\\Daniel\\Documents\\projects\\SyncClassroom\\repos\\ai-editor\\node_modules\\to-through\\node_modules","C:\\Users\\Daniel\\Documents\\projects\\SyncClassroom\\repos\\ai-editor\\node_modules","C:\\Users\\Daniel\\Documents\\projects\\SyncClassroom\\repos\\node_modules","C:\\Users\\Daniel\\Documents\\projects\\SyncClassroom\\node_modules","C:\\Users\\Daniel\\Documents\\projects\\node_modules","C:\\Users\\Daniel\\Documents\\node_modules","C:\\Users\\Daniel\\node_modules","C:\\Users\\node_modules","C:\\node_modules","C:\\Users\\Daniel\\.node_modules","C:\\Users\\Daniel\\.node_libraries","C:\\nvm4w\\nodejs\\lib\\node"]
MODULE 45160: Module._load REQUEST is-valid-glob parent: C:\Users\Daniel\Documents\projects\SyncClassroom\repos\ai-editor\node_modules\vinyl-fs\lib\src\index.js
MODULE 45160: looking for "is-valid-glob" in ["C:\\Users\\Daniel\\Documents\\projects\\SyncClassroom\\repos\\ai-editor\\node_modules\\vinyl-fs\\lib\\src\\node_modules","C:\\Users\\Daniel\\Documents\\projects\\SyncClassroom\\repos\\ai-editor\\node_modules\\vinyl-fs\\lib\\node_modules","C:\\Users\\Daniel\\Documents\\projects\\SyncClassroom\\repos\\ai-editor\\node_modules\\vinyl-fs\\node_modules","C:\\Users\\Daniel\\Documents\\projects\\SyncClassroom\\repos\\ai-editor\\node_modules","C:\\Users\\Daniel\\Documents\\projects\\SyncClassroom\\repos\\node_modules","C:\\Users\\Daniel\\Documents\\projects\\SyncClassroom\\node_modules","C:\\Users\\Daniel\\Documents\\projects\\node_modules","C:\\Users\\Daniel\\Documents\\node_modules","C:\\Users\\Daniel\\node_modules","C:\\Users\\node_modules","C:\\node_modules","C:\\Users\\Daniel\\.node_modules","C:\\Users\\Daniel\\.node_libraries","C:\\nvm4w\\nodejs\\lib\\node"]
MODULE 45160: load "C:\\Users\\Daniel\\Documents\\projects\\SyncClassroom\\repos\\ai-editor\\node_modules\\is-valid-glob\\index.js" for module "C:\\Users\\Daniel\\Documents\\projects\\SyncClassroom\\repos\\ai-editor\\node_modules\\is-valid-glob\\index.js"
MODULE 45160: Module._load REQUEST resolve-options parent: C:\Users\Daniel\Documents\projects\SyncClassroom\repos\ai-editor\node_modules\vinyl-fs\lib\src\index.js
MODULE 45160: looking for "resolve-options" in ["C:\\Users\\Daniel\\Documents\\projects\\SyncClassroom\\repos\\ai-editor\\node_modules\\vinyl-fs\\lib\\src\\node_modules","C:\\Users\\Daniel\\Documents\\projects\\SyncClassroom\\repos\\ai-editor\\node_modules\\vinyl-fs\\lib\\node_modules","C:\\Users\\Daniel\\Documents\\projects\\SyncClassroom\\repos\\ai-editor\\node_modules\\vinyl-fs\\node_modules","C:\\Users\\Daniel\\Documents\\projects\\SyncClassroom\\repos\\ai-editor\\node_modules","C:\\Users\\Daniel\\Documents\\projects\\SyncClassroom\\repos\\node_modules","C:\\Users\\Daniel\\Documents\\projects\\SyncClassroom\\node_modules","C:\\Users\\Daniel\\Documents\\projects\\node_modules","C:\\Users\\Daniel\\Documents\\node_modules","C:\\Users\\Daniel\\node_modules","C:\\Users\\node_modules","C:\\node_modules","C:\\Users\\Daniel\\.node_modules","C:\\Users\\Daniel\\.node_libraries","C:\\nvm4w\\nodejs\\lib\\node"]
MODULE 45160: load "C:\\Users\\Daniel\\Documents\\projects\\SyncClassroom\\repos\\ai-editor\\node_modules\\resolve-options\\index.js" for module "C:\\Users\\Daniel\\Documents\\projects\\SyncClassroom\\repos\\ai-editor\\node_modules\\resolve-options\\index.js"
MODULE 45160: Module._load REQUEST value-or-function parent: C:\Users\Daniel\Documents\projects\SyncClassroom\repos\ai-editor\node_modules\resolve-options\index.js
MODULE 45160: looking for "value-or-function" in ["C:\\Users\\Daniel\\Documents\\projects\\SyncClassroom\\repos\\ai-editor\\node_modules\\resolve-options\\node_modules","C:\\Users\\Daniel\\Documents\\projects\\SyncClassroom\\repos\\ai-editor\\node_modules","C:\\Users\\Daniel\\Documents\\projects\\SyncClassroom\\repos\\node_modules","C:\\Users\\Daniel\\Documents\\projects\\SyncClassroom\\node_modules","C:\\Users\\Daniel\\Documents\\projects\\node_modules","C:\\Users\\Daniel\\Documents\\node_modules","C:\\Users\\Daniel\\node_modules","C:\\Users\\node_modules","C:\\node_modules","C:\\Users\\Daniel\\.node_modules","C:\\Users\\Daniel\\.node_libraries","C:\\nvm4w\\nodejs\\lib\\node"]
MODULE 45160: load "C:\\Users\\Daniel\\Documents\\projects\\SyncClassroom\\repos\\ai-editor\\node_modules\\value-or-function\\index.js" for module "C:\\Users\\Daniel\\Documents\\projects\\SyncClassroom\\repos\\ai-editor\\node_modules\\value-or-function\\index.js"
MODULE 45160: Module._load REQUEST ./options parent: C:\Users\Daniel\Documents\projects\SyncClassroom\repos\ai-editor\node_modules\vinyl-fs\lib\src\index.js
MODULE 45160: RELATIVE: requested: ./options from parent.id C:\Users\Daniel\Documents\projects\SyncClassroom\repos\ai-editor\node_modules\vinyl-fs\lib\src\index.js
MODULE 45160: looking for ["C:\\Users\\Daniel\\Documents\\projects\\SyncClassroom\\repos\\ai-editor\\node_modules\\vinyl-fs\\lib\\src"]
MODULE 45160: load "C:\\Users\\Daniel\\Documents\\projects\\SyncClassroom\\repos\\ai-editor\\node_modules\\vinyl-fs\\lib\\src\\options.js" for module "C:\\Users\\Daniel\\Documents\\projects\\SyncClassroom\\repos\\ai-editor\\node_modules\\vinyl-fs\\lib\\src\\options.js"
MODULE 45160: Module._load REQUEST ./prepare parent: C:\Users\Daniel\Documents\projects\SyncClassroom\repos\ai-editor\node_modules\vinyl-fs\lib\src\index.js
MODULE 45160: RELATIVE: requested: ./prepare from parent.id C:\Users\Daniel\Documents\projects\SyncClassroom\repos\ai-editor\node_modules\vinyl-fs\lib\src\index.js
MODULE 45160: looking for ["C:\\Users\\Daniel\\Documents\\projects\\SyncClassroom\\repos\\ai-editor\\node_modules\\vinyl-fs\\lib\\src"]
MODULE 45160: load "C:\\Users\\Daniel\\Documents\\projects\\SyncClassroom\\repos\\ai-editor\\node_modules\\vinyl-fs\\lib\\src\\prepare.js" for module "C:\\Users\\Daniel\\Documents\\projects\\SyncClassroom\\repos\\ai-editor\\node_modules\\vinyl-fs\\lib\\src\\prepare.js"
MODULE 45160: Module._load REQUEST through2 parent: C:\Users\Daniel\Documents\projects\SyncClassroom\repos\ai-editor\node_modules\vinyl-fs\lib\src\prepare.js
MODULE 45160: looking for "through2" in ["C:\\Users\\Daniel\\Documents\\projects\\SyncClassroom\\repos\\ai-editor\\node_modules\\vinyl-fs\\lib\\src\\node_modules","C:\\Users\\Daniel\\Documents\\projects\\SyncClassroom\\repos\\ai-editor\\node_modules\\vinyl-fs\\lib\\node_modules","C:\\Users\\Daniel\\Documents\\projects\\SyncClassroom\\repos\\ai-editor\\node_modules\\vinyl-fs\\node_modules","C:\\Users\\Daniel\\Documents\\projects\\SyncClassroom\\repos\\ai-editor\\node_modules","C:\\Users\\Daniel\\Documents\\projects\\SyncClassroom\\repos\\node_modules","C:\\Users\\Daniel\\Documents\\projects\\SyncClassroom\\node_modules","C:\\Users\\Daniel\\Documents\\projects\\node_modules","C:\\Users\\Daniel\\Documents\\node_modules","C:\\Users\\Daniel\\node_modules","C:\\Users\\node_modules","C:\\node_modules","C:\\Users\\Daniel\\.node_modules","C:\\Users\\Daniel\\.node_libraries","C:\\nvm4w\\nodejs\\lib\\node"]
MODULE 45160: Module._load REQUEST ./wrap-vinyl parent: C:\Users\Daniel\Documents\projects\SyncClassroom\repos\ai-editor\node_modules\vinyl-fs\lib\src\index.js
MODULE 45160: RELATIVE: requested: ./wrap-vinyl from parent.id C:\Users\Daniel\Documents\projects\SyncClassroom\repos\ai-editor\node_modules\vinyl-fs\lib\src\index.js
MODULE 45160: looking for ["C:\\Users\\Daniel\\Documents\\projects\\SyncClassroom\\repos\\ai-editor\\node_modules\\vinyl-fs\\lib\\src"]
MODULE 45160: load "C:\\Users\\Daniel\\Documents\\projects\\SyncClassroom\\repos\\ai-editor\\node_modules\\vinyl-fs\\lib\\src\\wrap-vinyl.js" for module "C:\\Users\\Daniel\\Documents\\projects\\SyncClassroom\\repos\\ai-editor\\node_modules\\vinyl-fs\\lib\\src\\wrap-vinyl.js"
MODULE 45160: Module._load REQUEST vinyl parent: C:\Users\Daniel\Documents\projects\SyncClassroom\repos\ai-editor\node_modules\vinyl-fs\lib\src\wrap-vinyl.js
MODULE 45160: looking for "vinyl" in ["C:\\Users\\Daniel\\Documents\\projects\\SyncClassroom\\repos\\ai-editor\\node_modules\\vinyl-fs\\lib\\src\\node_modules","C:\\Users\\Daniel\\Documents\\projects\\SyncClassroom\\repos\\ai-editor\\node_modules\\vinyl-fs\\lib\\node_modules","C:\\Users\\Daniel\\Documents\\projects\\SyncClassroom\\repos\\ai-editor\\node_modules\\vinyl-fs\\node_modules","C:\\Users\\Daniel\\Documents\\projects\\SyncClassroom\\repos\\ai-editor\\node_modules","C:\\Users\\Daniel\\Documents\\projects\\SyncClassroom\\repos\\node_modules","C:\\Users\\Daniel\\Documents\\projects\\SyncClassroom\\node_modules","C:\\Users\\Daniel\\Documents\\projects\\node_modules","C:\\Users\\Daniel\\Documents\\node_modules","C:\\Users\\Daniel\\node_modules","C:\\Users\\node_modules","C:\\node_modules","C:\\Users\\Daniel\\.node_modules","C:\\Users\\Daniel\\.node_libraries","C:\\nvm4w\\nodejs\\lib\\node"]
MODULE 45160: load "C:\\Users\\Daniel\\Documents\\projects\\SyncClassroom\\repos\\ai-editor\\node_modules\\vinyl\\index.js" for module "C:\\Users\\Daniel\\Documents\\projects\\SyncClassroom\\repos\\ai-editor\\node_modules\\vinyl\\index.js"
MODULE 45160: Module._load REQUEST path parent: C:\Users\Daniel\Documents\projects\SyncClassroom\repos\ai-editor\node_modules\vinyl\index.js
MODULE 45160: load built-in module path
MODULE 45160: Module._load REQUEST util parent: C:\Users\Daniel\Documents\projects\SyncClassroom\repos\ai-editor\node_modules\vinyl\index.js
MODULE 45160: load built-in module util
MODULE 45160: Module._load REQUEST buffer parent: C:\Users\Daniel\Documents\projects\SyncClassroom\repos\ai-editor\node_modules\vinyl\index.js
MODULE 45160: load built-in module buffer
MODULE 45160: Module._load REQUEST clone parent: C:\Users\Daniel\Documents\projects\SyncClassroom\repos\ai-editor\node_modules\vinyl\index.js
MODULE 45160: looking for "clone" in ["C:\\Users\\Daniel\\Documents\\projects\\SyncClassroom\\repos\\ai-editor\\node_modules\\vinyl\\node_modules","C:\\Users\\Daniel\\Documents\\projects\\SyncClassroom\\repos\\ai-editor\\node_modules","C:\\Users\\Daniel\\Documents\\projects\\SyncClassroom\\repos\\node_modules","C:\\Users\\Daniel\\Documents\\projects\\SyncClassroom\\node_modules","C:\\Users\\Daniel\\Documents\\projects\\node_modules","C:\\Users\\Daniel\\Documents\\node_modules","C:\\Users\\Daniel\\node_modules","C:\\Users\\node_modules","C:\\node_modules","C:\\Users\\Daniel\\.node_modules","C:\\Users\\Daniel\\.node_libraries","C:\\nvm4w\\nodejs\\lib\\node"]
MODULE 45160: load "C:\\Users\\Daniel\\Documents\\projects\\SyncClassroom\\repos\\ai-editor\\node_modules\\clone\\clone.js" for module "C:\\Users\\Daniel\\Documents\\projects\\SyncClassroom\\repos\\ai-editor\\node_modules\\clone\\clone.js"
MODULE 45160: Module._load REQUEST cloneable-readable parent: C:\Users\Daniel\Documents\projects\SyncClassroom\repos\ai-editor\node_modules\vinyl\index.js
MODULE 45160: looking for "cloneable-readable" in ["C:\\Users\\Daniel\\Documents\\projects\\SyncClassroom\\repos\\ai-editor\\node_modules\\vinyl\\node_modules","C:\\Users\\Daniel\\Documents\\projects\\SyncClassroom\\repos\\ai-editor\\node_modules","C:\\Users\\Daniel\\Documents\\projects\\SyncClassroom\\repos\\node_modules","C:\\Users\\Daniel\\Documents\\projects\\SyncClassroom\\node_modules","C:\\Users\\Daniel\\Documents\\projects\\node_modules","C:\\Users\\Daniel\\Documents\\node_modules","C:\\Users\\Daniel\\node_modules","C:\\Users\\node_modules","C:\\node_modules","C:\\Users\\Daniel\\.node_modules","C:\\Users\\Daniel\\.node_libraries","C:\\nvm4w\\nodejs\\lib\\node"]
MODULE 45160: load "C:\\Users\\Daniel\\Documents\\projects\\SyncClassroom\\repos\\ai-editor\\node_modules\\cloneable-readable\\index.js" for module "C:\\Users\\Daniel\\Documents\\projects\\SyncClassroom\\repos\\ai-editor\\node_modules\\cloneable-readable\\index.js"
MODULE 45160: Module._load REQUEST readable-stream parent: C:\Users\Daniel\Documents\projects\SyncClassroom\repos\ai-editor\node_modules\cloneable-readable\index.js
MODULE 45160: looking for "readable-stream" in ["C:\\Users\\Daniel\\Documents\\projects\\SyncClassroom\\repos\\ai-editor\\node_modules\\cloneable-readable\\node_modules","C:\\Users\\Daniel\\Documents\\projects\\SyncClassroom\\repos\\ai-editor\\node_modules","C:\\Users\\Daniel\\Documents\\projects\\SyncClassroom\\repos\\node_modules","C:\\Users\\Daniel\\Documents\\projects\\SyncClassroom\\node_modules","C:\\Users\\Daniel\\Documents\\projects\\node_modules","C:\\Users\\Daniel\\Documents\\node_modules","C:\\Users\\Daniel\\node_modules","C:\\Users\\node_modules","C:\\node_modules","C:\\Users\\Daniel\\.node_modules","C:\\Users\\Daniel\\.node_libraries","C:\\nvm4w\\nodejs\\lib\\node"]
MODULE 45160: Module._load REQUEST inherits parent: C:\Users\Daniel\Documents\projects\SyncClassroom\repos\ai-editor\node_modules\cloneable-readable\index.js
MODULE 45160: looking for "inherits" in ["C:\\Users\\Daniel\\Documents\\projects\\SyncClassroom\\repos\\ai-editor\\node_modules\\cloneable-readable\\node_modules","C:\\Users\\Daniel\\Documents\\projects\\SyncClassroom\\repos\\ai-editor\\node_modules","C:\\Users\\Daniel\\Documents\\projects\\SyncClassroom\\repos\\node_modules","C:\\Users\\Daniel\\Documents\\projects\\SyncClassroom\\node_modules","C:\\Users\\Daniel\\Documents\\projects\\node_modules","C:\\Users\\Daniel\\Documents\\node_modules","C:\\Users\\Daniel\\node_modules","C:\\Users\\node_modules","C:\\node_modules","C:\\Users\\Daniel\\.node_modules","C:\\Users\\Daniel\\.node_libraries","C:\\nvm4w\\nodejs\\lib\\node"]
MODULE 45160: Module._load REQUEST process-nextick-args parent: C:\Users\Daniel\Documents\projects\SyncClassroom\repos\ai-editor\node_modules\cloneable-readable\index.js
MODULE 45160: looking for "process-nextick-args" in ["C:\\Users\\Daniel\\Documents\\projects\\SyncClassroom\\repos\\ai-editor\\node_modules\\cloneable-readable\\node_modules","C:\\Users\\Daniel\\Documents\\projects\\SyncClassroom\\repos\\ai-editor\\node_modules","C:\\Users\\Daniel\\Documents\\projects\\SyncClassroom\\repos\\node_modules","C:\\Users\\Daniel\\Documents\\projects\\SyncClassroom\\node_modules","C:\\Users\\Daniel\\Documents\\projects\\node_modules","C:\\Users\\Daniel\\Documents\\node_modules","C:\\Users\\Daniel\\node_modules","C:\\Users\\node_modules","C:\\node_modules","C:\\Users\\Daniel\\.node_modules","C:\\Users\\Daniel\\.node_libraries","C:\\nvm4w\\nodejs\\lib\\node"]
MODULE 45160: Module._load REQUEST replace-ext parent: C:\Users\Daniel\Documents\projects\SyncClassroom\repos\ai-editor\node_modules\vinyl\index.js
MODULE 45160: looking for "replace-ext" in ["C:\\Users\\Daniel\\Documents\\projects\\SyncClassroom\\repos\\ai-editor\\node_modules\\vinyl\\node_modules","C:\\Users\\Daniel\\Documents\\projects\\SyncClassroom\\repos\\ai-editor\\node_modules","C:\\Users\\Daniel\\Documents\\projects\\SyncClassroom\\repos\\node_modules","C:\\Users\\Daniel\\Documents\\projects\\SyncClassroom\\node_modules","C:\\Users\\Daniel\\Documents\\projects\\node_modules","C:\\Users\\Daniel\\Documents\\node_modules","C:\\Users\\Daniel\\node_modules","C:\\Users\\node_modules","C:\\node_modules","C:\\Users\\Daniel\\.node_modules","C:\\Users\\Daniel\\.node_libraries","C:\\nvm4w\\nodejs\\lib\\node"]
MODULE 45160: load "C:\\Users\\Daniel\\Documents\\projects\\SyncClassroom\\repos\\ai-editor\\node_modules\\replace-ext\\index.js" for module "C:\\Users\\Daniel\\Documents\\projects\\SyncClassroom\\repos\\ai-editor\\node_modules\\replace-ext\\index.js"
MODULE 45160: Module._load REQUEST path parent: C:\Users\Daniel\Documents\projects\SyncClassroom\repos\ai-editor\node_modules\replace-ext\index.js
MODULE 45160: load built-in module path
MODULE 45160: Module._load REQUEST clone-stats parent: C:\Users\Daniel\Documents\projects\SyncClassroom\repos\ai-editor\node_modules\vinyl\index.js
MODULE 45160: looking for "clone-stats" in ["C:\\Users\\Daniel\\Documents\\projects\\SyncClassroom\\repos\\ai-editor\\node_modules\\vinyl\\node_modules","C:\\Users\\Daniel\\Documents\\projects\\SyncClassroom\\repos\\ai-editor\\node_modules","C:\\Users\\Daniel\\Documents\\projects\\SyncClassroom\\repos\\node_modules","C:\\Users\\Daniel\\Documents\\projects\\SyncClassroom\\node_modules","C:\\Users\\Daniel\\Documents\\projects\\node_modules","C:\\Users\\Daniel\\Documents\\node_modules","C:\\Users\\Daniel\\node_modules","C:\\Users\\node_modules","C:\\node_modules","C:\\Users\\Daniel\\.node_modules","C:\\Users\\Daniel\\.node_libraries","C:\\nvm4w\\nodejs\\lib\\node"]
MODULE 45160: load "C:\\Users\\Daniel\\Documents\\projects\\SyncClassroom\\repos\\ai-editor\\node_modules\\clone-stats\\index.js" for module "C:\\Users\\Daniel\\Documents\\projects\\SyncClassroom\\repos\\ai-editor\\node_modules\\clone-stats\\index.js"
MODULE 45160: Module._load REQUEST fs parent: C:\Users\Daniel\Documents\projects\SyncClassroom\repos\ai-editor\node_modules\clone-stats\index.js
MODULE 45160: load built-in module fs
MODULE 45160: Module._load REQUEST clone-buffer parent: C:\Users\Daniel\Documents\projects\SyncClassroom\repos\ai-editor\node_modules\vinyl\index.js
MODULE 45160: looking for "clone-buffer" in ["C:\\Users\\Daniel\\Documents\\projects\\SyncClassroom\\repos\\ai-editor\\node_modules\\vinyl\\node_modules","C:\\Users\\Daniel\\Documents\\projects\\SyncClassroom\\repos\\ai-editor\\node_modules","C:\\Users\\Daniel\\Documents\\projects\\SyncClassroom\\repos\\node_modules","C:\\Users\\Daniel\\Documents\\projects\\SyncClassroom\\node_modules","C:\\Users\\Daniel\\Documents\\projects\\node_modules","C:\\Users\\Daniel\\Documents\\node_modules","C:\\Users\\Daniel\\node_modules","C:\\Users\\node_modules","C:\\node_modules","C:\\Users\\Daniel\\.node_modules","C:\\Users\\Daniel\\.node_libraries","C:\\nvm4w\\nodejs\\lib\\node"]
MODULE 45160: load "C:\\Users\\Daniel\\Documents\\projects\\SyncClassroom\\repos\\ai-editor\\node_modules\\clone-buffer\\index.js" for module "C:\\Users\\Daniel\\Documents\\projects\\SyncClassroom\\repos\\ai-editor\\node_modules\\clone-buffer\\index.js"
MODULE 45160: Module._load REQUEST buffer parent: C:\Users\Daniel\Documents\projects\SyncClassroom\repos\ai-editor\node_modules\clone-buffer\index.js
MODULE 45160: load built-in module buffer
MODULE 45160: Module._load REQUEST remove-trailing-separator parent: C:\Users\Daniel\Documents\projects\SyncClassroom\repos\ai-editor\node_modules\vinyl\index.js
MODULE 45160: looking for "remove-trailing-separator" in ["C:\\Users\\Daniel\\Documents\\projects\\SyncClassroom\\repos\\ai-editor\\node_modules\\vinyl\\node_modules","C:\\Users\\Daniel\\Documents\\projects\\SyncClassroom\\repos\\ai-editor\\node_modules","C:\\Users\\Daniel\\Documents\\projects\\SyncClassroom\\repos\\node_modules","C:\\Users\\Daniel\\Documents\\projects\\SyncClassroom\\node_modules","C:\\Users\\Daniel\\Documents\\projects\\node_modules","C:\\Users\\Daniel\\Documents\\node_modules","C:\\Users\\Daniel\\node_modules","C:\\Users\\node_modules","C:\\node_modules","C:\\Users\\Daniel\\.node_modules","C:\\Users\\Daniel\\.node_libraries","C:\\nvm4w\\nodejs\\lib\\node"]
MODULE 45160: Module._load REQUEST ./lib/is-stream parent: C:\Users\Daniel\Documents\projects\SyncClassroom\repos\ai-editor\node_modules\vinyl\index.js
MODULE 45160: RELATIVE: requested: ./lib/is-stream from parent.id C:\Users\Daniel\Documents\projects\SyncClassroom\repos\ai-editor\node_modules\vinyl\index.js
MODULE 45160: looking for ["C:\\Users\\Daniel\\Documents\\projects\\SyncClassroom\\repos\\ai-editor\\node_modules\\vinyl"]
MODULE 45160: load "C:\\Users\\Daniel\\Documents\\projects\\SyncClassroom\\repos\\ai-editor\\node_modules\\vinyl\\lib\\is-stream.js" for module "C:\\Users\\Daniel\\Documents\\projects\\SyncClassroom\\repos\\ai-editor\\node_modules\\vinyl\\lib\\is-stream.js"
MODULE 45160: Module._load REQUEST ./lib/normalize parent: C:\Users\Daniel\Documents\projects\SyncClassroom\repos\ai-editor\node_modules\vinyl\index.js
MODULE 45160: RELATIVE: requested: ./lib/normalize from parent.id C:\Users\Daniel\Documents\projects\SyncClassroom\repos\ai-editor\node_modules\vinyl\index.js
MODULE 45160: looking for ["C:\\Users\\Daniel\\Documents\\projects\\SyncClassroom\\repos\\ai-editor\\node_modules\\vinyl"]
MODULE 45160: load "C:\\Users\\Daniel\\Documents\\projects\\SyncClassroom\\repos\\ai-editor\\node_modules\\vinyl\\lib\\normalize.js" for module "C:\\Users\\Daniel\\Documents\\projects\\SyncClassroom\\repos\\ai-editor\\node_modules\\vinyl\\lib\\normalize.js"
MODULE 45160: Module._load REQUEST path parent: C:\Users\Daniel\Documents\projects\SyncClassroom\repos\ai-editor\node_modules\vinyl\lib\normalize.js
MODULE 45160: load built-in module path
MODULE 45160: Module._load REQUEST ./lib/inspect-stream parent: C:\Users\Daniel\Documents\projects\SyncClassroom\repos\ai-editor\node_modules\vinyl\index.js
MODULE 45160: RELATIVE: requested: ./lib/inspect-stream from parent.id C:\Users\Daniel\Documents\projects\SyncClassroom\repos\ai-editor\node_modules\vinyl\index.js
MODULE 45160: looking for ["C:\\Users\\Daniel\\Documents\\projects\\SyncClassroom\\repos\\ai-editor\\node_modules\\vinyl"]
MODULE 45160: load "C:\\Users\\Daniel\\Documents\\projects\\SyncClassroom\\repos\\ai-editor\\node_modules\\vinyl\\lib\\inspect-stream.js" for module "C:\\Users\\Daniel\\Documents\\projects\\SyncClassroom\\repos\\ai-editor\\node_modules\\vinyl\\lib\\inspect-stream.js"
MODULE 45160: Module._load REQUEST through2 parent: C:\Users\Daniel\Documents\projects\SyncClassroom\repos\ai-editor\node_modules\vinyl-fs\lib\src\wrap-vinyl.js
MODULE 45160: looking for "through2" in ["C:\\Users\\Daniel\\Documents\\projects\\SyncClassroom\\repos\\ai-editor\\node_modules\\vinyl-fs\\lib\\src\\node_modules","C:\\Users\\Daniel\\Documents\\projects\\SyncClassroom\\repos\\ai-editor\\node_modules\\vinyl-fs\\lib\\node_modules","C:\\Users\\Daniel\\Documents\\projects\\SyncClassroom\\repos\\ai-editor\\node_modules\\vinyl-fs\\node_modules","C:\\Users\\Daniel\\Documents\\projects\\SyncClassroom\\repos\\ai-editor\\node_modules","C:\\Users\\Daniel\\Documents\\projects\\SyncClassroom\\repos\\node_modules","C:\\Users\\Daniel\\Documents\\projects\\SyncClassroom\\node_modules","C:\\Users\\Daniel\\Documents\\projects\\node_modules","C:\\Users\\Daniel\\Documents\\node_modules","C:\\Users\\Daniel\\node_modules","C:\\Users\\node_modules","C:\\node_modules","C:\\Users\\Daniel\\.node_modules","C:\\Users\\Daniel\\.node_libraries","C:\\nvm4w\\nodejs\\lib\\node"]
MODULE 45160: Module._load REQUEST ./sourcemap parent: C:\Users\Daniel\Documents\projects\SyncClassroom\repos\ai-editor\node_modules\vinyl-fs\lib\src\index.js
MODULE 45160: RELATIVE: requested: ./sourcemap from parent.id C:\Users\Daniel\Documents\projects\SyncClassroom\repos\ai-editor\node_modules\vinyl-fs\lib\src\index.js
MODULE 45160: looking for ["C:\\Users\\Daniel\\Documents\\projects\\SyncClassroom\\repos\\ai-editor\\node_modules\\vinyl-fs\\lib\\src"]
MODULE 45160: load "C:\\Users\\Daniel\\Documents\\projects\\SyncClassroom\\repos\\ai-editor\\node_modules\\vinyl-fs\\lib\\src\\sourcemap.js" for module "C:\\Users\\Daniel\\Documents\\projects\\SyncClassroom\\repos\\ai-editor\\node_modules\\vinyl-fs\\lib\\src\\sourcemap.js"
MODULE 45160: Module._load REQUEST through2 parent: C:\Users\Daniel\Documents\projects\SyncClassroom\repos\ai-editor\node_modules\vinyl-fs\lib\src\sourcemap.js
MODULE 45160: looking for "through2" in ["C:\\Users\\Daniel\\Documents\\projects\\SyncClassroom\\repos\\ai-editor\\node_modules\\vinyl-fs\\lib\\src\\node_modules","C:\\Users\\Daniel\\Documents\\projects\\SyncClassroom\\repos\\ai-editor\\node_modules\\vinyl-fs\\lib\\node_modules","C:\\Users\\Daniel\\Documents\\projects\\SyncClassroom\\repos\\ai-editor\\node_modules\\vinyl-fs\\node_modules","C:\\Users\\Daniel\\Documents\\projects\\SyncClassroom\\repos\\ai-editor\\node_modules","C:\\Users\\Daniel\\Documents\\projects\\SyncClassroom\\repos\\node_modules","C:\\Users\\Daniel\\Documents\\projects\\SyncClassroom\\node_modules","C:\\Users\\Daniel\\Documents\\projects\\node_modules","C:\\Users\\Daniel\\Documents\\node_modules","C:\\Users\\Daniel\\node_modules","C:\\Users\\node_modules","C:\\node_modules","C:\\Users\\Daniel\\.node_modules","C:\\Users\\Daniel\\.node_libraries","C:\\nvm4w\\nodejs\\lib\\node"]
MODULE 45160: Module._load REQUEST vinyl-sourcemap parent: C:\Users\Daniel\Documents\projects\SyncClassroom\repos\ai-editor\node_modules\vinyl-fs\lib\src\sourcemap.js
MODULE 45160: looking for "vinyl-sourcemap" in ["C:\\Users\\Daniel\\Documents\\projects\\SyncClassroom\\repos\\ai-editor\\node_modules\\vinyl-fs\\lib\\src\\node_modules","C:\\Users\\Daniel\\Documents\\projects\\SyncClassroom\\repos\\ai-editor\\node_modules\\vinyl-fs\\lib\\node_modules","C:\\Users\\Daniel\\Documents\\projects\\SyncClassroom\\repos\\ai-editor\\node_modules\\vinyl-fs\\node_modules","C:\\Users\\Daniel\\Documents\\projects\\SyncClassroom\\repos\\ai-editor\\node_modules","C:\\Users\\Daniel\\Documents\\projects\\SyncClassroom\\repos\\node_modules","C:\\Users\\Daniel\\Documents\\projects\\SyncClassroom\\node_modules","C:\\Users\\Daniel\\Documents\\projects\\node_modules","C:\\Users\\Daniel\\Documents\\node_modules","C:\\Users\\Daniel\\node_modules","C:\\Users\\node_modules","C:\\node_modules","C:\\Users\\Daniel\\.node_modules","C:\\Users\\Daniel\\.node_libraries","C:\\nvm4w\\nodejs\\lib\\node"]
MODULE 45160: load "C:\\Users\\Daniel\\Documents\\projects\\SyncClassroom\\repos\\ai-editor\\node_modules\\vinyl-sourcemap\\index.js" for module "C:\\Users\\Daniel\\Documents\\projects\\SyncClassroom\\repos\\ai-editor\\node_modules\\vinyl-sourcemap\\index.js"
MODULE 45160: Module._load REQUEST vinyl parent: C:\Users\Daniel\Documents\projects\SyncClassroom\repos\ai-editor\node_modules\vinyl-sourcemap\index.js
MODULE 45160: looking for "vinyl" in ["C:\\Users\\Daniel\\Documents\\projects\\SyncClassroom\\repos\\ai-editor\\node_modules\\vinyl-sourcemap\\node_modules","C:\\Users\\Daniel\\Documents\\projects\\SyncClassroom\\repos\\ai-editor\\node_modules","C:\\Users\\Daniel\\Documents\\projects\\SyncClassroom\\repos\\node_modules","C:\\Users\\Daniel\\Documents\\projects\\SyncClassroom\\node_modules","C:\\Users\\Daniel\\Documents\\projects\\node_modules","C:\\Users\\Daniel\\Documents\\node_modules","C:\\Users\\Daniel\\node_modules","C:\\Users\\node_modules","C:\\node_modules","C:\\Users\\Daniel\\.node_modules","C:\\Users\\Daniel\\.node_libraries","C:\\nvm4w\\nodejs\\lib\\node"]
MODULE 45160: Module._load REQUEST ./lib/helpers parent: C:\Users\Daniel\Documents\projects\SyncClassroom\repos\ai-editor\node_modules\vinyl-sourcemap\index.js
MODULE 45160: RELATIVE: requested: ./lib/helpers from parent.id C:\Users\Daniel\Documents\projects\SyncClassroom\repos\ai-editor\node_modules\vinyl-sourcemap\index.js
MODULE 45160: looking for ["C:\\Users\\Daniel\\Documents\\projects\\SyncClassroom\\repos\\ai-editor\\node_modules\\vinyl-sourcemap"]
MODULE 45160: load "C:\\Users\\Daniel\\Documents\\projects\\SyncClassroom\\repos\\ai-editor\\node_modules\\vinyl-sourcemap\\lib\\helpers.js" for module "C:\\Users\\Daniel\\Documents\\projects\\SyncClassroom\\repos\\ai-editor\\node_modules\\vinyl-sourcemap\\lib\\helpers.js"
MODULE 45160: Module._load REQUEST path parent: C:\Users\Daniel\Documents\projects\SyncClassroom\repos\ai-editor\node_modules\vinyl-sourcemap\lib\helpers.js
MODULE 45160: load built-in module path
MODULE 45160: Module._load REQUEST graceful-fs parent: C:\Users\Daniel\Documents\projects\SyncClassroom\repos\ai-editor\node_modules\vinyl-sourcemap\lib\helpers.js
MODULE 45160: looking for "graceful-fs" in ["C:\\Users\\Daniel\\Documents\\projects\\SyncClassroom\\repos\\ai-editor\\node_modules\\vinyl-sourcemap\\lib\\node_modules","C:\\Users\\Daniel\\Documents\\projects\\SyncClassroom\\repos\\ai-editor\\node_modules\\vinyl-sourcemap\\node_modules","C:\\Users\\Daniel\\Documents\\projects\\SyncClassroom\\repos\\ai-editor\\node_modules","C:\\Users\\Daniel\\Documents\\projects\\SyncClassroom\\repos\\node_modules","C:\\Users\\Daniel\\Documents\\projects\\SyncClassroom\\node_modules","C:\\Users\\Daniel\\Documents\\projects\\node_modules","C:\\Users\\Daniel\\Documents\\node_modules","C:\\Users\\Daniel\\node_modules","C:\\Users\\node_modules","C:\\node_modules","C:\\Users\\Daniel\\.node_modules","C:\\Users\\Daniel\\.node_libraries","C:\\nvm4w\\nodejs\\lib\\node"]
MODULE 45160: Module._load REQUEST now-and-later parent: C:\Users\Daniel\Documents\projects\SyncClassroom\repos\ai-editor\node_modules\vinyl-sourcemap\lib\helpers.js
MODULE 45160: looking for "now-and-later" in ["C:\\Users\\Daniel\\Documents\\projects\\SyncClassroom\\repos\\ai-editor\\node_modules\\vinyl-sourcemap\\lib\\node_modules","C:\\Users\\Daniel\\Documents\\projects\\SyncClassroom\\repos\\ai-editor\\node_modules\\vinyl-sourcemap\\node_modules","C:\\Users\\Daniel\\Documents\\projects\\SyncClassroom\\repos\\ai-editor\\node_modules","C:\\Users\\Daniel\\Documents\\projects\\SyncClassroom\\repos\\node_modules","C:\\Users\\Daniel\\Documents\\projects\\SyncClassroom\\node_modules","C:\\Users\\Daniel\\Documents\\projects\\node_modules","C:\\Users\\Daniel\\Documents\\node_modules","C:\\Users\\Daniel\\node_modules","C:\\Users\\node_modules","C:\\node_modules","C:\\Users\\Daniel\\.node_modules","C:\\Users\\Daniel\\.node_libraries","C:\\nvm4w\\nodejs\\lib\\node"]
MODULE 45160: Module._load REQUEST vinyl parent: C:\Users\Daniel\Documents\projects\SyncClassroom\repos\ai-editor\node_modules\vinyl-sourcemap\lib\helpers.js
MODULE 45160: looking for "vinyl" in ["C:\\Users\\Daniel\\Documents\\projects\\SyncClassroom\\repos\\ai-editor\\node_modules\\vinyl-sourcemap\\lib\\node_modules","C:\\Users\\Daniel\\Documents\\projects\\SyncClassroom\\repos\\ai-editor\\node_modules\\vinyl-sourcemap\\node_modules","C:\\Users\\Daniel\\Documents\\projects\\SyncClassroom\\repos\\ai-editor\\node_modules","C:\\Users\\Daniel\\Documents\\projects\\SyncClassroom\\repos\\node_modules","C:\\Users\\Daniel\\Documents\\projects\\SyncClassroom\\node_modules","C:\\Users\\Daniel\\Documents\\projects\\node_modules","C:\\Users\\Daniel\\Documents\\node_modules","C:\\Users\\Daniel\\node_modules","C:\\Users\\node_modules","C:\\node_modules","C:\\Users\\Daniel\\.node_modules","C:\\Users\\Daniel\\.node_libraries","C:\\nvm4w\\nodejs\\lib\\node"]
MODULE 45160: Module._load REQUEST convert-source-map parent: C:\Users\Daniel\Documents\projects\SyncClassroom\repos\ai-editor\node_modules\vinyl-sourcemap\lib\helpers.js
MODULE 45160: looking for "convert-source-map" in ["C:\\Users\\Daniel\\Documents\\projects\\SyncClassroom\\repos\\ai-editor\\node_modules\\vinyl-sourcemap\\lib\\node_modules","C:\\Users\\Daniel\\Documents\\projects\\SyncClassroom\\repos\\ai-editor\\node_modules\\vinyl-sourcemap\\node_modules","C:\\Users\\Daniel\\Documents\\projects\\SyncClassroom\\repos\\ai-editor\\node_modules","C:\\Users\\Daniel\\Documents\\projects\\SyncClassroom\\repos\\node_modules","C:\\Users\\Daniel\\Documents\\projects\\SyncClassroom\\node_modules","C:\\Users\\Daniel\\Documents\\projects\\node_modules","C:\\Users\\Daniel\\Documents\\node_modules","C:\\Users\\Daniel\\node_modules","C:\\Users\\node_modules","C:\\node_modules","C:\\Users\\Daniel\\.node_modules","C:\\Users\\Daniel\\.node_libraries","C:\\nvm4w\\nodejs\\lib\\node"]
MODULE 45160: load "C:\\Users\\Daniel\\Documents\\projects\\SyncClassroom\\repos\\ai-editor\\node_modules\\convert-source-map\\index.js" for module "C:\\Users\\Daniel\\Documents\\projects\\SyncClassroom\\repos\\ai-editor\\node_modules\\convert-source-map\\index.js"
MODULE 45160: Module._load REQUEST fs parent: C:\Users\Daniel\Documents\projects\SyncClassroom\repos\ai-editor\node_modules\convert-source-map\index.js
MODULE 45160: load built-in module fs
MODULE 45160: Module._load REQUEST path parent: C:\Users\Daniel\Documents\projects\SyncClassroom\repos\ai-editor\node_modules\convert-source-map\index.js
MODULE 45160: load built-in module path
MODULE 45160: Module._load REQUEST remove-bom-buffer parent: C:\Users\Daniel\Documents\projects\SyncClassroom\repos\ai-editor\node_modules\vinyl-sourcemap\lib\helpers.js
MODULE 45160: looking for "remove-bom-buffer" in ["C:\\Users\\Daniel\\Documents\\projects\\SyncClassroom\\repos\\ai-editor\\node_modules\\vinyl-sourcemap\\lib\\node_modules","C:\\Users\\Daniel\\Documents\\projects\\SyncClassroom\\repos\\ai-editor\\node_modules\\vinyl-sourcemap\\node_modules","C:\\Users\\Daniel\\Documents\\projects\\SyncClassroom\\repos\\ai-editor\\node_modules","C:\\Users\\Daniel\\Documents\\projects\\SyncClassroom\\repos\\node_modules","C:\\Users\\Daniel\\Documents\\projects\\SyncClassroom\\node_modules","C:\\Users\\Daniel\\Documents\\projects\\node_modules","C:\\Users\\Daniel\\Documents\\node_modules","C:\\Users\\Daniel\\node_modules","C:\\Users\\node_modules","C:\\node_modules","C:\\Users\\Daniel\\.node_modules","C:\\Users\\Daniel\\.node_libraries","C:\\nvm4w\\nodejs\\lib\\node"]
MODULE 45160: load "C:\\Users\\Daniel\\Documents\\projects\\SyncClassroom\\repos\\ai-editor\\node_modules\\remove-bom-buffer\\index.js" for module "C:\\Users\\Daniel\\Documents\\projects\\SyncClassroom\\repos\\ai-editor\\node_modules\\remove-bom-buffer\\index.js"
MODULE 45160: Module._load REQUEST is-utf8 parent: C:\Users\Daniel\Documents\projects\SyncClassroom\repos\ai-editor\node_modules\remove-bom-buffer\index.js
MODULE 45160: looking for "is-utf8" in ["C:\\Users\\Daniel\\Documents\\projects\\SyncClassroom\\repos\\ai-editor\\node_modules\\remove-bom-buffer\\node_modules","C:\\Users\\Daniel\\Documents\\projects\\SyncClassroom\\repos\\ai-editor\\node_modules","C:\\Users\\Daniel\\Documents\\projects\\SyncClassroom\\repos\\node_modules","C:\\Users\\Daniel\\Documents\\projects\\SyncClassroom\\node_modules","C:\\Users\\Daniel\\Documents\\projects\\node_modules","C:\\Users\\Daniel\\Documents\\node_modules","C:\\Users\\Daniel\\node_modules","C:\\Users\\node_modules","C:\\node_modules","C:\\Users\\Daniel\\.node_modules","C:\\Users\\Daniel\\.node_libraries","C:\\nvm4w\\nodejs\\lib\\node"]
MODULE 45160: Module._load REQUEST is-buffer parent: C:\Users\Daniel\Documents\projects\SyncClassroom\repos\ai-editor\node_modules\remove-bom-buffer\index.js
MODULE 45160: looking for "is-buffer" in ["C:\\Users\\Daniel\\Documents\\projects\\SyncClassroom\\repos\\ai-editor\\node_modules\\remove-bom-buffer\\node_modules","C:\\Users\\Daniel\\Documents\\projects\\SyncClassroom\\repos\\ai-editor\\node_modules","C:\\Users\\Daniel\\Documents\\projects\\SyncClassroom\\repos\\node_modules","C:\\Users\\Daniel\\Documents\\projects\\SyncClassroom\\node_modules","C:\\Users\\Daniel\\Documents\\projects\\node_modules","C:\\Users\\Daniel\\Documents\\node_modules","C:\\Users\\Daniel\\node_modules","C:\\Users\\node_modules","C:\\node_modules","C:\\Users\\Daniel\\.node_modules","C:\\Users\\Daniel\\.node_libraries","C:\\nvm4w\\nodejs\\lib\\node"]
MODULE 45160: Module._load REQUEST append-buffer parent: C:\Users\Daniel\Documents\projects\SyncClassroom\repos\ai-editor\node_modules\vinyl-sourcemap\lib\helpers.js
MODULE 45160: looking for "append-buffer" in ["C:\\Users\\Daniel\\Documents\\projects\\SyncClassroom\\repos\\ai-editor\\node_modules\\vinyl-sourcemap\\lib\\node_modules","C:\\Users\\Daniel\\Documents\\projects\\SyncClassroom\\repos\\ai-editor\\node_modules\\vinyl-sourcemap\\node_modules","C:\\Users\\Daniel\\Documents\\projects\\SyncClassroom\\repos\\ai-editor\\node_modules","C:\\Users\\Daniel\\Documents\\projects\\SyncClassroom\\repos\\node_modules","C:\\Users\\Daniel\\Documents\\projects\\SyncClassroom\\node_modules","C:\\Users\\Daniel\\Documents\\projects\\node_modules","C:\\Users\\Daniel\\Documents\\node_modules","C:\\Users\\Daniel\\node_modules","C:\\Users\\node_modules","C:\\node_modules","C:\\Users\\Daniel\\.node_modules","C:\\Users\\Daniel\\.node_libraries","C:\\nvm4w\\nodejs\\lib\\node"]
MODULE 45160: load "C:\\Users\\Daniel\\Documents\\projects\\SyncClassroom\\repos\\ai-editor\\node_modules\\append-buffer\\index.js" for module "C:\\Users\\Daniel\\Documents\\projects\\SyncClassroom\\repos\\ai-editor\\node_modules\\append-buffer\\index.js"
MODULE 45160: Module._load REQUEST os parent: C:\Users\Daniel\Documents\projects\SyncClassroom\repos\ai-editor\node_modules\append-buffer\index.js
MODULE 45160: load built-in module os
MODULE 45160: Module._load REQUEST buffer-equal parent: C:\Users\Daniel\Documents\projects\SyncClassroom\repos\ai-editor\node_modules\append-buffer\index.js
MODULE 45160: looking for "buffer-equal" in ["C:\\Users\\Daniel\\Documents\\projects\\SyncClassroom\\repos\\ai-editor\\node_modules\\append-buffer\\node_modules","C:\\Users\\Daniel\\Documents\\projects\\SyncClassroom\\repos\\ai-editor\\node_modules","C:\\Users\\Daniel\\Documents\\projects\\SyncClassroom\\repos\\node_modules","C:\\Users\\Daniel\\Documents\\projects\\SyncClassroom\\node_modules","C:\\Users\\Daniel\\Documents\\projects\\node_modules","C:\\Users\\Daniel\\Documents\\node_modules","C:\\Users\\Daniel\\node_modules","C:\\Users\\node_modules","C:\\node_modules","C:\\Users\\Daniel\\.node_modules","C:\\Users\\Daniel\\.node_libraries","C:\\nvm4w\\nodejs\\lib\\node"]
MODULE 45160: load "C:\\Users\\Daniel\\Documents\\projects\\SyncClassroom\\repos\\ai-editor\\node_modules\\buffer-equal\\index.js" for module "C:\\Users\\Daniel\\Documents\\projects\\SyncClassroom\\repos\\ai-editor\\node_modules\\buffer-equal\\index.js"
MODULE 45160: Module._load REQUEST buffer parent: C:\Users\Daniel\Documents\projects\SyncClassroom\repos\ai-editor\node_modules\buffer-equal\index.js
MODULE 45160: load built-in module buffer
MODULE 45160: Module._load REQUEST normalize-path parent: C:\Users\Daniel\Documents\projects\SyncClassroom\repos\ai-editor\node_modules\vinyl-sourcemap\lib\helpers.js
MODULE 45160: looking for "normalize-path" in ["C:\\Users\\Daniel\\Documents\\projects\\SyncClassroom\\repos\\ai-editor\\node_modules\\vinyl-sourcemap\\lib\\node_modules","C:\\Users\\Daniel\\Documents\\projects\\SyncClassroom\\repos\\ai-editor\\node_modules\\vinyl-sourcemap\\node_modules","C:\\Users\\Daniel\\Documents\\projects\\SyncClassroom\\repos\\ai-editor\\node_modules","C:\\Users\\Daniel\\Documents\\projects\\SyncClassroom\\repos\\node_modules","C:\\Users\\Daniel\\Documents\\projects\\SyncClassroom\\node_modules","C:\\Users\\Daniel\\Documents\\projects\\node_modules","C:\\Users\\Daniel\\Documents\\node_modules","C:\\Users\\Daniel\\node_modules","C:\\Users\\node_modules","C:\\node_modules","C:\\Users\\Daniel\\.node_modules","C:\\Users\\Daniel\\.node_libraries","C:\\nvm4w\\nodejs\\lib\\node"]
MODULE 45160: load "C:\\Users\\Daniel\\Documents\\projects\\SyncClassroom\\repos\\ai-editor\\node_modules\\vinyl-sourcemap\\node_modules\\normalize-path\\index.js" for module "C:\\Users\\Daniel\\Documents\\projects\\SyncClassroom\\repos\\ai-editor\\node_modules\\vinyl-sourcemap\\node_modules\\normalize-path\\index.js"
MODULE 45160: Module._load REQUEST remove-trailing-separator parent: C:\Users\Daniel\Documents\projects\SyncClassroom\repos\ai-editor\node_modules\vinyl-sourcemap\node_modules\normalize-path\index.js
MODULE 45160: looking for "remove-trailing-separator" in ["C:\\Users\\Daniel\\Documents\\projects\\SyncClassroom\\repos\\ai-editor\\node_modules\\vinyl-sourcemap\\node_modules\\normalize-path\\node_modules","C:\\Users\\Daniel\\Documents\\projects\\SyncClassroom\\repos\\ai-editor\\node_modules\\vinyl-sourcemap\\node_modules","C:\\Users\\Daniel\\Documents\\projects\\SyncClassroom\\repos\\ai-editor\\node_modules","C:\\Users\\Daniel\\Documents\\projects\\SyncClassroom\\repos\\node_modules","C:\\Users\\Daniel\\Documents\\projects\\SyncClassroom\\node_modules","C:\\Users\\Daniel\\Documents\\projects\\node_modules","C:\\Users\\Daniel\\Documents\\node_modules","C:\\Users\\Daniel\\node_modules","C:\\Users\\node_modules","C:\\node_modules","C:\\Users\\Daniel\\.node_modules","C:\\Users\\Daniel\\.node_libraries","C:\\nvm4w\\nodejs\\lib\\node"]
MODULE 45160: Module._load REQUEST ./read-contents parent: C:\Users\Daniel\Documents\projects\SyncClassroom\repos\ai-editor\node_modules\vinyl-fs\lib\src\index.js
MODULE 45160: RELATIVE: requested: ./read-contents from parent.id C:\Users\Daniel\Documents\projects\SyncClassroom\repos\ai-editor\node_modules\vinyl-fs\lib\src\index.js
MODULE 45160: looking for ["C:\\Users\\Daniel\\Documents\\projects\\SyncClassroom\\repos\\ai-editor\\node_modules\\vinyl-fs\\lib\\src"]
MODULE 45160: load "C:\\Users\\Daniel\\Documents\\projects\\SyncClassroom\\repos\\ai-editor\\node_modules\\vinyl-fs\\lib\\src\\read-contents\\index.js" for module "C:\\Users\\Daniel\\Documents\\projects\\SyncClassroom\\repos\\ai-editor\\node_modules\\vinyl-fs\\lib\\src\\read-contents\\index.js"
MODULE 45160: Module._load REQUEST through2 parent: C:\Users\Daniel\Documents\projects\SyncClassroom\repos\ai-editor\node_modules\vinyl-fs\lib\src\read-contents\index.js
MODULE 45160: looking for "through2" in ["C:\\Users\\Daniel\\Documents\\projects\\SyncClassroom\\repos\\ai-editor\\node_modules\\vinyl-fs\\lib\\src\\read-contents\\node_modules","C:\\Users\\Daniel\\Documents\\projects\\SyncClassroom\\repos\\ai-editor\\node_modules\\vinyl-fs\\lib\\src\\node_modules","C:\\Users\\Daniel\\Documents\\projects\\SyncClassroom\\repos\\ai-editor\\node_modules\\vinyl-fs\\lib\\node_modules","C:\\Users\\Daniel\\Documents\\projects\\SyncClassroom\\repos\\ai-editor\\node_modules\\vinyl-fs\\node_modules","C:\\Users\\Daniel\\Documents\\projects\\SyncClassroom\\repos\\ai-editor\\node_modules","C:\\Users\\Daniel\\Documents\\projects\\SyncClassroom\\repos\\node_modules","C:\\Users\\Daniel\\Documents\\projects\\SyncClassroom\\node_modules","C:\\Users\\Daniel\\Documents\\projects\\node_modules","C:\\Users\\Daniel\\Documents\\node_modules","C:\\Users\\Daniel\\node_modules","C:\\Users\\node_modules","C:\\node_modules","C:\\Users\\Daniel\\.node_modules","C:\\Users\\Daniel\\.node_libraries","C:\\nvm4w\\nodejs\\lib\\node"]
MODULE 45160: Module._load REQUEST ./read-dir parent: C:\Users\Daniel\Documents\projects\SyncClassroom\repos\ai-editor\node_modules\vinyl-fs\lib\src\read-contents\index.js
MODULE 45160: RELATIVE: requested: ./read-dir from parent.id C:\Users\Daniel\Documents\projects\SyncClassroom\repos\ai-editor\node_modules\vinyl-fs\lib\src\read-contents\index.js
MODULE 45160: looking for ["C:\\Users\\Daniel\\Documents\\projects\\SyncClassroom\\repos\\ai-editor\\node_modules\\vinyl-fs\\lib\\src\\read-contents"]
MODULE 45160: load "C:\\Users\\Daniel\\Documents\\projects\\SyncClassroom\\repos\\ai-editor\\node_modules\\vinyl-fs\\lib\\src\\read-contents\\read-dir.js" for module "C:\\Users\\Daniel\\Documents\\projects\\SyncClassroom\\repos\\ai-editor\\node_modules\\vinyl-fs\\lib\\src\\read-contents\\read-dir.js"
MODULE 45160: Module._load REQUEST ./read-stream parent: C:\Users\Daniel\Documents\projects\SyncClassroom\repos\ai-editor\node_modules\vinyl-fs\lib\src\read-contents\index.js
MODULE 45160: RELATIVE: requested: ./read-stream from parent.id C:\Users\Daniel\Documents\projects\SyncClassroom\repos\ai-editor\node_modules\vinyl-fs\lib\src\read-contents\index.js
MODULE 45160: looking for ["C:\\Users\\Daniel\\Documents\\projects\\SyncClassroom\\repos\\ai-editor\\node_modules\\vinyl-fs\\lib\\src\\read-contents"]
MODULE 45160: load "C:\\Users\\Daniel\\Documents\\projects\\SyncClassroom\\repos\\ai-editor\\node_modules\\vinyl-fs\\lib\\src\\read-contents\\read-stream.js" for module "C:\\Users\\Daniel\\Documents\\projects\\SyncClassroom\\repos\\ai-editor\\node_modules\\vinyl-fs\\lib\\src\\read-contents\\read-stream.js"
MODULE 45160: Module._load REQUEST graceful-fs parent: C:\Users\Daniel\Documents\projects\SyncClassroom\repos\ai-editor\node_modules\vinyl-fs\lib\src\read-contents\read-stream.js
MODULE 45160: looking for "graceful-fs" in ["C:\\Users\\Daniel\\Documents\\projects\\SyncClassroom\\repos\\ai-editor\\node_modules\\vinyl-fs\\lib\\src\\read-contents\\node_modules","C:\\Users\\Daniel\\Documents\\projects\\SyncClassroom\\repos\\ai-editor\\node_modules\\vinyl-fs\\lib\\src\\node_modules","C:\\Users\\Daniel\\Documents\\projects\\SyncClassroom\\repos\\ai-editor\\node_modules\\vinyl-fs\\lib\\node_modules","C:\\Users\\Daniel\\Documents\\projects\\SyncClassroom\\repos\\ai-editor\\node_modules\\vinyl-fs\\node_modules","C:\\Users\\Daniel\\Documents\\projects\\SyncClassroom\\repos\\ai-editor\\node_modules","C:\\Users\\Daniel\\Documents\\projects\\SyncClassroom\\repos\\node_modules","C:\\Users\\Daniel\\Documents\\projects\\SyncClassroom\\node_modules","C:\\Users\\Daniel\\Documents\\projects\\node_modules","C:\\Users\\Daniel\\Documents\\node_modules","C:\\Users\\Daniel\\node_modules","C:\\Users\\node_modules","C:\\node_modules","C:\\Users\\Daniel\\.node_modules","C:\\Users\\Daniel\\.node_libraries","C:\\nvm4w\\nodejs\\lib\\node"]
MODULE 45160: Module._load REQUEST remove-bom-stream parent: C:\Users\Daniel\Documents\projects\SyncClassroom\repos\ai-editor\node_modules\vinyl-fs\lib\src\read-contents\read-stream.js
MODULE 45160: looking for "remove-bom-stream" in ["C:\\Users\\Daniel\\Documents\\projects\\SyncClassroom\\repos\\ai-editor\\node_modules\\vinyl-fs\\lib\\src\\read-contents\\node_modules","C:\\Users\\Daniel\\Documents\\projects\\SyncClassroom\\repos\\ai-editor\\node_modules\\vinyl-fs\\lib\\src\\node_modules","C:\\Users\\Daniel\\Documents\\projects\\SyncClassroom\\repos\\ai-editor\\node_modules\\vinyl-fs\\lib\\node_modules","C:\\Users\\Daniel\\Documents\\projects\\SyncClassroom\\repos\\ai-editor\\node_modules\\vinyl-fs\\node_modules","C:\\Users\\Daniel\\Documents\\projects\\SyncClassroom\\repos\\ai-editor\\node_modules","C:\\Users\\Daniel\\Documents\\projects\\SyncClassroom\\repos\\node_modules","C:\\Users\\Daniel\\Documents\\projects\\SyncClassroom\\node_modules","C:\\Users\\Daniel\\Documents\\projects\\node_modules","C:\\Users\\Daniel\\Documents\\node_modules","C:\\Users\\Daniel\\node_modules","C:\\Users\\node_modules","C:\\node_modules","C:\\Users\\Daniel\\.node_modules","C:\\Users\\Daniel\\.node_libraries","C:\\nvm4w\\nodejs\\lib\\node"]
MODULE 45160: load "C:\\Users\\Daniel\\Documents\\projects\\SyncClassroom\\repos\\ai-editor\\node_modules\\remove-bom-stream\\index.js" for module "C:\\Users\\Daniel\\Documents\\projects\\SyncClassroom\\repos\\ai-editor\\node_modules\\remove-bom-stream\\index.js"
MODULE 45160: Module._load REQUEST through2 parent: C:\Users\Daniel\Documents\projects\SyncClassroom\repos\ai-editor\node_modules\remove-bom-stream\index.js
MODULE 45160: looking for "through2" in ["C:\\Users\\Daniel\\Documents\\projects\\SyncClassroom\\repos\\ai-editor\\node_modules\\remove-bom-stream\\node_modules","C:\\Users\\Daniel\\Documents\\projects\\SyncClassroom\\repos\\ai-editor\\node_modules","C:\\Users\\Daniel\\Documents\\projects\\SyncClassroom\\repos\\node_modules","C:\\Users\\Daniel\\Documents\\projects\\SyncClassroom\\node_modules","C:\\Users\\Daniel\\Documents\\projects\\node_modules","C:\\Users\\Daniel\\Documents\\node_modules","C:\\Users\\Daniel\\node_modules","C:\\Users\\node_modules","C:\\node_modules","C:\\Users\\Daniel\\.node_modules","C:\\Users\\Daniel\\.node_libraries","C:\\nvm4w\\nodejs\\lib\\node"]
MODULE 45160: Module._load REQUEST remove-bom-buffer parent: C:\Users\Daniel\Documents\projects\SyncClassroom\repos\ai-editor\node_modules\remove-bom-stream\index.js
MODULE 45160: looking for "remove-bom-buffer" in ["C:\\Users\\Daniel\\Documents\\projects\\SyncClassroom\\repos\\ai-editor\\node_modules\\remove-bom-stream\\node_modules","C:\\Users\\Daniel\\Documents\\projects\\SyncClassroom\\repos\\ai-editor\\node_modules","C:\\Users\\Daniel\\Documents\\projects\\SyncClassroom\\repos\\node_modules","C:\\Users\\Daniel\\Documents\\projects\\SyncClassroom\\node_modules","C:\\Users\\Daniel\\Documents\\projects\\node_modules","C:\\Users\\Daniel\\Documents\\node_modules","C:\\Users\\Daniel\\node_modules","C:\\Users\\node_modules","C:\\node_modules","C:\\Users\\Daniel\\.node_modules","C:\\Users\\Daniel\\.node_libraries","C:\\nvm4w\\nodejs\\lib\\node"]
MODULE 45160: Module._load REQUEST safe-buffer parent: C:\Users\Daniel\Documents\projects\SyncClassroom\repos\ai-editor\node_modules\remove-bom-stream\index.js
MODULE 45160: looking for "safe-buffer" in ["C:\\Users\\Daniel\\Documents\\projects\\SyncClassroom\\repos\\ai-editor\\node_modules\\remove-bom-stream\\node_modules","C:\\Users\\Daniel\\Documents\\projects\\SyncClassroom\\repos\\ai-editor\\node_modules","C:\\Users\\Daniel\\Documents\\projects\\SyncClassroom\\repos\\node_modules","C:\\Users\\Daniel\\Documents\\projects\\SyncClassroom\\node_modules","C:\\Users\\Daniel\\Documents\\projects\\node_modules","C:\\Users\\Daniel\\Documents\\node_modules","C:\\Users\\Daniel\\node_modules","C:\\Users\\node_modules","C:\\node_modules","C:\\Users\\Daniel\\.node_modules","C:\\Users\\Daniel\\.node_libraries","C:\\nvm4w\\nodejs\\lib\\node"]
MODULE 45160: load "C:\\Users\\Daniel\\Documents\\projects\\SyncClassroom\\repos\\ai-editor\\node_modules\\safe-buffer\\index.js" for module "C:\\Users\\Daniel\\Documents\\projects\\SyncClassroom\\repos\\ai-editor\\node_modules\\safe-buffer\\index.js"
MODULE 45160: Module._load REQUEST buffer parent: C:\Users\Daniel\Documents\projects\SyncClassroom\repos\ai-editor\node_modules\safe-buffer\index.js
MODULE 45160: load built-in module buffer
MODULE 45160: Module._load REQUEST lazystream parent: C:\Users\Daniel\Documents\projects\SyncClassroom\repos\ai-editor\node_modules\vinyl-fs\lib\src\read-contents\read-stream.js
MODULE 45160: looking for "lazystream" in ["C:\\Users\\Daniel\\Documents\\projects\\SyncClassroom\\repos\\ai-editor\\node_modules\\vinyl-fs\\lib\\src\\read-contents\\node_modules","C:\\Users\\Daniel\\Documents\\projects\\SyncClassroom\\repos\\ai-editor\\node_modules\\vinyl-fs\\lib\\src\\node_modules","C:\\Users\\Daniel\\Documents\\projects\\SyncClassroom\\repos\\ai-editor\\node_modules\\vinyl-fs\\lib\\node_modules","C:\\Users\\Daniel\\Documents\\projects\\SyncClassroom\\repos\\ai-editor\\node_modules\\vinyl-fs\\node_modules","C:\\Users\\Daniel\\Documents\\projects\\SyncClassroom\\repos\\ai-editor\\node_modules","C:\\Users\\Daniel\\Documents\\projects\\SyncClassroom\\repos\\node_modules","C:\\Users\\Daniel\\Documents\\projects\\SyncClassroom\\node_modules","C:\\Users\\Daniel\\Documents\\projects\\node_modules","C:\\Users\\Daniel\\Documents\\node_modules","C:\\Users\\Daniel\\node_modules","C:\\Users\\node_modules","C:\\node_modules","C:\\Users\\Daniel\\.node_modules","C:\\Users\\Daniel\\.node_libraries","C:\\nvm4w\\nodejs\\lib\\node"]
MODULE 45160: load "C:\\Users\\Daniel\\Documents\\projects\\SyncClassroom\\repos\\ai-editor\\node_modules\\lazystream\\lib\\lazystream.js" for module "C:\\Users\\Daniel\\Documents\\projects\\SyncClassroom\\repos\\ai-editor\\node_modules\\lazystream\\lib\\lazystream.js"
MODULE 45160: Module._load REQUEST util parent: C:\Users\Daniel\Documents\projects\SyncClassroom\repos\ai-editor\node_modules\lazystream\lib\lazystream.js
MODULE 45160: load built-in module util
MODULE 45160: Module._load REQUEST readable-stream/passthrough parent: C:\Users\Daniel\Documents\projects\SyncClassroom\repos\ai-editor\node_modules\lazystream\lib\lazystream.js
MODULE 45160: looking for "readable-stream/passthrough" in ["C:\\Users\\Daniel\\Documents\\projects\\SyncClassroom\\repos\\ai-editor\\node_modules\\lazystream\\lib\\node_modules","C:\\Users\\Daniel\\Documents\\projects\\SyncClassroom\\repos\\ai-editor\\node_modules\\lazystream\\node_modules","C:\\Users\\Daniel\\Documents\\projects\\SyncClassroom\\repos\\ai-editor\\node_modules","C:\\Users\\Daniel\\Documents\\projects\\SyncClassroom\\repos\\node_modules","C:\\Users\\Daniel\\Documents\\projects\\SyncClassroom\\node_modules","C:\\Users\\Daniel\\Documents\\projects\\node_modules","C:\\Users\\Daniel\\Documents\\node_modules","C:\\Users\\Daniel\\node_modules","C:\\Users\\node_modules","C:\\node_modules","C:\\Users\\Daniel\\.node_modules","C:\\Users\\Daniel\\.node_libraries","C:\\nvm4w\\nodejs\\lib\\node"]
MODULE 45160: load "C:\\Users\\Daniel\\Documents\\projects\\SyncClassroom\\repos\\ai-editor\\node_modules\\readable-stream\\passthrough.js" for module "C:\\Users\\Daniel\\Documents\\projects\\SyncClassroom\\repos\\ai-editor\\node_modules\\readable-stream\\passthrough.js"
MODULE 45160: Module._load REQUEST ./readable parent: C:\Users\Daniel\Documents\projects\SyncClassroom\repos\ai-editor\node_modules\readable-stream\passthrough.js
MODULE 45160: RELATIVE: requested: ./readable from parent.id C:\Users\Daniel\Documents\projects\SyncClassroom\repos\ai-editor\node_modules\readable-stream\passthrough.js
MODULE 45160: looking for ["C:\\Users\\Daniel\\Documents\\projects\\SyncClassroom\\repos\\ai-editor\\node_modules\\readable-stream"]
MODULE 45160: Module._load REQUEST resolve-options parent: C:\Users\Daniel\Documents\projects\SyncClassroom\repos\ai-editor\node_modules\vinyl-fs\lib\src\read-contents\read-stream.js
MODULE 45160: looking for "resolve-options" in ["C:\\Users\\Daniel\\Documents\\projects\\SyncClassroom\\repos\\ai-editor\\node_modules\\vinyl-fs\\lib\\src\\read-contents\\node_modules","C:\\Users\\Daniel\\Documents\\projects\\SyncClassroom\\repos\\ai-editor\\node_modules\\vinyl-fs\\lib\\src\\node_modules","C:\\Users\\Daniel\\Documents\\projects\\SyncClassroom\\repos\\ai-editor\\node_modules\\vinyl-fs\\lib\\node_modules","C:\\Users\\Daniel\\Documents\\projects\\SyncClassroom\\repos\\ai-editor\\node_modules\\vinyl-fs\\node_modules","C:\\Users\\Daniel\\Documents\\projects\\SyncClassroom\\repos\\ai-editor\\node_modules","C:\\Users\\Daniel\\Documents\\projects\\SyncClassroom\\repos\\node_modules","C:\\Users\\Daniel\\Documents\\projects\\SyncClassroom\\node_modules","C:\\Users\\Daniel\\Documents\\projects\\node_modules","C:\\Users\\Daniel\\Documents\\node_modules","C:\\Users\\Daniel\\node_modules","C:\\Users\\node_modules","C:\\node_modules","C:\\Users\\Daniel\\.node_modules","C:\\Users\\Daniel\\.node_libraries","C:\\nvm4w\\nodejs\\lib\\node"]
MODULE 45160: Module._load REQUEST ./read-buffer parent: C:\Users\Daniel\Documents\projects\SyncClassroom\repos\ai-editor\node_modules\vinyl-fs\lib\src\read-contents\index.js
MODULE 45160: RELATIVE: requested: ./read-buffer from parent.id C:\Users\Daniel\Documents\projects\SyncClassroom\repos\ai-editor\node_modules\vinyl-fs\lib\src\read-contents\index.js
MODULE 45160: looking for ["C:\\Users\\Daniel\\Documents\\projects\\SyncClassroom\\repos\\ai-editor\\node_modules\\vinyl-fs\\lib\\src\\read-contents"]
MODULE 45160: load "C:\\Users\\Daniel\\Documents\\projects\\SyncClassroom\\repos\\ai-editor\\node_modules\\vinyl-fs\\lib\\src\\read-contents\\read-buffer.js" for module "C:\\Users\\Daniel\\Documents\\projects\\SyncClassroom\\repos\\ai-editor\\node_modules\\vinyl-fs\\lib\\src\\read-contents\\read-buffer.js"
MODULE 45160: Module._load REQUEST graceful-fs parent: C:\Users\Daniel\Documents\projects\SyncClassroom\repos\ai-editor\node_modules\vinyl-fs\lib\src\read-contents\read-buffer.js
MODULE 45160: looking for "graceful-fs" in ["C:\\Users\\Daniel\\Documents\\projects\\SyncClassroom\\repos\\ai-editor\\node_modules\\vinyl-fs\\lib\\src\\read-contents\\node_modules","C:\\Users\\Daniel\\Documents\\projects\\SyncClassroom\\repos\\ai-editor\\node_modules\\vinyl-fs\\lib\\src\\node_modules","C:\\Users\\Daniel\\Documents\\projects\\SyncClassroom\\repos\\ai-editor\\node_modules\\vinyl-fs\\lib\\node_modules","C:\\Users\\Daniel\\Documents\\projects\\SyncClassroom\\repos\\ai-editor\\node_modules\\vinyl-fs\\node_modules","C:\\Users\\Daniel\\Documents\\projects\\SyncClassroom\\repos\\ai-editor\\node_modules","C:\\Users\\Daniel\\Documents\\projects\\SyncClassroom\\repos\\node_modules","C:\\Users\\Daniel\\Documents\\projects\\SyncClassroom\\node_modules","C:\\Users\\Daniel\\Documents\\projects\\node_modules","C:\\Users\\Daniel\\Documents\\node_modules","C:\\Users\\Daniel\\node_modules","C:\\Users\\node_modules","C:\\node_modules","C:\\Users\\Daniel\\.node_modules","C:\\Users\\Daniel\\.node_libraries","C:\\nvm4w\\nodejs\\lib\\node"]
MODULE 45160: Module._load REQUEST remove-bom-buffer parent: C:\Users\Daniel\Documents\projects\SyncClassroom\repos\ai-editor\node_modules\vinyl-fs\lib\src\read-contents\read-buffer.js
MODULE 45160: looking for "remove-bom-buffer" in ["C:\\Users\\Daniel\\Documents\\projects\\SyncClassroom\\repos\\ai-editor\\node_modules\\vinyl-fs\\lib\\src\\read-contents\\node_modules","C:\\Users\\Daniel\\Documents\\projects\\SyncClassroom\\repos\\ai-editor\\node_modules\\vinyl-fs\\lib\\src\\node_modules","C:\\Users\\Daniel\\Documents\\projects\\SyncClassroom\\repos\\ai-editor\\node_modules\\vinyl-fs\\lib\\node_modules","C:\\Users\\Daniel\\Documents\\projects\\SyncClassroom\\repos\\ai-editor\\node_modules\\vinyl-fs\\node_modules","C:\\Users\\Daniel\\Documents\\projects\\SyncClassroom\\repos\\ai-editor\\node_modules","C:\\Users\\Daniel\\Documents\\projects\\SyncClassroom\\repos\\node_modules","C:\\Users\\Daniel\\Documents\\projects\\SyncClassroom\\node_modules","C:\\Users\\Daniel\\Documents\\projects\\node_modules","C:\\Users\\Daniel\\Documents\\node_modules","C:\\Users\\Daniel\\node_modules","C:\\Users\\node_modules","C:\\node_modules","C:\\Users\\Daniel\\.node_modules","C:\\Users\\Daniel\\.node_libraries","C:\\nvm4w\\nodejs\\lib\\node"]
MODULE 45160: Module._load REQUEST ./read-symbolic-link parent: C:\Users\Daniel\Documents\projects\SyncClassroom\repos\ai-editor\node_modules\vinyl-fs\lib\src\read-contents\index.js
MODULE 45160: RELATIVE: requested: ./read-symbolic-link from parent.id C:\Users\Daniel\Documents\projects\SyncClassroom\repos\ai-editor\node_modules\vinyl-fs\lib\src\read-contents\index.js
MODULE 45160: looking for ["C:\\Users\\Daniel\\Documents\\projects\\SyncClassroom\\repos\\ai-editor\\node_modules\\vinyl-fs\\lib\\src\\read-contents"]
MODULE 45160: load "C:\\Users\\Daniel\\Documents\\projects\\SyncClassroom\\repos\\ai-editor\\node_modules\\vinyl-fs\\lib\\src\\read-contents\\read-symbolic-link.js" for module "C:\\Users\\Daniel\\Documents\\projects\\SyncClassroom\\repos\\ai-editor\\node_modules\\vinyl-fs\\lib\\src\\read-contents\\read-symbolic-link.js"
MODULE 45160: Module._load REQUEST graceful-fs parent: C:\Users\Daniel\Documents\projects\SyncClassroom\repos\ai-editor\node_modules\vinyl-fs\lib\src\read-contents\read-symbolic-link.js
MODULE 45160: looking for "graceful-fs" in ["C:\\Users\\Daniel\\Documents\\projects\\SyncClassroom\\repos\\ai-editor\\node_modules\\vinyl-fs\\lib\\src\\read-contents\\node_modules","C:\\Users\\Daniel\\Documents\\projects\\SyncClassroom\\repos\\ai-editor\\node_modules\\vinyl-fs\\lib\\src\\node_modules","C:\\Users\\Daniel\\Documents\\projects\\SyncClassroom\\repos\\ai-editor\\node_modules\\vinyl-fs\\lib\\node_modules","C:\\Users\\Daniel\\Documents\\projects\\SyncClassroom\\repos\\ai-editor\\node_modules\\vinyl-fs\\node_modules","C:\\Users\\Daniel\\Documents\\projects\\SyncClassroom\\repos\\ai-editor\\node_modules","C:\\Users\\Daniel\\Documents\\projects\\SyncClassroom\\repos\\node_modules","C:\\Users\\Daniel\\Documents\\projects\\SyncClassroom\\node_modules","C:\\Users\\Daniel\\Documents\\projects\\node_modules","C:\\Users\\Daniel\\Documents\\node_modules","C:\\Users\\Daniel\\node_modules","C:\\Users\\node_modules","C:\\node_modules","C:\\Users\\Daniel\\.node_modules","C:\\Users\\Daniel\\.node_libraries","C:\\nvm4w\\nodejs\\lib\\node"]
MODULE 45160: Module._load REQUEST ./resolve-symlinks parent: C:\Users\Daniel\Documents\projects\SyncClassroom\repos\ai-editor\node_modules\vinyl-fs\lib\src\index.js
MODULE 45160: RELATIVE: requested: ./resolve-symlinks from parent.id C:\Users\Daniel\Documents\projects\SyncClassroom\repos\ai-editor\node_modules\vinyl-fs\lib\src\index.js
MODULE 45160: looking for ["C:\\Users\\Daniel\\Documents\\projects\\SyncClassroom\\repos\\ai-editor\\node_modules\\vinyl-fs\\lib\\src"]
MODULE 45160: load "C:\\Users\\Daniel\\Documents\\projects\\SyncClassroom\\repos\\ai-editor\\node_modules\\vinyl-fs\\lib\\src\\resolve-symlinks.js" for module "C:\\Users\\Daniel\\Documents\\projects\\SyncClassroom\\repos\\ai-editor\\node_modules\\vinyl-fs\\lib\\src\\resolve-symlinks.js"
MODULE 45160: Module._load REQUEST through2 parent: C:\Users\Daniel\Documents\projects\SyncClassroom\repos\ai-editor\node_modules\vinyl-fs\lib\src\resolve-symlinks.js
MODULE 45160: looking for "through2" in ["C:\\Users\\Daniel\\Documents\\projects\\SyncClassroom\\repos\\ai-editor\\node_modules\\vinyl-fs\\lib\\src\\node_modules","C:\\Users\\Daniel\\Documents\\projects\\SyncClassroom\\repos\\ai-editor\\node_modules\\vinyl-fs\\lib\\node_modules","C:\\Users\\Daniel\\Documents\\projects\\SyncClassroom\\repos\\ai-editor\\node_modules\\vinyl-fs\\node_modules","C:\\Users\\Daniel\\Documents\\projects\\SyncClassroom\\repos\\ai-editor\\node_modules","C:\\Users\\Daniel\\Documents\\projects\\SyncClassroom\\repos\\node_modules","C:\\Users\\Daniel\\Documents\\projects\\SyncClassroom\\node_modules","C:\\Users\\Daniel\\Documents\\projects\\node_modules","C:\\Users\\Daniel\\Documents\\node_modules","C:\\Users\\Daniel\\node_modules","C:\\Users\\node_modules","C:\\node_modules","C:\\Users\\Daniel\\.node_modules","C:\\Users\\Daniel\\.node_libraries","C:\\nvm4w\\nodejs\\lib\\node"]
MODULE 45160: Module._load REQUEST ../file-operations parent: C:\Users\Daniel\Documents\projects\SyncClassroom\repos\ai-editor\node_modules\vinyl-fs\lib\src\resolve-symlinks.js
MODULE 45160: RELATIVE: requested: ../file-operations from parent.id C:\Users\Daniel\Documents\projects\SyncClassroom\repos\ai-editor\node_modules\vinyl-fs\lib\src\resolve-symlinks.js
MODULE 45160: looking for ["C:\\Users\\Daniel\\Documents\\projects\\SyncClassroom\\repos\\ai-editor\\node_modules\\vinyl-fs\\lib\\src"]
MODULE 45160: load "C:\\Users\\Daniel\\Documents\\projects\\SyncClassroom\\repos\\ai-editor\\node_modules\\vinyl-fs\\lib\\file-operations.js" for module "C:\\Users\\Daniel\\Documents\\projects\\SyncClassroom\\repos\\ai-editor\\node_modules\\vinyl-fs\\lib\\file-operations.js"
MODULE 45160: Module._load REQUEST util parent: C:\Users\Daniel\Documents\projects\SyncClassroom\repos\ai-editor\node_modules\vinyl-fs\lib\file-operations.js
MODULE 45160: load built-in module util
MODULE 45160: Module._load REQUEST graceful-fs parent: C:\Users\Daniel\Documents\projects\SyncClassroom\repos\ai-editor\node_modules\vinyl-fs\lib\file-operations.js
MODULE 45160: looking for "graceful-fs" in ["C:\\Users\\Daniel\\Documents\\projects\\SyncClassroom\\repos\\ai-editor\\node_modules\\vinyl-fs\\lib\\node_modules","C:\\Users\\Daniel\\Documents\\projects\\SyncClassroom\\repos\\ai-editor\\node_modules\\vinyl-fs\\node_modules","C:\\Users\\Daniel\\Documents\\projects\\SyncClassroom\\repos\\ai-editor\\node_modules","C:\\Users\\Daniel\\Documents\\projects\\SyncClassroom\\repos\\node_modules","C:\\Users\\Daniel\\Documents\\projects\\SyncClassroom\\node_modules","C:\\Users\\Daniel\\Documents\\projects\\node_modules","C:\\Users\\Daniel\\Documents\\node_modules","C:\\Users\\Daniel\\node_modules","C:\\Users\\node_modules","C:\\node_modules","C:\\Users\\Daniel\\.node_modules","C:\\Users\\Daniel\\.node_libraries","C:\\nvm4w\\nodejs\\lib\\node"]
MODULE 45160: Module._load REQUEST object.assign parent: C:\Users\Daniel\Documents\projects\SyncClassroom\repos\ai-editor\node_modules\vinyl-fs\lib\file-operations.js
MODULE 45160: looking for "object.assign" in ["C:\\Users\\Daniel\\Documents\\projects\\SyncClassroom\\repos\\ai-editor\\node_modules\\vinyl-fs\\lib\\node_modules","C:\\Users\\Daniel\\Documents\\projects\\SyncClassroom\\repos\\ai-editor\\node_modules\\vinyl-fs\\node_modules","C:\\Users\\Daniel\\Documents\\projects\\SyncClassroom\\repos\\ai-editor\\node_modules","C:\\Users\\Daniel\\Documents\\projects\\SyncClassroom\\repos\\node_modules","C:\\Users\\Daniel\\Documents\\projects\\SyncClassroom\\node_modules","C:\\Users\\Daniel\\Documents\\projects\\node_modules","C:\\Users\\Daniel\\Documents\\node_modules","C:\\Users\\Daniel\\node_modules","C:\\Users\\node_modules","C:\\node_modules","C:\\Users\\Daniel\\.node_modules","C:\\Users\\Daniel\\.node_libraries","C:\\nvm4w\\nodejs\\lib\\node"]
MODULE 45160: Module._load REQUEST value-or-function parent: C:\Users\Daniel\Documents\projects\SyncClassroom\repos\ai-editor\node_modules\vinyl-fs\lib\file-operations.js
MODULE 45160: looking for "value-or-function" in ["C:\\Users\\Daniel\\Documents\\projects\\SyncClassroom\\repos\\ai-editor\\node_modules\\vinyl-fs\\lib\\node_modules","C:\\Users\\Daniel\\Documents\\projects\\SyncClassroom\\repos\\ai-editor\\node_modules\\vinyl-fs\\node_modules","C:\\Users\\Daniel\\Documents\\projects\\SyncClassroom\\repos\\ai-editor\\node_modules","C:\\Users\\Daniel\\Documents\\projects\\SyncClassroom\\repos\\node_modules","C:\\Users\\Daniel\\Documents\\projects\\SyncClassroom\\node_modules","C:\\Users\\Daniel\\Documents\\projects\\node_modules","C:\\Users\\Daniel\\Documents\\node_modules","C:\\Users\\Daniel\\node_modules","C:\\Users\\node_modules","C:\\node_modules","C:\\Users\\Daniel\\.node_modules","C:\\Users\\Daniel\\.node_libraries","C:\\nvm4w\\nodejs\\lib\\node"]
MODULE 45160: Module._load REQUEST readable-stream parent: C:\Users\Daniel\Documents\projects\SyncClassroom\repos\ai-editor\node_modules\vinyl-fs\lib\file-operations.js
MODULE 45160: looking for "readable-stream" in ["C:\\Users\\Daniel\\Documents\\projects\\SyncClassroom\\repos\\ai-editor\\node_modules\\vinyl-fs\\lib\\node_modules","C:\\Users\\Daniel\\Documents\\projects\\SyncClassroom\\repos\\ai-editor\\node_modules\\vinyl-fs\\node_modules","C:\\Users\\Daniel\\Documents\\projects\\SyncClassroom\\repos\\ai-editor\\node_modules","C:\\Users\\Daniel\\Documents\\projects\\SyncClassroom\\repos\\node_modules","C:\\Users\\Daniel\\Documents\\projects\\SyncClassroom\\node_modules","C:\\Users\\Daniel\\Documents\\projects\\node_modules","C:\\Users\\Daniel\\Documents\\node_modules","C:\\Users\\Daniel\\node_modules","C:\\Users\\node_modules","C:\\node_modules","C:\\Users\\Daniel\\.node_modules","C:\\Users\\Daniel\\.node_libraries","C:\\nvm4w\\nodejs\\lib\\node"]
MODULE 45160: Module._load REQUEST ./constants parent: C:\Users\Daniel\Documents\projects\SyncClassroom\repos\ai-editor\node_modules\vinyl-fs\lib\file-operations.js
MODULE 45160: RELATIVE: requested: ./constants from parent.id C:\Users\Daniel\Documents\projects\SyncClassroom\repos\ai-editor\node_modules\vinyl-fs\lib\file-operations.js
MODULE 45160: looking for ["C:\\Users\\Daniel\\Documents\\projects\\SyncClassroom\\repos\\ai-editor\\node_modules\\vinyl-fs\\lib"]
MODULE 45160: load "C:\\Users\\Daniel\\Documents\\projects\\SyncClassroom\\repos\\ai-editor\\node_modules\\vinyl-fs\\lib\\constants.js" for module "C:\\Users\\Daniel\\Documents\\projects\\SyncClassroom\\repos\\ai-editor\\node_modules\\vinyl-fs\\lib\\constants.js"
MODULE 45160: Module._load REQUEST ./lib/dest parent: C:\Users\Daniel\Documents\projects\SyncClassroom\repos\ai-editor\node_modules\vinyl-fs\index.js
MODULE 45160: RELATIVE: requested: ./lib/dest from parent.id C:\Users\Daniel\Documents\projects\SyncClassroom\repos\ai-editor\node_modules\vinyl-fs\index.js
MODULE 45160: looking for ["C:\\Users\\Daniel\\Documents\\projects\\SyncClassroom\\repos\\ai-editor\\node_modules\\vinyl-fs"]
MODULE 45160: load "C:\\Users\\Daniel\\Documents\\projects\\SyncClassroom\\repos\\ai-editor\\node_modules\\vinyl-fs\\lib\\dest\\index.js" for module "C:\\Users\\Daniel\\Documents\\projects\\SyncClassroom\\repos\\ai-editor\\node_modules\\vinyl-fs\\lib\\dest\\index.js"
MODULE 45160: Module._load REQUEST lead parent: C:\Users\Daniel\Documents\projects\SyncClassroom\repos\ai-editor\node_modules\vinyl-fs\lib\dest\index.js
MODULE 45160: looking for "lead" in ["C:\\Users\\Daniel\\Documents\\projects\\SyncClassroom\\repos\\ai-editor\\node_modules\\vinyl-fs\\lib\\dest\\node_modules","C:\\Users\\Daniel\\Documents\\projects\\SyncClassroom\\repos\\ai-editor\\node_modules\\vinyl-fs\\lib\\node_modules","C:\\Users\\Daniel\\Documents\\projects\\SyncClassroom\\repos\\ai-editor\\node_modules\\vinyl-fs\\node_modules","C:\\Users\\Daniel\\Documents\\projects\\SyncClassroom\\repos\\ai-editor\\node_modules","C:\\Users\\Daniel\\Documents\\projects\\SyncClassroom\\repos\\node_modules","C:\\Users\\Daniel\\Documents\\projects\\SyncClassroom\\node_modules","C:\\Users\\Daniel\\Documents\\projects\\node_modules","C:\\Users\\Daniel\\Documents\\node_modules","C:\\Users\\Daniel\\node_modules","C:\\Users\\node_modules","C:\\node_modules","C:\\Users\\Daniel\\.node_modules","C:\\Users\\Daniel\\.node_libraries","C:\\nvm4w\\nodejs\\lib\\node"]
MODULE 45160: load "C:\\Users\\Daniel\\Documents\\projects\\SyncClassroom\\repos\\ai-editor\\node_modules\\lead\\index.js" for module "C:\\Users\\Daniel\\Documents\\projects\\SyncClassroom\\repos\\ai-editor\\node_modules\\lead\\index.js"
MODULE 45160: Module._load REQUEST flush-write-stream parent: C:\Users\Daniel\Documents\projects\SyncClassroom\repos\ai-editor\node_modules\lead\index.js
MODULE 45160: looking for "flush-write-stream" in ["C:\\Users\\Daniel\\Documents\\projects\\SyncClassroom\\repos\\ai-editor\\node_modules\\lead\\node_modules","C:\\Users\\Daniel\\Documents\\projects\\SyncClassroom\\repos\\ai-editor\\node_modules","C:\\Users\\Daniel\\Documents\\projects\\SyncClassroom\\repos\\node_modules","C:\\Users\\Daniel\\Documents\\projects\\SyncClassroom\\node_modules","C:\\Users\\Daniel\\Documents\\projects\\node_modules","C:\\Users\\Daniel\\Documents\\node_modules","C:\\Users\\Daniel\\node_modules","C:\\Users\\node_modules","C:\\node_modules","C:\\Users\\Daniel\\.node_modules","C:\\Users\\Daniel\\.node_libraries","C:\\nvm4w\\nodejs\\lib\\node"]
MODULE 45160: load "C:\\Users\\Daniel\\Documents\\projects\\SyncClassroom\\repos\\ai-editor\\node_modules\\flush-write-stream\\index.js" for module "C:\\Users\\Daniel\\Documents\\projects\\SyncClassroom\\repos\\ai-editor\\node_modules\\flush-write-stream\\index.js"
MODULE 45160: Module._load REQUEST readable-stream parent: C:\Users\Daniel\Documents\projects\SyncClassroom\repos\ai-editor\node_modules\flush-write-stream\index.js
MODULE 45160: looking for "readable-stream" in ["C:\\Users\\Daniel\\Documents\\projects\\SyncClassroom\\repos\\ai-editor\\node_modules\\flush-write-stream\\node_modules","C:\\Users\\Daniel\\Documents\\projects\\SyncClassroom\\repos\\ai-editor\\node_modules","C:\\Users\\Daniel\\Documents\\projects\\SyncClassroom\\repos\\node_modules","C:\\Users\\Daniel\\Documents\\projects\\SyncClassroom\\node_modules","C:\\Users\\Daniel\\Documents\\projects\\node_modules","C:\\Users\\Daniel\\Documents\\node_modules","C:\\Users\\Daniel\\node_modules","C:\\Users\\node_modules","C:\\node_modules","C:\\Users\\Daniel\\.node_modules","C:\\Users\\Daniel\\.node_libraries","C:\\nvm4w\\nodejs\\lib\\node"]
MODULE 45160: Module._load REQUEST inherits parent: C:\Users\Daniel\Documents\projects\SyncClassroom\repos\ai-editor\node_modules\flush-write-stream\index.js
MODULE 45160: looking for "inherits" in ["C:\\Users\\Daniel\\Documents\\projects\\SyncClassroom\\repos\\ai-editor\\node_modules\\flush-write-stream\\node_modules","C:\\Users\\Daniel\\Documents\\projects\\SyncClassroom\\repos\\ai-editor\\node_modules","C:\\Users\\Daniel\\Documents\\projects\\SyncClassroom\\repos\\node_modules","C:\\Users\\Daniel\\Documents\\projects\\SyncClassroom\\node_modules","C:\\Users\\Daniel\\Documents\\projects\\node_modules","C:\\Users\\Daniel\\Documents\\node_modules","C:\\Users\\Daniel\\node_modules","C:\\Users\\node_modules","C:\\node_modules","C:\\Users\\Daniel\\.node_modules","C:\\Users\\Daniel\\.node_libraries","C:\\nvm4w\\nodejs\\lib\\node"]
MODULE 45160: Module._load REQUEST pumpify parent: C:\Users\Daniel\Documents\projects\SyncClassroom\repos\ai-editor\node_modules\vinyl-fs\lib\dest\index.js
MODULE 45160: looking for "pumpify" in ["C:\\Users\\Daniel\\Documents\\projects\\SyncClassroom\\repos\\ai-editor\\node_modules\\vinyl-fs\\lib\\dest\\node_modules","C:\\Users\\Daniel\\Documents\\projects\\SyncClassroom\\repos\\ai-editor\\node_modules\\vinyl-fs\\lib\\node_modules","C:\\Users\\Daniel\\Documents\\projects\\SyncClassroom\\repos\\ai-editor\\node_modules\\vinyl-fs\\node_modules","C:\\Users\\Daniel\\Documents\\projects\\SyncClassroom\\repos\\ai-editor\\node_modules","C:\\Users\\Daniel\\Documents\\projects\\SyncClassroom\\repos\\node_modules","C:\\Users\\Daniel\\Documents\\projects\\SyncClassroom\\node_modules","C:\\Users\\Daniel\\Documents\\projects\\node_modules","C:\\Users\\Daniel\\Documents\\node_modules","C:\\Users\\Daniel\\node_modules","C:\\Users\\node_modules","C:\\node_modules","C:\\Users\\Daniel\\.node_modules","C:\\Users\\Daniel\\.node_libraries","C:\\nvm4w\\nodejs\\lib\\node"]
MODULE 45160: Module._load REQUEST fs-mkdirp-stream parent: C:\Users\Daniel\Documents\projects\SyncClassroom\repos\ai-editor\node_modules\vinyl-fs\lib\dest\index.js
MODULE 45160: looking for "fs-mkdirp-stream" in ["C:\\Users\\Daniel\\Documents\\projects\\SyncClassroom\\repos\\ai-editor\\node_modules\\vinyl-fs\\lib\\dest\\node_modules","C:\\Users\\Daniel\\Documents\\projects\\SyncClassroom\\repos\\ai-editor\\node_modules\\vinyl-fs\\lib\\node_modules","C:\\Users\\Daniel\\Documents\\projects\\SyncClassroom\\repos\\ai-editor\\node_modules\\vinyl-fs\\node_modules","C:\\Users\\Daniel\\Documents\\projects\\SyncClassroom\\repos\\ai-editor\\node_modules","C:\\Users\\Daniel\\Documents\\projects\\SyncClassroom\\repos\\node_modules","C:\\Users\\Daniel\\Documents\\projects\\SyncClassroom\\node_modules","C:\\Users\\Daniel\\Documents\\projects\\node_modules","C:\\Users\\Daniel\\Documents\\node_modules","C:\\Users\\Daniel\\node_modules","C:\\Users\\node_modules","C:\\node_modules","C:\\Users\\Daniel\\.node_modules","C:\\Users\\Daniel\\.node_libraries","C:\\nvm4w\\nodejs\\lib\\node"]
MODULE 45160: load "C:\\Users\\Daniel\\Documents\\projects\\SyncClassroom\\repos\\ai-editor\\node_modules\\fs-mkdirp-stream\\index.js" for module "C:\\Users\\Daniel\\Documents\\projects\\SyncClassroom\\repos\\ai-editor\\node_modules\\fs-mkdirp-stream\\index.js"
MODULE 45160: Module._load REQUEST through2 parent: C:\Users\Daniel\Documents\projects\SyncClassroom\repos\ai-editor\node_modules\fs-mkdirp-stream\index.js
MODULE 45160: looking for "through2" in ["C:\\Users\\Daniel\\Documents\\projects\\SyncClassroom\\repos\\ai-editor\\node_modules\\fs-mkdirp-stream\\node_modules","C:\\Users\\Daniel\\Documents\\projects\\SyncClassroom\\repos\\ai-editor\\node_modules","C:\\Users\\Daniel\\Documents\\projects\\SyncClassroom\\repos\\node_modules","C:\\Users\\Daniel\\Documents\\projects\\SyncClassroom\\node_modules","C:\\Users\\Daniel\\Documents\\projects\\node_modules","C:\\Users\\Daniel\\Documents\\node_modules","C:\\Users\\Daniel\\node_modules","C:\\Users\\node_modules","C:\\node_modules","C:\\Users\\Daniel\\.node_modules","C:\\Users\\Daniel\\.node_libraries","C:\\nvm4w\\nodejs\\lib\\node"]
MODULE 45160: Module._load REQUEST ./mkdirp parent: C:\Users\Daniel\Documents\projects\SyncClassroom\repos\ai-editor\node_modules\fs-mkdirp-stream\index.js
MODULE 45160: RELATIVE: requested: ./mkdirp from parent.id C:\Users\Daniel\Documents\projects\SyncClassroom\repos\ai-editor\node_modules\fs-mkdirp-stream\index.js
MODULE 45160: looking for ["C:\\Users\\Daniel\\Documents\\projects\\SyncClassroom\\repos\\ai-editor\\node_modules\\fs-mkdirp-stream"]
MODULE 45160: load "C:\\Users\\Daniel\\Documents\\projects\\SyncClassroom\\repos\\ai-editor\\node_modules\\fs-mkdirp-stream\\mkdirp.js" for module "C:\\Users\\Daniel\\Documents\\projects\\SyncClassroom\\repos\\ai-editor\\node_modules\\fs-mkdirp-stream\\mkdirp.js"
MODULE 45160: Module._load REQUEST path parent: C:\Users\Daniel\Documents\projects\SyncClassroom\repos\ai-editor\node_modules\fs-mkdirp-stream\mkdirp.js
MODULE 45160: load built-in module path
MODULE 45160: Module._load REQUEST graceful-fs parent: C:\Users\Daniel\Documents\projects\SyncClassroom\repos\ai-editor\node_modules\fs-mkdirp-stream\mkdirp.js
MODULE 45160: looking for "graceful-fs" in ["C:\\Users\\Daniel\\Documents\\projects\\SyncClassroom\\repos\\ai-editor\\node_modules\\fs-mkdirp-stream\\node_modules","C:\\Users\\Daniel\\Documents\\projects\\SyncClassroom\\repos\\ai-editor\\node_modules","C:\\Users\\Daniel\\Documents\\projects\\SyncClassroom\\repos\\node_modules","C:\\Users\\Daniel\\Documents\\projects\\SyncClassroom\\node_modules","C:\\Users\\Daniel\\Documents\\projects\\node_modules","C:\\Users\\Daniel\\Documents\\node_modules","C:\\Users\\Daniel\\node_modules","C:\\Users\\node_modules","C:\\node_modules","C:\\Users\\Daniel\\.node_modules","C:\\Users\\Daniel\\.node_libraries","C:\\nvm4w\\nodejs\\lib\\node"]
MODULE 45160: Module._load REQUEST resolve-options parent: C:\Users\Daniel\Documents\projects\SyncClassroom\repos\ai-editor\node_modules\vinyl-fs\lib\dest\index.js
MODULE 45160: looking for "resolve-options" in ["C:\\Users\\Daniel\\Documents\\projects\\SyncClassroom\\repos\\ai-editor\\node_modules\\vinyl-fs\\lib\\dest\\node_modules","C:\\Users\\Daniel\\Documents\\projects\\SyncClassroom\\repos\\ai-editor\\node_modules\\vinyl-fs\\lib\\node_modules","C:\\Users\\Daniel\\Documents\\projects\\SyncClassroom\\repos\\ai-editor\\node_modules\\vinyl-fs\\node_modules","C:\\Users\\Daniel\\Documents\\projects\\SyncClassroom\\repos\\ai-editor\\node_modules","C:\\Users\\Daniel\\Documents\\projects\\SyncClassroom\\repos\\node_modules","C:\\Users\\Daniel\\Documents\\projects\\SyncClassroom\\node_modules","C:\\Users\\Daniel\\Documents\\projects\\node_modules","C:\\Users\\Daniel\\Documents\\node_modules","C:\\Users\\Daniel\\node_modules","C:\\Users\\node_modules","C:\\node_modules","C:\\Users\\Daniel\\.node_modules","C:\\Users\\Daniel\\.node_libraries","C:\\nvm4w\\nodejs\\lib\\node"]
MODULE 45160: Module._load REQUEST ./options parent: C:\Users\Daniel\Documents\projects\SyncClassroom\repos\ai-editor\node_modules\vinyl-fs\lib\dest\index.js
MODULE 45160: RELATIVE: requested: ./options from parent.id C:\Users\Daniel\Documents\projects\SyncClassroom\repos\ai-editor\node_modules\vinyl-fs\lib\dest\index.js
MODULE 45160: looking for ["C:\\Users\\Daniel\\Documents\\projects\\SyncClassroom\\repos\\ai-editor\\node_modules\\vinyl-fs\\lib\\dest"]
MODULE 45160: load "C:\\Users\\Daniel\\Documents\\projects\\SyncClassroom\\repos\\ai-editor\\node_modules\\vinyl-fs\\lib\\dest\\options.js" for module "C:\\Users\\Daniel\\Documents\\projects\\SyncClassroom\\repos\\ai-editor\\node_modules\\vinyl-fs\\lib\\dest\\options.js"
MODULE 45160: Module._load REQUEST ./prepare parent: C:\Users\Daniel\Documents\projects\SyncClassroom\repos\ai-editor\node_modules\vinyl-fs\lib\dest\index.js
MODULE 45160: RELATIVE: requested: ./prepare from parent.id C:\Users\Daniel\Documents\projects\SyncClassroom\repos\ai-editor\node_modules\vinyl-fs\lib\dest\index.js
MODULE 45160: looking for ["C:\\Users\\Daniel\\Documents\\projects\\SyncClassroom\\repos\\ai-editor\\node_modules\\vinyl-fs\\lib\\dest"]
MODULE 45160: load "C:\\Users\\Daniel\\Documents\\projects\\SyncClassroom\\repos\\ai-editor\\node_modules\\vinyl-fs\\lib\\dest\\prepare.js" for module "C:\\Users\\Daniel\\Documents\\projects\\SyncClassroom\\repos\\ai-editor\\node_modules\\vinyl-fs\\lib\\dest\\prepare.js"
MODULE 45160: Module._load REQUEST path parent: C:\Users\Daniel\Documents\projects\SyncClassroom\repos\ai-editor\node_modules\vinyl-fs\lib\dest\prepare.js
MODULE 45160: load built-in module path
MODULE 45160: Module._load REQUEST graceful-fs parent: C:\Users\Daniel\Documents\projects\SyncClassroom\repos\ai-editor\node_modules\vinyl-fs\lib\dest\prepare.js
MODULE 45160: looking for "graceful-fs" in ["C:\\Users\\Daniel\\Documents\\projects\\SyncClassroom\\repos\\ai-editor\\node_modules\\vinyl-fs\\lib\\dest\\node_modules","C:\\Users\\Daniel\\Documents\\projects\\SyncClassroom\\repos\\ai-editor\\node_modules\\vinyl-fs\\lib\\node_modules","C:\\Users\\Daniel\\Documents\\projects\\SyncClassroom\\repos\\ai-editor\\node_modules\\vinyl-fs\\node_modules","C:\\Users\\Daniel\\Documents\\projects\\SyncClassroom\\repos\\ai-editor\\node_modules","C:\\Users\\Daniel\\Documents\\projects\\SyncClassroom\\repos\\node_modules","C:\\Users\\Daniel\\Documents\\projects\\SyncClassroom\\node_modules","C:\\Users\\Daniel\\Documents\\projects\\node_modules","C:\\Users\\Daniel\\Documents\\node_modules","C:\\Users\\Daniel\\node_modules","C:\\Users\\node_modules","C:\\node_modules","C:\\Users\\Daniel\\.node_modules","C:\\Users\\Daniel\\.node_libraries","C:\\nvm4w\\nodejs\\lib\\node"]
MODULE 45160: Module._load REQUEST vinyl parent: C:\Users\Daniel\Documents\projects\SyncClassroom\repos\ai-editor\node_modules\vinyl-fs\lib\dest\prepare.js
MODULE 45160: looking for "vinyl" in ["C:\\Users\\Daniel\\Documents\\projects\\SyncClassroom\\repos\\ai-editor\\node_modules\\vinyl-fs\\lib\\dest\\node_modules","C:\\Users\\Daniel\\Documents\\projects\\SyncClassroom\\repos\\ai-editor\\node_modules\\vinyl-fs\\lib\\node_modules","C:\\Users\\Daniel\\Documents\\projects\\SyncClassroom\\repos\\ai-editor\\node_modules\\vinyl-fs\\node_modules","C:\\Users\\Daniel\\Documents\\projects\\SyncClassroom\\repos\\ai-editor\\node_modules","C:\\Users\\Daniel\\Documents\\projects\\SyncClassroom\\repos\\node_modules","C:\\Users\\Daniel\\Documents\\projects\\SyncClassroom\\node_modules","C:\\Users\\Daniel\\Documents\\projects\\node_modules","C:\\Users\\Daniel\\Documents\\node_modules","C:\\Users\\Daniel\\node_modules","C:\\Users\\node_modules","C:\\node_modules","C:\\Users\\Daniel\\.node_modules","C:\\Users\\Daniel\\.node_libraries","C:\\nvm4w\\nodejs\\lib\\node"]
MODULE 45160: Module._load REQUEST through2 parent: C:\Users\Daniel\Documents\projects\SyncClassroom\repos\ai-editor\node_modules\vinyl-fs\lib\dest\prepare.js
MODULE 45160: looking for "through2" in ["C:\\Users\\Daniel\\Documents\\projects\\SyncClassroom\\repos\\ai-editor\\node_modules\\vinyl-fs\\lib\\dest\\node_modules","C:\\Users\\Daniel\\Documents\\projects\\SyncClassroom\\repos\\ai-editor\\node_modules\\vinyl-fs\\lib\\node_modules","C:\\Users\\Daniel\\Documents\\projects\\SyncClassroom\\repos\\ai-editor\\node_modules\\vinyl-fs\\node_modules","C:\\Users\\Daniel\\Documents\\projects\\SyncClassroom\\repos\\ai-editor\\node_modules","C:\\Users\\Daniel\\Documents\\projects\\SyncClassroom\\repos\\node_modules","C:\\Users\\Daniel\\Documents\\projects\\SyncClassroom\\node_modules","C:\\Users\\Daniel\\Documents\\projects\\node_modules","C:\\Users\\Daniel\\Documents\\node_modules","C:\\Users\\Daniel\\node_modules","C:\\Users\\node_modules","C:\\node_modules","C:\\Users\\Daniel\\.node_modules","C:\\Users\\Daniel\\.node_libraries","C:\\nvm4w\\nodejs\\lib\\node"]
MODULE 45160: Module._load REQUEST ./sourcemap parent: C:\Users\Daniel\Documents\projects\SyncClassroom\repos\ai-editor\node_modules\vinyl-fs\lib\dest\index.js
MODULE 45160: RELATIVE: requested: ./sourcemap from parent.id C:\Users\Daniel\Documents\projects\SyncClassroom\repos\ai-editor\node_modules\vinyl-fs\lib\dest\index.js
MODULE 45160: looking for ["C:\\Users\\Daniel\\Documents\\projects\\SyncClassroom\\repos\\ai-editor\\node_modules\\vinyl-fs\\lib\\dest"]
MODULE 45160: load "C:\\Users\\Daniel\\Documents\\projects\\SyncClassroom\\repos\\ai-editor\\node_modules\\vinyl-fs\\lib\\dest\\sourcemap.js" for module "C:\\Users\\Daniel\\Documents\\projects\\SyncClassroom\\repos\\ai-editor\\node_modules\\vinyl-fs\\lib\\dest\\sourcemap.js"
MODULE 45160: Module._load REQUEST through2 parent: C:\Users\Daniel\Documents\projects\SyncClassroom\repos\ai-editor\node_modules\vinyl-fs\lib\dest\sourcemap.js
MODULE 45160: looking for "through2" in ["C:\\Users\\Daniel\\Documents\\projects\\SyncClassroom\\repos\\ai-editor\\node_modules\\vinyl-fs\\lib\\dest\\node_modules","C:\\Users\\Daniel\\Documents\\projects\\SyncClassroom\\repos\\ai-editor\\node_modules\\vinyl-fs\\lib\\node_modules","C:\\Users\\Daniel\\Documents\\projects\\SyncClassroom\\repos\\ai-editor\\node_modules\\vinyl-fs\\node_modules","C:\\Users\\Daniel\\Documents\\projects\\SyncClassroom\\repos\\ai-editor\\node_modules","C:\\Users\\Daniel\\Documents\\projects\\SyncClassroom\\repos\\node_modules","C:\\Users\\Daniel\\Documents\\projects\\SyncClassroom\\node_modules","C:\\Users\\Daniel\\Documents\\projects\\node_modules","C:\\Users\\Daniel\\Documents\\node_modules","C:\\Users\\Daniel\\node_modules","C:\\Users\\node_modules","C:\\node_modules","C:\\Users\\Daniel\\.node_modules","C:\\Users\\Daniel\\.node_libraries","C:\\nvm4w\\nodejs\\lib\\node"]
MODULE 45160: Module._load REQUEST vinyl-sourcemap parent: C:\Users\Daniel\Documents\projects\SyncClassroom\repos\ai-editor\node_modules\vinyl-fs\lib\dest\sourcemap.js
MODULE 45160: looking for "vinyl-sourcemap" in ["C:\\Users\\Daniel\\Documents\\projects\\SyncClassroom\\repos\\ai-editor\\node_modules\\vinyl-fs\\lib\\dest\\node_modules","C:\\Users\\Daniel\\Documents\\projects\\SyncClassroom\\repos\\ai-editor\\node_modules\\vinyl-fs\\lib\\node_modules","C:\\Users\\Daniel\\Documents\\projects\\SyncClassroom\\repos\\ai-editor\\node_modules\\vinyl-fs\\node_modules","C:\\Users\\Daniel\\Documents\\projects\\SyncClassroom\\repos\\ai-editor\\node_modules","C:\\Users\\Daniel\\Documents\\projects\\SyncClassroom\\repos\\node_modules","C:\\Users\\Daniel\\Documents\\projects\\SyncClassroom\\node_modules","C:\\Users\\Daniel\\Documents\\projects\\node_modules","C:\\Users\\Daniel\\Documents\\node_modules","C:\\Users\\Daniel\\node_modules","C:\\Users\\node_modules","C:\\node_modules","C:\\Users\\Daniel\\.node_modules","C:\\Users\\Daniel\\.node_libraries","C:\\nvm4w\\nodejs\\lib\\node"]
MODULE 45160: Module._load REQUEST ./write-contents parent: C:\Users\Daniel\Documents\projects\SyncClassroom\repos\ai-editor\node_modules\vinyl-fs\lib\dest\index.js
MODULE 45160: RELATIVE: requested: ./write-contents from parent.id C:\Users\Daniel\Documents\projects\SyncClassroom\repos\ai-editor\node_modules\vinyl-fs\lib\dest\index.js
MODULE 45160: looking for ["C:\\Users\\Daniel\\Documents\\projects\\SyncClassroom\\repos\\ai-editor\\node_modules\\vinyl-fs\\lib\\dest"]
MODULE 45160: load "C:\\Users\\Daniel\\Documents\\projects\\SyncClassroom\\repos\\ai-editor\\node_modules\\vinyl-fs\\lib\\dest\\write-contents\\index.js" for module "C:\\Users\\Daniel\\Documents\\projects\\SyncClassroom\\repos\\ai-editor\\node_modules\\vinyl-fs\\lib\\dest\\write-contents\\index.js"
MODULE 45160: Module._load REQUEST through2 parent: C:\Users\Daniel\Documents\projects\SyncClassroom\repos\ai-editor\node_modules\vinyl-fs\lib\dest\write-contents\index.js
MODULE 45160: looking for "through2" in ["C:\\Users\\Daniel\\Documents\\projects\\SyncClassroom\\repos\\ai-editor\\node_modules\\vinyl-fs\\lib\\dest\\write-contents\\node_modules","C:\\Users\\Daniel\\Documents\\projects\\SyncClassroom\\repos\\ai-editor\\node_modules\\vinyl-fs\\lib\\dest\\node_modules","C:\\Users\\Daniel\\Documents\\projects\\SyncClassroom\\repos\\ai-editor\\node_modules\\vinyl-fs\\lib\\node_modules","C:\\Users\\Daniel\\Documents\\projects\\SyncClassroom\\repos\\ai-editor\\node_modules\\vinyl-fs\\node_modules","C:\\Users\\Daniel\\Documents\\projects\\SyncClassroom\\repos\\ai-editor\\node_modules","C:\\Users\\Daniel\\Documents\\projects\\SyncClassroom\\repos\\node_modules","C:\\Users\\Daniel\\Documents\\projects\\SyncClassroom\\node_modules","C:\\Users\\Daniel\\Documents\\projects\\node_modules","C:\\Users\\Daniel\\Documents\\node_modules","C:\\Users\\Daniel\\node_modules","C:\\Users\\node_modules","C:\\node_modules","C:\\Users\\Daniel\\.node_modules","C:\\Users\\Daniel\\.node_libraries","C:\\nvm4w\\nodejs\\lib\\node"]
MODULE 45160: Module._load REQUEST ./write-dir parent: C:\Users\Daniel\Documents\projects\SyncClassroom\repos\ai-editor\node_modules\vinyl-fs\lib\dest\write-contents\index.js
MODULE 45160: RELATIVE: requested: ./write-dir from parent.id C:\Users\Daniel\Documents\projects\SyncClassroom\repos\ai-editor\node_modules\vinyl-fs\lib\dest\write-contents\index.js
MODULE 45160: looking for ["C:\\Users\\Daniel\\Documents\\projects\\SyncClassroom\\repos\\ai-editor\\node_modules\\vinyl-fs\\lib\\dest\\write-contents"]
MODULE 45160: load "C:\\Users\\Daniel\\Documents\\projects\\SyncClassroom\\repos\\ai-editor\\node_modules\\vinyl-fs\\lib\\dest\\write-contents\\write-dir.js" for module "C:\\Users\\Daniel\\Documents\\projects\\SyncClassroom\\repos\\ai-editor\\node_modules\\vinyl-fs\\lib\\dest\\write-contents\\write-dir.js"
MODULE 45160: Module._load REQUEST graceful-fs parent: C:\Users\Daniel\Documents\projects\SyncClassroom\repos\ai-editor\node_modules\vinyl-fs\lib\dest\write-contents\write-dir.js
MODULE 45160: looking for "graceful-fs" in ["C:\\Users\\Daniel\\Documents\\projects\\SyncClassroom\\repos\\ai-editor\\node_modules\\vinyl-fs\\lib\\dest\\write-contents\\node_modules","C:\\Users\\Daniel\\Documents\\projects\\SyncClassroom\\repos\\ai-editor\\node_modules\\vinyl-fs\\lib\\dest\\node_modules","C:\\Users\\Daniel\\Documents\\projects\\SyncClassroom\\repos\\ai-editor\\node_modules\\vinyl-fs\\lib\\node_modules","C:\\Users\\Daniel\\Documents\\projects\\SyncClassroom\\repos\\ai-editor\\node_modules\\vinyl-fs\\node_modules","C:\\Users\\Daniel\\Documents\\projects\\SyncClassroom\\repos\\ai-editor\\node_modules","C:\\Users\\Daniel\\Documents\\projects\\SyncClassroom\\repos\\node_modules","C:\\Users\\Daniel\\Documents\\projects\\SyncClassroom\\node_modules","C:\\Users\\Daniel\\Documents\\projects\\node_modules","C:\\Users\\Daniel\\Documents\\node_modules","C:\\Users\\Daniel\\node_modules","C:\\Users\\node_modules","C:\\node_modules","C:\\Users\\Daniel\\.node_modules","C:\\Users\\Daniel\\.node_libraries","C:\\nvm4w\\nodejs\\lib\\node"]
MODULE 45160: Module._load REQUEST fs-mkdirp-stream/mkdirp parent: C:\Users\Daniel\Documents\projects\SyncClassroom\repos\ai-editor\node_modules\vinyl-fs\lib\dest\write-contents\write-dir.js
MODULE 45160: looking for "fs-mkdirp-stream/mkdirp" in ["C:\\Users\\Daniel\\Documents\\projects\\SyncClassroom\\repos\\ai-editor\\node_modules\\vinyl-fs\\lib\\dest\\write-contents\\node_modules","C:\\Users\\Daniel\\Documents\\projects\\SyncClassroom\\repos\\ai-editor\\node_modules\\vinyl-fs\\lib\\dest\\node_modules","C:\\Users\\Daniel\\Documents\\projects\\SyncClassroom\\repos\\ai-editor\\node_modules\\vinyl-fs\\lib\\node_modules","C:\\Users\\Daniel\\Documents\\projects\\SyncClassroom\\repos\\ai-editor\\node_modules\\vinyl-fs\\node_modules","C:\\Users\\Daniel\\Documents\\projects\\SyncClassroom\\repos\\ai-editor\\node_modules","C:\\Users\\Daniel\\Documents\\projects\\SyncClassroom\\repos\\node_modules","C:\\Users\\Daniel\\Documents\\projects\\SyncClassroom\\node_modules","C:\\Users\\Daniel\\Documents\\projects\\node_modules","C:\\Users\\Daniel\\Documents\\node_modules","C:\\Users\\Daniel\\node_modules","C:\\Users\\node_modules","C:\\node_modules","C:\\Users\\Daniel\\.node_modules","C:\\Users\\Daniel\\.node_libraries","C:\\nvm4w\\nodejs\\lib\\node"]
MODULE 45160: Module._load REQUEST ../../file-operations parent: C:\Users\Daniel\Documents\projects\SyncClassroom\repos\ai-editor\node_modules\vinyl-fs\lib\dest\write-contents\write-dir.js
MODULE 45160: RELATIVE: requested: ../../file-operations from parent.id C:\Users\Daniel\Documents\projects\SyncClassroom\repos\ai-editor\node_modules\vinyl-fs\lib\dest\write-contents\write-dir.js
MODULE 45160: looking for ["C:\\Users\\Daniel\\Documents\\projects\\SyncClassroom\\repos\\ai-editor\\node_modules\\vinyl-fs\\lib\\dest\\write-contents"]
MODULE 45160: Module._load REQUEST ./write-stream parent: C:\Users\Daniel\Documents\projects\SyncClassroom\repos\ai-editor\node_modules\vinyl-fs\lib\dest\write-contents\index.js
MODULE 45160: RELATIVE: requested: ./write-stream from parent.id C:\Users\Daniel\Documents\projects\SyncClassroom\repos\ai-editor\node_modules\vinyl-fs\lib\dest\write-contents\index.js
MODULE 45160: looking for ["C:\\Users\\Daniel\\Documents\\projects\\SyncClassroom\\repos\\ai-editor\\node_modules\\vinyl-fs\\lib\\dest\\write-contents"]
MODULE 45160: load "C:\\Users\\Daniel\\Documents\\projects\\SyncClassroom\\repos\\ai-editor\\node_modules\\vinyl-fs\\lib\\dest\\write-contents\\write-stream.js" for module "C:\\Users\\Daniel\\Documents\\projects\\SyncClassroom\\repos\\ai-editor\\node_modules\\vinyl-fs\\lib\\dest\\write-contents\\write-stream.js"
MODULE 45160: Module._load REQUEST ../../file-operations parent: C:\Users\Daniel\Documents\projects\SyncClassroom\repos\ai-editor\node_modules\vinyl-fs\lib\dest\write-contents\write-stream.js
MODULE 45160: RELATIVE: requested: ../../file-operations from parent.id C:\Users\Daniel\Documents\projects\SyncClassroom\repos\ai-editor\node_modules\vinyl-fs\lib\dest\write-contents\write-stream.js
MODULE 45160: looking for ["C:\\Users\\Daniel\\Documents\\projects\\SyncClassroom\\repos\\ai-editor\\node_modules\\vinyl-fs\\lib\\dest\\write-contents"]
MODULE 45160: Module._load REQUEST ../../src/read-contents/read-stream parent: C:\Users\Daniel\Documents\projects\SyncClassroom\repos\ai-editor\node_modules\vinyl-fs\lib\dest\write-contents\write-stream.js
MODULE 45160: RELATIVE: requested: ../../src/read-contents/read-stream from parent.id C:\Users\Daniel\Documents\projects\SyncClassroom\repos\ai-editor\node_modules\vinyl-fs\lib\dest\write-contents\write-stream.js
MODULE 45160: looking for ["C:\\Users\\Daniel\\Documents\\projects\\SyncClassroom\\repos\\ai-editor\\node_modules\\vinyl-fs\\lib\\dest\\write-contents"]
MODULE 45160: Module._load REQUEST ./write-buffer parent: C:\Users\Daniel\Documents\projects\SyncClassroom\repos\ai-editor\node_modules\vinyl-fs\lib\dest\write-contents\index.js
MODULE 45160: RELATIVE: requested: ./write-buffer from parent.id C:\Users\Daniel\Documents\projects\SyncClassroom\repos\ai-editor\node_modules\vinyl-fs\lib\dest\write-contents\index.js
MODULE 45160: looking for ["C:\\Users\\Daniel\\Documents\\projects\\SyncClassroom\\repos\\ai-editor\\node_modules\\vinyl-fs\\lib\\dest\\write-contents"]
MODULE 45160: load "C:\\Users\\Daniel\\Documents\\projects\\SyncClassroom\\repos\\ai-editor\\node_modules\\vinyl-fs\\lib\\dest\\write-contents\\write-buffer.js" for module "C:\\Users\\Daniel\\Documents\\projects\\SyncClassroom\\repos\\ai-editor\\node_modules\\vinyl-fs\\lib\\dest\\write-contents\\write-buffer.js"
MODULE 45160: Module._load REQUEST ../../file-operations parent: C:\Users\Daniel\Documents\projects\SyncClassroom\repos\ai-editor\node_modules\vinyl-fs\lib\dest\write-contents\write-buffer.js
MODULE 45160: RELATIVE: requested: ../../file-operations from parent.id C:\Users\Daniel\Documents\projects\SyncClassroom\repos\ai-editor\node_modules\vinyl-fs\lib\dest\write-contents\write-buffer.js
MODULE 45160: looking for ["C:\\Users\\Daniel\\Documents\\projects\\SyncClassroom\\repos\\ai-editor\\node_modules\\vinyl-fs\\lib\\dest\\write-contents"]
MODULE 45160: Module._load REQUEST ./write-symbolic-link parent: C:\Users\Daniel\Documents\projects\SyncClassroom\repos\ai-editor\node_modules\vinyl-fs\lib\dest\write-contents\index.js
MODULE 45160: RELATIVE: requested: ./write-symbolic-link from parent.id C:\Users\Daniel\Documents\projects\SyncClassroom\repos\ai-editor\node_modules\vinyl-fs\lib\dest\write-contents\index.js
MODULE 45160: looking for ["C:\\Users\\Daniel\\Documents\\projects\\SyncClassroom\\repos\\ai-editor\\node_modules\\vinyl-fs\\lib\\dest\\write-contents"]
MODULE 45160: load "C:\\Users\\Daniel\\Documents\\projects\\SyncClassroom\\repos\\ai-editor\\node_modules\\vinyl-fs\\lib\\dest\\write-contents\\write-symbolic-link.js" for module "C:\\Users\\Daniel\\Documents\\projects\\SyncClassroom\\repos\\ai-editor\\node_modules\\vinyl-fs\\lib\\dest\\write-contents\\write-symbolic-link.js"
MODULE 45160: Module._load REQUEST os parent: C:\Users\Daniel\Documents\projects\SyncClassroom\repos\ai-editor\node_modules\vinyl-fs\lib\dest\write-contents\write-symbolic-link.js
MODULE 45160: load built-in module os
MODULE 45160: Module._load REQUEST path parent: C:\Users\Daniel\Documents\projects\SyncClassroom\repos\ai-editor\node_modules\vinyl-fs\lib\dest\write-contents\write-symbolic-link.js
MODULE 45160: load built-in module path
MODULE 45160: Module._load REQUEST ../../file-operations parent: C:\Users\Daniel\Documents\projects\SyncClassroom\repos\ai-editor\node_modules\vinyl-fs\lib\dest\write-contents\write-symbolic-link.js
MODULE 45160: RELATIVE: requested: ../../file-operations from parent.id C:\Users\Daniel\Documents\projects\SyncClassroom\repos\ai-editor\node_modules\vinyl-fs\lib\dest\write-contents\write-symbolic-link.js
MODULE 45160: looking for ["C:\\Users\\Daniel\\Documents\\projects\\SyncClassroom\\repos\\ai-editor\\node_modules\\vinyl-fs\\lib\\dest\\write-contents"]
MODULE 45160: Module._load REQUEST ../../file-operations parent: C:\Users\Daniel\Documents\projects\SyncClassroom\repos\ai-editor\node_modules\vinyl-fs\lib\dest\write-contents\index.js
MODULE 45160: RELATIVE: requested: ../../file-operations from parent.id C:\Users\Daniel\Documents\projects\SyncClassroom\repos\ai-editor\node_modules\vinyl-fs\lib\dest\write-contents\index.js
MODULE 45160: looking for ["C:\\Users\\Daniel\\Documents\\projects\\SyncClassroom\\repos\\ai-editor\\node_modules\\vinyl-fs\\lib\\dest\\write-contents"]
MODULE 45160: Module._load REQUEST ./lib/symlink parent: C:\Users\Daniel\Documents\projects\SyncClassroom\repos\ai-editor\node_modules\vinyl-fs\index.js
MODULE 45160: RELATIVE: requested: ./lib/symlink from parent.id C:\Users\Daniel\Documents\projects\SyncClassroom\repos\ai-editor\node_modules\vinyl-fs\index.js
MODULE 45160: looking for ["C:\\Users\\Daniel\\Documents\\projects\\SyncClassroom\\repos\\ai-editor\\node_modules\\vinyl-fs"]
MODULE 45160: load "C:\\Users\\Daniel\\Documents\\projects\\SyncClassroom\\repos\\ai-editor\\node_modules\\vinyl-fs\\lib\\symlink\\index.js" for module "C:\\Users\\Daniel\\Documents\\projects\\SyncClassroom\\repos\\ai-editor\\node_modules\\vinyl-fs\\lib\\symlink\\index.js"
MODULE 45160: Module._load REQUEST pumpify parent: C:\Users\Daniel\Documents\projects\SyncClassroom\repos\ai-editor\node_modules\vinyl-fs\lib\symlink\index.js
MODULE 45160: looking for "pumpify" in ["C:\\Users\\Daniel\\Documents\\projects\\SyncClassroom\\repos\\ai-editor\\node_modules\\vinyl-fs\\lib\\symlink\\node_modules","C:\\Users\\Daniel\\Documents\\projects\\SyncClassroom\\repos\\ai-editor\\node_modules\\vinyl-fs\\lib\\node_modules","C:\\Users\\Daniel\\Documents\\projects\\SyncClassroom\\repos\\ai-editor\\node_modules\\vinyl-fs\\node_modules","C:\\Users\\Daniel\\Documents\\projects\\SyncClassroom\\repos\\ai-editor\\node_modules","C:\\Users\\Daniel\\Documents\\projects\\SyncClassroom\\repos\\node_modules","C:\\Users\\Daniel\\Documents\\projects\\SyncClassroom\\node_modules","C:\\Users\\Daniel\\Documents\\projects\\node_modules","C:\\Users\\Daniel\\Documents\\node_modules","C:\\Users\\Daniel\\node_modules","C:\\Users\\node_modules","C:\\node_modules","C:\\Users\\Daniel\\.node_modules","C:\\Users\\Daniel\\.node_libraries","C:\\nvm4w\\nodejs\\lib\\node"]
MODULE 45160: Module._load REQUEST lead parent: C:\Users\Daniel\Documents\projects\SyncClassroom\repos\ai-editor\node_modules\vinyl-fs\lib\symlink\index.js
MODULE 45160: looking for "lead" in ["C:\\Users\\Daniel\\Documents\\projects\\SyncClassroom\\repos\\ai-editor\\node_modules\\vinyl-fs\\lib\\symlink\\node_modules","C:\\Users\\Daniel\\Documents\\projects\\SyncClassroom\\repos\\ai-editor\\node_modules\\vinyl-fs\\lib\\node_modules","C:\\Users\\Daniel\\Documents\\projects\\SyncClassroom\\repos\\ai-editor\\node_modules\\vinyl-fs\\node_modules","C:\\Users\\Daniel\\Documents\\projects\\SyncClassroom\\repos\\ai-editor\\node_modules","C:\\Users\\Daniel\\Documents\\projects\\SyncClassroom\\repos\\node_modules","C:\\Users\\Daniel\\Documents\\projects\\SyncClassroom\\node_modules","C:\\Users\\Daniel\\Documents\\projects\\node_modules","C:\\Users\\Daniel\\Documents\\node_modules","C:\\Users\\Daniel\\node_modules","C:\\Users\\node_modules","C:\\node_modules","C:\\Users\\Daniel\\.node_modules","C:\\Users\\Daniel\\.node_libraries","C:\\nvm4w\\nodejs\\lib\\node"]
MODULE 45160: Module._load REQUEST fs-mkdirp-stream parent: C:\Users\Daniel\Documents\projects\SyncClassroom\repos\ai-editor\node_modules\vinyl-fs\lib\symlink\index.js
MODULE 45160: looking for "fs-mkdirp-stream" in ["C:\\Users\\Daniel\\Documents\\projects\\SyncClassroom\\repos\\ai-editor\\node_modules\\vinyl-fs\\lib\\symlink\\node_modules","C:\\Users\\Daniel\\Documents\\projects\\SyncClassroom\\repos\\ai-editor\\node_modules\\vinyl-fs\\lib\\node_modules","C:\\Users\\Daniel\\Documents\\projects\\SyncClassroom\\repos\\ai-editor\\node_modules\\vinyl-fs\\node_modules","C:\\Users\\Daniel\\Documents\\projects\\SyncClassroom\\repos\\ai-editor\\node_modules","C:\\Users\\Daniel\\Documents\\projects\\SyncClassroom\\repos\\node_modules","C:\\Users\\Daniel\\Documents\\projects\\SyncClassroom\\node_modules","C:\\Users\\Daniel\\Documents\\projects\\node_modules","C:\\Users\\Daniel\\Documents\\node_modules","C:\\Users\\Daniel\\node_modules","C:\\Users\\node_modules","C:\\node_modules","C:\\Users\\Daniel\\.node_modules","C:\\Users\\Daniel\\.node_libraries","C:\\nvm4w\\nodejs\\lib\\node"]
MODULE 45160: Module._load REQUEST resolve-options parent: C:\Users\Daniel\Documents\projects\SyncClassroom\repos\ai-editor\node_modules\vinyl-fs\lib\symlink\index.js
MODULE 45160: looking for "resolve-options" in ["C:\\Users\\Daniel\\Documents\\projects\\SyncClassroom\\repos\\ai-editor\\node_modules\\vinyl-fs\\lib\\symlink\\node_modules","C:\\Users\\Daniel\\Documents\\projects\\SyncClassroom\\repos\\ai-editor\\node_modules\\vinyl-fs\\lib\\node_modules","C:\\Users\\Daniel\\Documents\\projects\\SyncClassroom\\repos\\ai-editor\\node_modules\\vinyl-fs\\node_modules","C:\\Users\\Daniel\\Documents\\projects\\SyncClassroom\\repos\\ai-editor\\node_modules","C:\\Users\\Daniel\\Documents\\projects\\SyncClassroom\\repos\\node_modules","C:\\Users\\Daniel\\Documents\\projects\\SyncClassroom\\node_modules","C:\\Users\\Daniel\\Documents\\projects\\node_modules","C:\\Users\\Daniel\\Documents\\node_modules","C:\\Users\\Daniel\\node_modules","C:\\Users\\node_modules","C:\\node_modules","C:\\Users\\Daniel\\.node_modules","C:\\Users\\Daniel\\.node_libraries","C:\\nvm4w\\nodejs\\lib\\node"]
MODULE 45160: Module._load REQUEST ./options parent: C:\Users\Daniel\Documents\projects\SyncClassroom\repos\ai-editor\node_modules\vinyl-fs\lib\symlink\index.js
MODULE 45160: RELATIVE: requested: ./options from parent.id C:\Users\Daniel\Documents\projects\SyncClassroom\repos\ai-editor\node_modules\vinyl-fs\lib\symlink\index.js
MODULE 45160: looking for ["C:\\Users\\Daniel\\Documents\\projects\\SyncClassroom\\repos\\ai-editor\\node_modules\\vinyl-fs\\lib\\symlink"]
MODULE 45160: load "C:\\Users\\Daniel\\Documents\\projects\\SyncClassroom\\repos\\ai-editor\\node_modules\\vinyl-fs\\lib\\symlink\\options.js" for module "C:\\Users\\Daniel\\Documents\\projects\\SyncClassroom\\repos\\ai-editor\\node_modules\\vinyl-fs\\lib\\symlink\\options.js"
MODULE 45160: Module._load REQUEST ./prepare parent: C:\Users\Daniel\Documents\projects\SyncClassroom\repos\ai-editor\node_modules\vinyl-fs\lib\symlink\index.js
MODULE 45160: RELATIVE: requested: ./prepare from parent.id C:\Users\Daniel\Documents\projects\SyncClassroom\repos\ai-editor\node_modules\vinyl-fs\lib\symlink\index.js
MODULE 45160: looking for ["C:\\Users\\Daniel\\Documents\\projects\\SyncClassroom\\repos\\ai-editor\\node_modules\\vinyl-fs\\lib\\symlink"]
MODULE 45160: load "C:\\Users\\Daniel\\Documents\\projects\\SyncClassroom\\repos\\ai-editor\\node_modules\\vinyl-fs\\lib\\symlink\\prepare.js" for module "C:\\Users\\Daniel\\Documents\\projects\\SyncClassroom\\repos\\ai-editor\\node_modules\\vinyl-fs\\lib\\symlink\\prepare.js"
MODULE 45160: Module._load REQUEST path parent: C:\Users\Daniel\Documents\projects\SyncClassroom\repos\ai-editor\node_modules\vinyl-fs\lib\symlink\prepare.js
MODULE 45160: load built-in module path
MODULE 45160: Module._load REQUEST graceful-fs parent: C:\Users\Daniel\Documents\projects\SyncClassroom\repos\ai-editor\node_modules\vinyl-fs\lib\symlink\prepare.js
MODULE 45160: looking for "graceful-fs" in ["C:\\Users\\Daniel\\Documents\\projects\\SyncClassroom\\repos\\ai-editor\\node_modules\\vinyl-fs\\lib\\symlink\\node_modules","C:\\Users\\Daniel\\Documents\\projects\\SyncClassroom\\repos\\ai-editor\\node_modules\\vinyl-fs\\lib\\node_modules","C:\\Users\\Daniel\\Documents\\projects\\SyncClassroom\\repos\\ai-editor\\node_modules\\vinyl-fs\\node_modules","C:\\Users\\Daniel\\Documents\\projects\\SyncClassroom\\repos\\ai-editor\\node_modules","C:\\Users\\Daniel\\Documents\\projects\\SyncClassroom\\repos\\node_modules","C:\\Users\\Daniel\\Documents\\projects\\SyncClassroom\\node_modules","C:\\Users\\Daniel\\Documents\\projects\\node_modules","C:\\Users\\Daniel\\Documents\\node_modules","C:\\Users\\Daniel\\node_modules","C:\\Users\\node_modules","C:\\node_modules","C:\\Users\\Daniel\\.node_modules","C:\\Users\\Daniel\\.node_libraries","C:\\nvm4w\\nodejs\\lib\\node"]
MODULE 45160: Module._load REQUEST vinyl parent: C:\Users\Daniel\Documents\projects\SyncClassroom\repos\ai-editor\node_modules\vinyl-fs\lib\symlink\prepare.js
MODULE 45160: looking for "vinyl" in ["C:\\Users\\Daniel\\Documents\\projects\\SyncClassroom\\repos\\ai-editor\\node_modules\\vinyl-fs\\lib\\symlink\\node_modules","C:\\Users\\Daniel\\Documents\\projects\\SyncClassroom\\repos\\ai-editor\\node_modules\\vinyl-fs\\lib\\node_modules","C:\\Users\\Daniel\\Documents\\projects\\SyncClassroom\\repos\\ai-editor\\node_modules\\vinyl-fs\\node_modules","C:\\Users\\Daniel\\Documents\\projects\\SyncClassroom\\repos\\ai-editor\\node_modules","C:\\Users\\Daniel\\Documents\\projects\\SyncClassroom\\repos\\node_modules","C:\\Users\\Daniel\\Documents\\projects\\SyncClassroom\\node_modules","C:\\Users\\Daniel\\Documents\\projects\\node_modules","C:\\Users\\Daniel\\Documents\\node_modules","C:\\Users\\Daniel\\node_modules","C:\\Users\\node_modules","C:\\node_modules","C:\\Users\\Daniel\\.node_modules","C:\\Users\\Daniel\\.node_libraries","C:\\nvm4w\\nodejs\\lib\\node"]
MODULE 45160: Module._load REQUEST through2 parent: C:\Users\Daniel\Documents\projects\SyncClassroom\repos\ai-editor\node_modules\vinyl-fs\lib\symlink\prepare.js
MODULE 45160: looking for "through2" in ["C:\\Users\\Daniel\\Documents\\projects\\SyncClassroom\\repos\\ai-editor\\node_modules\\vinyl-fs\\lib\\symlink\\node_modules","C:\\Users\\Daniel\\Documents\\projects\\SyncClassroom\\repos\\ai-editor\\node_modules\\vinyl-fs\\lib\\node_modules","C:\\Users\\Daniel\\Documents\\projects\\SyncClassroom\\repos\\ai-editor\\node_modules\\vinyl-fs\\node_modules","C:\\Users\\Daniel\\Documents\\projects\\SyncClassroom\\repos\\ai-editor\\node_modules","C:\\Users\\Daniel\\Documents\\projects\\SyncClassroom\\repos\\node_modules","C:\\Users\\Daniel\\Documents\\projects\\SyncClassroom\\node_modules","C:\\Users\\Daniel\\Documents\\projects\\node_modules","C:\\Users\\Daniel\\Documents\\node_modules","C:\\Users\\Daniel\\node_modules","C:\\Users\\node_modules","C:\\node_modules","C:\\Users\\Daniel\\.node_modules","C:\\Users\\Daniel\\.node_libraries","C:\\nvm4w\\nodejs\\lib\\node"]
MODULE 45160: Module._load REQUEST ./link-file parent: C:\Users\Daniel\Documents\projects\SyncClassroom\repos\ai-editor\node_modules\vinyl-fs\lib\symlink\index.js
MODULE 45160: RELATIVE: requested: ./link-file from parent.id C:\Users\Daniel\Documents\projects\SyncClassroom\repos\ai-editor\node_modules\vinyl-fs\lib\symlink\index.js
MODULE 45160: looking for ["C:\\Users\\Daniel\\Documents\\projects\\SyncClassroom\\repos\\ai-editor\\node_modules\\vinyl-fs\\lib\\symlink"]
MODULE 45160: load "C:\\Users\\Daniel\\Documents\\projects\\SyncClassroom\\repos\\ai-editor\\node_modules\\vinyl-fs\\lib\\symlink\\link-file.js" for module "C:\\Users\\Daniel\\Documents\\projects\\SyncClassroom\\repos\\ai-editor\\node_modules\\vinyl-fs\\lib\\symlink\\link-file.js"
MODULE 45160: Module._load REQUEST os parent: C:\Users\Daniel\Documents\projects\SyncClassroom\repos\ai-editor\node_modules\vinyl-fs\lib\symlink\link-file.js
MODULE 45160: load built-in module os
MODULE 45160: Module._load REQUEST path parent: C:\Users\Daniel\Documents\projects\SyncClassroom\repos\ai-editor\node_modules\vinyl-fs\lib\symlink\link-file.js
MODULE 45160: load built-in module path
MODULE 45160: Module._load REQUEST through2 parent: C:\Users\Daniel\Documents\projects\SyncClassroom\repos\ai-editor\node_modules\vinyl-fs\lib\symlink\link-file.js
MODULE 45160: looking for "through2" in ["C:\\Users\\Daniel\\Documents\\projects\\SyncClassroom\\repos\\ai-editor\\node_modules\\vinyl-fs\\lib\\symlink\\node_modules","C:\\Users\\Daniel\\Documents\\projects\\SyncClassroom\\repos\\ai-editor\\node_modules\\vinyl-fs\\lib\\node_modules","C:\\Users\\Daniel\\Documents\\projects\\SyncClassroom\\repos\\ai-editor\\node_modules\\vinyl-fs\\node_modules","C:\\Users\\Daniel\\Documents\\projects\\SyncClassroom\\repos\\ai-editor\\node_modules","C:\\Users\\Daniel\\Documents\\projects\\SyncClassroom\\repos\\node_modules","C:\\Users\\Daniel\\Documents\\projects\\SyncClassroom\\node_modules","C:\\Users\\Daniel\\Documents\\projects\\node_modules","C:\\Users\\Daniel\\Documents\\node_modules","C:\\Users\\Daniel\\node_modules","C:\\Users\\node_modules","C:\\node_modules","C:\\Users\\Daniel\\.node_modules","C:\\Users\\Daniel\\.node_libraries","C:\\nvm4w\\nodejs\\lib\\node"]
MODULE 45160: Module._load REQUEST ../file-operations parent: C:\Users\Daniel\Documents\projects\SyncClassroom\repos\ai-editor\node_modules\vinyl-fs\lib\symlink\link-file.js
MODULE 45160: RELATIVE: requested: ../file-operations from parent.id C:\Users\Daniel\Documents\projects\SyncClassroom\repos\ai-editor\node_modules\vinyl-fs\lib\symlink\link-file.js
MODULE 45160: looking for ["C:\\Users\\Daniel\\Documents\\projects\\SyncClassroom\\repos\\ai-editor\\node_modules\\vinyl-fs\\lib\\symlink"]
MODULE 45160: Module._load REQUEST glob-watcher parent: C:\Users\Daniel\Documents\projects\SyncClassroom\repos\ai-editor\node_modules\gulp\index.js
MODULE 45160: looking for "glob-watcher" in ["C:\\Users\\Daniel\\Documents\\projects\\SyncClassroom\\repos\\ai-editor\\node_modules\\gulp\\node_modules","C:\\Users\\Daniel\\Documents\\projects\\SyncClassroom\\repos\\ai-editor\\node_modules","C:\\Users\\Daniel\\Documents\\projects\\SyncClassroom\\repos\\node_modules","C:\\Users\\Daniel\\Documents\\projects\\SyncClassroom\\node_modules","C:\\Users\\Daniel\\Documents\\projects\\node_modules","C:\\Users\\Daniel\\Documents\\node_modules","C:\\Users\\Daniel\\node_modules","C:\\Users\\node_modules","C:\\node_modules","C:\\Users\\Daniel\\.node_modules","C:\\Users\\Daniel\\.node_libraries","C:\\nvm4w\\nodejs\\lib\\node"]
MODULE 45160: load "C:\\Users\\Daniel\\Documents\\projects\\SyncClassroom\\repos\\ai-editor\\node_modules\\glob-watcher\\index.js" for module "C:\\Users\\Daniel\\Documents\\projects\\SyncClassroom\\repos\\ai-editor\\node_modules\\glob-watcher\\index.js"
MODULE 45160: Module._load REQUEST chokidar parent: C:\Users\Daniel\Documents\projects\SyncClassroom\repos\ai-editor\node_modules\glob-watcher\index.js
MODULE 45160: looking for "chokidar" in ["C:\\Users\\Daniel\\Documents\\projects\\SyncClassroom\\repos\\ai-editor\\node_modules\\glob-watcher\\node_modules","C:\\Users\\Daniel\\Documents\\projects\\SyncClassroom\\repos\\ai-editor\\node_modules","C:\\Users\\Daniel\\Documents\\projects\\SyncClassroom\\repos\\node_modules","C:\\Users\\Daniel\\Documents\\projects\\SyncClassroom\\node_modules","C:\\Users\\Daniel\\Documents\\projects\\node_modules","C:\\Users\\Daniel\\Documents\\node_modules","C:\\Users\\Daniel\\node_modules","C:\\Users\\node_modules","C:\\node_modules","C:\\Users\\Daniel\\.node_modules","C:\\Users\\Daniel\\.node_libraries","C:\\nvm4w\\nodejs\\lib\\node"]
MODULE 45160: load "C:\\Users\\Daniel\\Documents\\projects\\SyncClassroom\\repos\\ai-editor\\node_modules\\glob-watcher\\node_modules\\chokidar\\index.js" for module "C:\\Users\\Daniel\\Documents\\projects\\SyncClassroom\\repos\\ai-editor\\node_modules\\glob-watcher\\node_modules\\chokidar\\index.js"
MODULE 45160: Module._load REQUEST events parent: C:\Users\Daniel\Documents\projects\SyncClassroom\repos\ai-editor\node_modules\glob-watcher\node_modules\chokidar\index.js
MODULE 45160: load built-in module events
MODULE 45160: Module._load REQUEST fs parent: C:\Users\Daniel\Documents\projects\SyncClassroom\repos\ai-editor\node_modules\glob-watcher\node_modules\chokidar\index.js
MODULE 45160: load built-in module fs
MODULE 45160: Module._load REQUEST path parent: C:\Users\Daniel\Documents\projects\SyncClassroom\repos\ai-editor\node_modules\glob-watcher\node_modules\chokidar\index.js
MODULE 45160: load built-in module path
MODULE 45160: Module._load REQUEST async-each parent: C:\Users\Daniel\Documents\projects\SyncClassroom\repos\ai-editor\node_modules\glob-watcher\node_modules\chokidar\index.js
MODULE 45160: looking for "async-each" in ["C:\\Users\\Daniel\\Documents\\projects\\SyncClassroom\\repos\\ai-editor\\node_modules\\glob-watcher\\node_modules\\chokidar\\node_modules","C:\\Users\\Daniel\\Documents\\projects\\SyncClassroom\\repos\\ai-editor\\node_modules\\glob-watcher\\node_modules","C:\\Users\\Daniel\\Documents\\projects\\SyncClassroom\\repos\\ai-editor\\node_modules","C:\\Users\\Daniel\\Documents\\projects\\SyncClassroom\\repos\\node_modules","C:\\Users\\Daniel\\Documents\\projects\\SyncClassroom\\node_modules","C:\\Users\\Daniel\\Documents\\projects\\node_modules","C:\\Users\\Daniel\\Documents\\node_modules","C:\\Users\\Daniel\\node_modules","C:\\Users\\node_modules","C:\\node_modules","C:\\Users\\Daniel\\.node_modules","C:\\Users\\Daniel\\.node_libraries","C:\\nvm4w\\nodejs\\lib\\node"]
MODULE 45160: load "C:\\Users\\Daniel\\Documents\\projects\\SyncClassroom\\repos\\ai-editor\\node_modules\\async-each\\index.js" for module "C:\\Users\\Daniel\\Documents\\projects\\SyncClassroom\\repos\\ai-editor\\node_modules\\async-each\\index.js"
MODULE 45160: Module._load REQUEST anymatch parent: C:\Users\Daniel\Documents\projects\SyncClassroom\repos\ai-editor\node_modules\glob-watcher\node_modules\chokidar\index.js
MODULE 45160: looking for "anymatch" in ["C:\\Users\\Daniel\\Documents\\projects\\SyncClassroom\\repos\\ai-editor\\node_modules\\glob-watcher\\node_modules\\chokidar\\node_modules","C:\\Users\\Daniel\\Documents\\projects\\SyncClassroom\\repos\\ai-editor\\node_modules\\glob-watcher\\node_modules","C:\\Users\\Daniel\\Documents\\projects\\SyncClassroom\\repos\\ai-editor\\node_modules","C:\\Users\\Daniel\\Documents\\projects\\SyncClassroom\\repos\\node_modules","C:\\Users\\Daniel\\Documents\\projects\\SyncClassroom\\node_modules","C:\\Users\\Daniel\\Documents\\projects\\node_modules","C:\\Users\\Daniel\\Documents\\node_modules","C:\\Users\\Daniel\\node_modules","C:\\Users\\node_modules","C:\\node_modules","C:\\Users\\Daniel\\.node_modules","C:\\Users\\Daniel\\.node_libraries","C:\\nvm4w\\nodejs\\lib\\node"]
MODULE 45160: load "C:\\Users\\Daniel\\Documents\\projects\\SyncClassroom\\repos\\ai-editor\\node_modules\\anymatch\\index.js" for module "C:\\Users\\Daniel\\Documents\\projects\\SyncClassroom\\repos\\ai-editor\\node_modules\\anymatch\\index.js"
MODULE 45160: Module._load REQUEST micromatch parent: C:\Users\Daniel\Documents\projects\SyncClassroom\repos\ai-editor\node_modules\anymatch\index.js
MODULE 45160: looking for "micromatch" in ["C:\\Users\\Daniel\\Documents\\projects\\SyncClassroom\\repos\\ai-editor\\node_modules\\anymatch\\node_modules","C:\\Users\\Daniel\\Documents\\projects\\SyncClassroom\\repos\\ai-editor\\node_modules","C:\\Users\\Daniel\\Documents\\projects\\SyncClassroom\\repos\\node_modules","C:\\Users\\Daniel\\Documents\\projects\\SyncClassroom\\node_modules","C:\\Users\\Daniel\\Documents\\projects\\node_modules","C:\\Users\\Daniel\\Documents\\node_modules","C:\\Users\\Daniel\\node_modules","C:\\Users\\node_modules","C:\\node_modules","C:\\Users\\Daniel\\.node_modules","C:\\Users\\Daniel\\.node_libraries","C:\\nvm4w\\nodejs\\lib\\node"]
MODULE 45160: Module._load REQUEST normalize-path parent: C:\Users\Daniel\Documents\projects\SyncClassroom\repos\ai-editor\node_modules\anymatch\index.js
MODULE 45160: looking for "normalize-path" in ["C:\\Users\\Daniel\\Documents\\projects\\SyncClassroom\\repos\\ai-editor\\node_modules\\anymatch\\node_modules","C:\\Users\\Daniel\\Documents\\projects\\SyncClassroom\\repos\\ai-editor\\node_modules","C:\\Users\\Daniel\\Documents\\projects\\SyncClassroom\\repos\\node_modules","C:\\Users\\Daniel\\Documents\\projects\\SyncClassroom\\node_modules","C:\\Users\\Daniel\\Documents\\projects\\node_modules","C:\\Users\\Daniel\\Documents\\node_modules","C:\\Users\\Daniel\\node_modules","C:\\Users\\node_modules","C:\\node_modules","C:\\Users\\Daniel\\.node_modules","C:\\Users\\Daniel\\.node_libraries","C:\\nvm4w\\nodejs\\lib\\node"]
MODULE 45160: load "C:\\Users\\Daniel\\Documents\\projects\\SyncClassroom\\repos\\ai-editor\\node_modules\\anymatch\\node_modules\\normalize-path\\index.js" for module "C:\\Users\\Daniel\\Documents\\projects\\SyncClassroom\\repos\\ai-editor\\node_modules\\anymatch\\node_modules\\normalize-path\\index.js"
MODULE 45160: Module._load REQUEST remove-trailing-separator parent: C:\Users\Daniel\Documents\projects\SyncClassroom\repos\ai-editor\node_modules\anymatch\node_modules\normalize-path\index.js
MODULE 45160: looking for "remove-trailing-separator" in ["C:\\Users\\Daniel\\Documents\\projects\\SyncClassroom\\repos\\ai-editor\\node_modules\\anymatch\\node_modules\\normalize-path\\node_modules","C:\\Users\\Daniel\\Documents\\projects\\SyncClassroom\\repos\\ai-editor\\node_modules\\anymatch\\node_modules","C:\\Users\\Daniel\\Documents\\projects\\SyncClassroom\\repos\\ai-editor\\node_modules","C:\\Users\\Daniel\\Documents\\projects\\SyncClassroom\\repos\\node_modules","C:\\Users\\Daniel\\Documents\\projects\\SyncClassroom\\node_modules","C:\\Users\\Daniel\\Documents\\projects\\node_modules","C:\\Users\\Daniel\\Documents\\node_modules","C:\\Users\\Daniel\\node_modules","C:\\Users\\node_modules","C:\\node_modules","C:\\Users\\Daniel\\.node_modules","C:\\Users\\Daniel\\.node_libraries","C:\\nvm4w\\nodejs\\lib\\node"]
MODULE 45160: Module._load REQUEST path parent: C:\Users\Daniel\Documents\projects\SyncClassroom\repos\ai-editor\node_modules\anymatch\index.js
MODULE 45160: load built-in module path
MODULE 45160: Module._load REQUEST glob-parent parent: C:\Users\Daniel\Documents\projects\SyncClassroom\repos\ai-editor\node_modules\glob-watcher\node_modules\chokidar\index.js
MODULE 45160: looking for "glob-parent" in ["C:\\Users\\Daniel\\Documents\\projects\\SyncClassroom\\repos\\ai-editor\\node_modules\\glob-watcher\\node_modules\\chokidar\\node_modules","C:\\Users\\Daniel\\Documents\\projects\\SyncClassroom\\repos\\ai-editor\\node_modules\\glob-watcher\\node_modules","C:\\Users\\Daniel\\Documents\\projects\\SyncClassroom\\repos\\ai-editor\\node_modules","C:\\Users\\Daniel\\Documents\\projects\\SyncClassroom\\repos\\node_modules","C:\\Users\\Daniel\\Documents\\projects\\SyncClassroom\\node_modules","C:\\Users\\Daniel\\Documents\\projects\\node_modules","C:\\Users\\Daniel\\Documents\\node_modules","C:\\Users\\Daniel\\node_modules","C:\\Users\\node_modules","C:\\node_modules","C:\\Users\\Daniel\\.node_modules","C:\\Users\\Daniel\\.node_libraries","C:\\nvm4w\\nodejs\\lib\\node"]
MODULE 45160: Module._load REQUEST is-glob parent: C:\Users\Daniel\Documents\projects\SyncClassroom\repos\ai-editor\node_modules\glob-watcher\node_modules\chokidar\index.js
MODULE 45160: looking for "is-glob" in ["C:\\Users\\Daniel\\Documents\\projects\\SyncClassroom\\repos\\ai-editor\\node_modules\\glob-watcher\\node_modules\\chokidar\\node_modules","C:\\Users\\Daniel\\Documents\\projects\\SyncClassroom\\repos\\ai-editor\\node_modules\\glob-watcher\\node_modules","C:\\Users\\Daniel\\Documents\\projects\\SyncClassroom\\repos\\ai-editor\\node_modules","C:\\Users\\Daniel\\Documents\\projects\\SyncClassroom\\repos\\node_modules","C:\\Users\\Daniel\\Documents\\projects\\SyncClassroom\\node_modules","C:\\Users\\Daniel\\Documents\\projects\\node_modules","C:\\Users\\Daniel\\Documents\\node_modules","C:\\Users\\Daniel\\node_modules","C:\\Users\\node_modules","C:\\node_modules","C:\\Users\\Daniel\\.node_modules","C:\\Users\\Daniel\\.node_libraries","C:\\nvm4w\\nodejs\\lib\\node"]
MODULE 45160: Module._load REQUEST path-is-absolute parent: C:\Users\Daniel\Documents\projects\SyncClassroom\repos\ai-editor\node_modules\glob-watcher\node_modules\chokidar\index.js
MODULE 45160: looking for "path-is-absolute" in ["C:\\Users\\Daniel\\Documents\\projects\\SyncClassroom\\repos\\ai-editor\\node_modules\\glob-watcher\\node_modules\\chokidar\\node_modules","C:\\Users\\Daniel\\Documents\\projects\\SyncClassroom\\repos\\ai-editor\\node_modules\\glob-watcher\\node_modules","C:\\Users\\Daniel\\Documents\\projects\\SyncClassroom\\repos\\ai-editor\\node_modules","C:\\Users\\Daniel\\Documents\\projects\\SyncClassroom\\repos\\node_modules","C:\\Users\\Daniel\\Documents\\projects\\SyncClassroom\\node_modules","C:\\Users\\Daniel\\Documents\\projects\\node_modules","C:\\Users\\Daniel\\Documents\\node_modules","C:\\Users\\Daniel\\node_modules","C:\\Users\\node_modules","C:\\node_modules","C:\\Users\\Daniel\\.node_modules","C:\\Users\\Daniel\\.node_libraries","C:\\nvm4w\\nodejs\\lib\\node"]
MODULE 45160: Module._load REQUEST inherits parent: C:\Users\Daniel\Documents\projects\SyncClassroom\repos\ai-editor\node_modules\glob-watcher\node_modules\chokidar\index.js
MODULE 45160: looking for "inherits" in ["C:\\Users\\Daniel\\Documents\\projects\\SyncClassroom\\repos\\ai-editor\\node_modules\\glob-watcher\\node_modules\\chokidar\\node_modules","C:\\Users\\Daniel\\Documents\\projects\\SyncClassroom\\repos\\ai-editor\\node_modules\\glob-watcher\\node_modules","C:\\Users\\Daniel\\Documents\\projects\\SyncClassroom\\repos\\ai-editor\\node_modules","C:\\Users\\Daniel\\Documents\\projects\\SyncClassroom\\repos\\node_modules","C:\\Users\\Daniel\\Documents\\projects\\SyncClassroom\\node_modules","C:\\Users\\Daniel\\Documents\\projects\\node_modules","C:\\Users\\Daniel\\Documents\\node_modules","C:\\Users\\Daniel\\node_modules","C:\\Users\\node_modules","C:\\node_modules","C:\\Users\\Daniel\\.node_modules","C:\\Users\\Daniel\\.node_libraries","C:\\nvm4w\\nodejs\\lib\\node"]
MODULE 45160: Module._load REQUEST braces parent: C:\Users\Daniel\Documents\projects\SyncClassroom\repos\ai-editor\node_modules\glob-watcher\node_modules\chokidar\index.js
MODULE 45160: looking for "braces" in ["C:\\Users\\Daniel\\Documents\\projects\\SyncClassroom\\repos\\ai-editor\\node_modules\\glob-watcher\\node_modules\\chokidar\\node_modules","C:\\Users\\Daniel\\Documents\\projects\\SyncClassroom\\repos\\ai-editor\\node_modules\\glob-watcher\\node_modules","C:\\Users\\Daniel\\Documents\\projects\\SyncClassroom\\repos\\ai-editor\\node_modules","C:\\Users\\Daniel\\Documents\\projects\\SyncClassroom\\repos\\node_modules","C:\\Users\\Daniel\\Documents\\projects\\SyncClassroom\\node_modules","C:\\Users\\Daniel\\Documents\\projects\\node_modules","C:\\Users\\Daniel\\Documents\\node_modules","C:\\Users\\Daniel\\node_modules","C:\\Users\\node_modules","C:\\node_modules","C:\\Users\\Daniel\\.node_modules","C:\\Users\\Daniel\\.node_libraries","C:\\nvm4w\\nodejs\\lib\\node"]
MODULE 45160: load "C:\\Users\\Daniel\\Documents\\projects\\SyncClassroom\\repos\\ai-editor\\node_modules\\glob-watcher\\node_modules\\braces\\index.js" for module "C:\\Users\\Daniel\\Documents\\projects\\SyncClassroom\\repos\\ai-editor\\node_modules\\glob-watcher\\node_modules\\braces\\index.js"
MODULE 45160: Module._load REQUEST to-regex parent: C:\Users\Daniel\Documents\projects\SyncClassroom\repos\ai-editor\node_modules\glob-watcher\node_modules\braces\index.js
MODULE 45160: looking for "to-regex" in ["C:\\Users\\Daniel\\Documents\\projects\\SyncClassroom\\repos\\ai-editor\\node_modules\\glob-watcher\\node_modules\\braces\\node_modules","C:\\Users\\Daniel\\Documents\\projects\\SyncClassroom\\repos\\ai-editor\\node_modules\\glob-watcher\\node_modules","C:\\Users\\Daniel\\Documents\\projects\\SyncClassroom\\repos\\ai-editor\\node_modules","C:\\Users\\Daniel\\Documents\\projects\\SyncClassroom\\repos\\node_modules","C:\\Users\\Daniel\\Documents\\projects\\SyncClassroom\\node_modules","C:\\Users\\Daniel\\Documents\\projects\\node_modules","C:\\Users\\Daniel\\Documents\\node_modules","C:\\Users\\Daniel\\node_modules","C:\\Users\\node_modules","C:\\node_modules","C:\\Users\\Daniel\\.node_modules","C:\\Users\\Daniel\\.node_libraries","C:\\nvm4w\\nodejs\\lib\\node"]
MODULE 45160: Module._load REQUEST array-unique parent: C:\Users\Daniel\Documents\projects\SyncClassroom\repos\ai-editor\node_modules\glob-watcher\node_modules\braces\index.js
MODULE 45160: looking for "array-unique" in ["C:\\Users\\Daniel\\Documents\\projects\\SyncClassroom\\repos\\ai-editor\\node_modules\\glob-watcher\\node_modules\\braces\\node_modules","C:\\Users\\Daniel\\Documents\\projects\\SyncClassroom\\repos\\ai-editor\\node_modules\\glob-watcher\\node_modules","C:\\Users\\Daniel\\Documents\\projects\\SyncClassroom\\repos\\ai-editor\\node_modules","C:\\Users\\Daniel\\Documents\\projects\\SyncClassroom\\repos\\node_modules","C:\\Users\\Daniel\\Documents\\projects\\SyncClassroom\\node_modules","C:\\Users\\Daniel\\Documents\\projects\\node_modules","C:\\Users\\Daniel\\Documents\\node_modules","C:\\Users\\Daniel\\node_modules","C:\\Users\\node_modules","C:\\node_modules","C:\\Users\\Daniel\\.node_modules","C:\\Users\\Daniel\\.node_libraries","C:\\nvm4w\\nodejs\\lib\\node"]
MODULE 45160: Module._load REQUEST extend-shallow parent: C:\Users\Daniel\Documents\projects\SyncClassroom\repos\ai-editor\node_modules\glob-watcher\node_modules\braces\index.js
MODULE 45160: looking for "extend-shallow" in ["C:\\Users\\Daniel\\Documents\\projects\\SyncClassroom\\repos\\ai-editor\\node_modules\\glob-watcher\\node_modules\\braces\\node_modules","C:\\Users\\Daniel\\Documents\\projects\\SyncClassroom\\repos\\ai-editor\\node_modules\\glob-watcher\\node_modules","C:\\Users\\Daniel\\Documents\\projects\\SyncClassroom\\repos\\ai-editor\\node_modules","C:\\Users\\Daniel\\Documents\\projects\\SyncClassroom\\repos\\node_modules","C:\\Users\\Daniel\\Documents\\projects\\SyncClassroom\\node_modules","C:\\Users\\Daniel\\Documents\\projects\\node_modules","C:\\Users\\Daniel\\Documents\\node_modules","C:\\Users\\Daniel\\node_modules","C:\\Users\\node_modules","C:\\node_modules","C:\\Users\\Daniel\\.node_modules","C:\\Users\\Daniel\\.node_libraries","C:\\nvm4w\\nodejs\\lib\\node"]
MODULE 45160: load "C:\\Users\\Daniel\\Documents\\projects\\SyncClassroom\\repos\\ai-editor\\node_modules\\glob-watcher\\node_modules\\extend-shallow\\index.js" for module "C:\\Users\\Daniel\\Documents\\projects\\SyncClassroom\\repos\\ai-editor\\node_modules\\glob-watcher\\node_modules\\extend-shallow\\index.js"
MODULE 45160: Module._load REQUEST is-extendable parent: C:\Users\Daniel\Documents\projects\SyncClassroom\repos\ai-editor\node_modules\glob-watcher\node_modules\extend-shallow\index.js
MODULE 45160: looking for "is-extendable" in ["C:\\Users\\Daniel\\Documents\\projects\\SyncClassroom\\repos\\ai-editor\\node_modules\\glob-watcher\\node_modules\\extend-shallow\\node_modules","C:\\Users\\Daniel\\Documents\\projects\\SyncClassroom\\repos\\ai-editor\\node_modules\\glob-watcher\\node_modules","C:\\Users\\Daniel\\Documents\\projects\\SyncClassroom\\repos\\ai-editor\\node_modules","C:\\Users\\Daniel\\Documents\\projects\\SyncClassroom\\repos\\node_modules","C:\\Users\\Daniel\\Documents\\projects\\SyncClassroom\\node_modules","C:\\Users\\Daniel\\Documents\\projects\\node_modules","C:\\Users\\Daniel\\Documents\\node_modules","C:\\Users\\Daniel\\node_modules","C:\\Users\\node_modules","C:\\node_modules","C:\\Users\\Daniel\\.node_modules","C:\\Users\\Daniel\\.node_libraries","C:\\nvm4w\\nodejs\\lib\\node"]
MODULE 45160: Module._load REQUEST ./lib/compilers parent: C:\Users\Daniel\Documents\projects\SyncClassroom\repos\ai-editor\node_modules\glob-watcher\node_modules\braces\index.js
MODULE 45160: RELATIVE: requested: ./lib/compilers from parent.id C:\Users\Daniel\Documents\projects\SyncClassroom\repos\ai-editor\node_modules\glob-watcher\node_modules\braces\index.js
MODULE 45160: looking for ["C:\\Users\\Daniel\\Documents\\projects\\SyncClassroom\\repos\\ai-editor\\node_modules\\glob-watcher\\node_modules\\braces"]
MODULE 45160: load "C:\\Users\\Daniel\\Documents\\projects\\SyncClassroom\\repos\\ai-editor\\node_modules\\glob-watcher\\node_modules\\braces\\lib\\compilers.js" for module "C:\\Users\\Daniel\\Documents\\projects\\SyncClassroom\\repos\\ai-editor\\node_modules\\glob-watcher\\node_modules\\braces\\lib\\compilers.js"
MODULE 45160: Module._load REQUEST ./utils parent: C:\Users\Daniel\Documents\projects\SyncClassroom\repos\ai-editor\node_modules\glob-watcher\node_modules\braces\lib\compilers.js
MODULE 45160: RELATIVE: requested: ./utils from parent.id C:\Users\Daniel\Documents\projects\SyncClassroom\repos\ai-editor\node_modules\glob-watcher\node_modules\braces\lib\compilers.js
MODULE 45160: looking for ["C:\\Users\\Daniel\\Documents\\projects\\SyncClassroom\\repos\\ai-editor\\node_modules\\glob-watcher\\node_modules\\braces\\lib"]
MODULE 45160: load "C:\\Users\\Daniel\\Documents\\projects\\SyncClassroom\\repos\\ai-editor\\node_modules\\glob-watcher\\node_modules\\braces\\lib\\utils.js" for module "C:\\Users\\Daniel\\Documents\\projects\\SyncClassroom\\repos\\ai-editor\\node_modules\\glob-watcher\\node_modules\\braces\\lib\\utils.js"
MODULE 45160: Module._load REQUEST split-string parent: C:\Users\Daniel\Documents\projects\SyncClassroom\repos\ai-editor\node_modules\glob-watcher\node_modules\braces\lib\utils.js
MODULE 45160: looking for "split-string" in ["C:\\Users\\Daniel\\Documents\\projects\\SyncClassroom\\repos\\ai-editor\\node_modules\\glob-watcher\\node_modules\\braces\\lib\\node_modules","C:\\Users\\Daniel\\Documents\\projects\\SyncClassroom\\repos\\ai-editor\\node_modules\\glob-watcher\\node_modules\\braces\\node_modules","C:\\Users\\Daniel\\Documents\\projects\\SyncClassroom\\repos\\ai-editor\\node_modules\\glob-watcher\\node_modules","C:\\Users\\Daniel\\Documents\\projects\\SyncClassroom\\repos\\ai-editor\\node_modules","C:\\Users\\Daniel\\Documents\\projects\\SyncClassroom\\repos\\node_modules","C:\\Users\\Daniel\\Documents\\projects\\SyncClassroom\\node_modules","C:\\Users\\Daniel\\Documents\\projects\\node_modules","C:\\Users\\Daniel\\Documents\\node_modules","C:\\Users\\Daniel\\node_modules","C:\\Users\\node_modules","C:\\node_modules","C:\\Users\\Daniel\\.node_modules","C:\\Users\\Daniel\\.node_libraries","C:\\nvm4w\\nodejs\\lib\\node"]
MODULE 45160: Module._load REQUEST extend-shallow parent: C:\Users\Daniel\Documents\projects\SyncClassroom\repos\ai-editor\node_modules\glob-watcher\node_modules\braces\lib\utils.js
MODULE 45160: looking for "extend-shallow" in ["C:\\Users\\Daniel\\Documents\\projects\\SyncClassroom\\repos\\ai-editor\\node_modules\\glob-watcher\\node_modules\\braces\\lib\\node_modules","C:\\Users\\Daniel\\Documents\\projects\\SyncClassroom\\repos\\ai-editor\\node_modules\\glob-watcher\\node_modules\\braces\\node_modules","C:\\Users\\Daniel\\Documents\\projects\\SyncClassroom\\repos\\ai-editor\\node_modules\\glob-watcher\\node_modules","C:\\Users\\Daniel\\Documents\\projects\\SyncClassroom\\repos\\ai-editor\\node_modules","C:\\Users\\Daniel\\Documents\\projects\\SyncClassroom\\repos\\node_modules","C:\\Users\\Daniel\\Documents\\projects\\SyncClassroom\\node_modules","C:\\Users\\Daniel\\Documents\\projects\\node_modules","C:\\Users\\Daniel\\Documents\\node_modules","C:\\Users\\Daniel\\node_modules","C:\\Users\\node_modules","C:\\node_modules","C:\\Users\\Daniel\\.node_modules","C:\\Users\\Daniel\\.node_libraries","C:\\nvm4w\\nodejs\\lib\\node"]
MODULE 45160: Module._load REQUEST arr-flatten parent: C:\Users\Daniel\Documents\projects\SyncClassroom\repos\ai-editor\node_modules\glob-watcher\node_modules\braces\lib\utils.js
MODULE 45160: looking for "arr-flatten" in ["C:\\Users\\Daniel\\Documents\\projects\\SyncClassroom\\repos\\ai-editor\\node_modules\\glob-watcher\\node_modules\\braces\\lib\\node_modules","C:\\Users\\Daniel\\Documents\\projects\\SyncClassroom\\repos\\ai-editor\\node_modules\\glob-watcher\\node_modules\\braces\\node_modules","C:\\Users\\Daniel\\Documents\\projects\\SyncClassroom\\repos\\ai-editor\\node_modules\\glob-watcher\\node_modules","C:\\Users\\Daniel\\Documents\\projects\\SyncClassroom\\repos\\ai-editor\\node_modules","C:\\Users\\Daniel\\Documents\\projects\\SyncClassroom\\repos\\node_modules","C:\\Users\\Daniel\\Documents\\projects\\SyncClassroom\\node_modules","C:\\Users\\Daniel\\Documents\\projects\\node_modules","C:\\Users\\Daniel\\Documents\\node_modules","C:\\Users\\Daniel\\node_modules","C:\\Users\\node_modules","C:\\node_modules","C:\\Users\\Daniel\\.node_modules","C:\\Users\\Daniel\\.node_libraries","C:\\nvm4w\\nodejs\\lib\\node"]
MODULE 45160: Module._load REQUEST isobject parent: C:\Users\Daniel\Documents\projects\SyncClassroom\repos\ai-editor\node_modules\glob-watcher\node_modules\braces\lib\utils.js
MODULE 45160: looking for "isobject" in ["C:\\Users\\Daniel\\Documents\\projects\\SyncClassroom\\repos\\ai-editor\\node_modules\\glob-watcher\\node_modules\\braces\\lib\\node_modules","C:\\Users\\Daniel\\Documents\\projects\\SyncClassroom\\repos\\ai-editor\\node_modules\\glob-watcher\\node_modules\\braces\\node_modules","C:\\Users\\Daniel\\Documents\\projects\\SyncClassroom\\repos\\ai-editor\\node_modules\\glob-watcher\\node_modules","C:\\Users\\Daniel\\Documents\\projects\\SyncClassroom\\repos\\ai-editor\\node_modules","C:\\Users\\Daniel\\Documents\\projects\\SyncClassroom\\repos\\node_modules","C:\\Users\\Daniel\\Documents\\projects\\SyncClassroom\\node_modules","C:\\Users\\Daniel\\Documents\\projects\\node_modules","C:\\Users\\Daniel\\Documents\\node_modules","C:\\Users\\Daniel\\node_modules","C:\\Users\\node_modules","C:\\node_modules","C:\\Users\\Daniel\\.node_modules","C:\\Users\\Daniel\\.node_libraries","C:\\nvm4w\\nodejs\\lib\\node"]
MODULE 45160: Module._load REQUEST fill-range parent: C:\Users\Daniel\Documents\projects\SyncClassroom\repos\ai-editor\node_modules\glob-watcher\node_modules\braces\lib\utils.js
MODULE 45160: looking for "fill-range" in ["C:\\Users\\Daniel\\Documents\\projects\\SyncClassroom\\repos\\ai-editor\\node_modules\\glob-watcher\\node_modules\\braces\\lib\\node_modules","C:\\Users\\Daniel\\Documents\\projects\\SyncClassroom\\repos\\ai-editor\\node_modules\\glob-watcher\\node_modules\\braces\\node_modules","C:\\Users\\Daniel\\Documents\\projects\\SyncClassroom\\repos\\ai-editor\\node_modules\\glob-watcher\\node_modules","C:\\Users\\Daniel\\Documents\\projects\\SyncClassroom\\repos\\ai-editor\\node_modules","C:\\Users\\Daniel\\Documents\\projects\\SyncClassroom\\repos\\node_modules","C:\\Users\\Daniel\\Documents\\projects\\SyncClassroom\\node_modules","C:\\Users\\Daniel\\Documents\\projects\\node_modules","C:\\Users\\Daniel\\Documents\\node_modules","C:\\Users\\Daniel\\node_modules","C:\\Users\\node_modules","C:\\node_modules","C:\\Users\\Daniel\\.node_modules","C:\\Users\\Daniel\\.node_libraries","C:\\nvm4w\\nodejs\\lib\\node"]
MODULE 45160: load "C:\\Users\\Daniel\\Documents\\projects\\SyncClassroom\\repos\\ai-editor\\node_modules\\glob-watcher\\node_modules\\fill-range\\index.js" for module "C:\\Users\\Daniel\\Documents\\projects\\SyncClassroom\\repos\\ai-editor\\node_modules\\glob-watcher\\node_modules\\fill-range\\index.js"
MODULE 45160: Module._load REQUEST util parent: C:\Users\Daniel\Documents\projects\SyncClassroom\repos\ai-editor\node_modules\glob-watcher\node_modules\fill-range\index.js
MODULE 45160: load built-in module util
MODULE 45160: Module._load REQUEST is-number parent: C:\Users\Daniel\Documents\projects\SyncClassroom\repos\ai-editor\node_modules\glob-watcher\node_modules\fill-range\index.js
MODULE 45160: looking for "is-number" in ["C:\\Users\\Daniel\\Documents\\projects\\SyncClassroom\\repos\\ai-editor\\node_modules\\glob-watcher\\node_modules\\fill-range\\node_modules","C:\\Users\\Daniel\\Documents\\projects\\SyncClassroom\\repos\\ai-editor\\node_modules\\glob-watcher\\node_modules","C:\\Users\\Daniel\\Documents\\projects\\SyncClassroom\\repos\\ai-editor\\node_modules","C:\\Users\\Daniel\\Documents\\projects\\SyncClassroom\\repos\\node_modules","C:\\Users\\Daniel\\Documents\\projects\\SyncClassroom\\node_modules","C:\\Users\\Daniel\\Documents\\projects\\node_modules","C:\\Users\\Daniel\\Documents\\node_modules","C:\\Users\\Daniel\\node_modules","C:\\Users\\node_modules","C:\\node_modules","C:\\Users\\Daniel\\.node_modules","C:\\Users\\Daniel\\.node_libraries","C:\\nvm4w\\nodejs\\lib\\node"]
MODULE 45160: Module._load REQUEST extend-shallow parent: C:\Users\Daniel\Documents\projects\SyncClassroom\repos\ai-editor\node_modules\glob-watcher\node_modules\fill-range\index.js
MODULE 45160: looking for "extend-shallow" in ["C:\\Users\\Daniel\\Documents\\projects\\SyncClassroom\\repos\\ai-editor\\node_modules\\glob-watcher\\node_modules\\fill-range\\node_modules","C:\\Users\\Daniel\\Documents\\projects\\SyncClassroom\\repos\\ai-editor\\node_modules\\glob-watcher\\node_modules","C:\\Users\\Daniel\\Documents\\projects\\SyncClassroom\\repos\\ai-editor\\node_modules","C:\\Users\\Daniel\\Documents\\projects\\SyncClassroom\\repos\\node_modules","C:\\Users\\Daniel\\Documents\\projects\\SyncClassroom\\node_modules","C:\\Users\\Daniel\\Documents\\projects\\node_modules","C:\\Users\\Daniel\\Documents\\node_modules","C:\\Users\\Daniel\\node_modules","C:\\Users\\node_modules","C:\\node_modules","C:\\Users\\Daniel\\.node_modules","C:\\Users\\Daniel\\.node_libraries","C:\\nvm4w\\nodejs\\lib\\node"]
MODULE 45160: Module._load REQUEST repeat-string parent: C:\Users\Daniel\Documents\projects\SyncClassroom\repos\ai-editor\node_modules\glob-watcher\node_modules\fill-range\index.js
MODULE 45160: looking for "repeat-string" in ["C:\\Users\\Daniel\\Documents\\projects\\SyncClassroom\\repos\\ai-editor\\node_modules\\glob-watcher\\node_modules\\fill-range\\node_modules","C:\\Users\\Daniel\\Documents\\projects\\SyncClassroom\\repos\\ai-editor\\node_modules\\glob-watcher\\node_modules","C:\\Users\\Daniel\\Documents\\projects\\SyncClassroom\\repos\\ai-editor\\node_modules","C:\\Users\\Daniel\\Documents\\projects\\SyncClassroom\\repos\\node_modules","C:\\Users\\Daniel\\Documents\\projects\\SyncClassroom\\node_modules","C:\\Users\\Daniel\\Documents\\projects\\node_modules","C:\\Users\\Daniel\\Documents\\node_modules","C:\\Users\\Daniel\\node_modules","C:\\Users\\node_modules","C:\\node_modules","C:\\Users\\Daniel\\.node_modules","C:\\Users\\Daniel\\.node_libraries","C:\\nvm4w\\nodejs\\lib\\node"]
MODULE 45160: Module._load REQUEST to-regex-range parent: C:\Users\Daniel\Documents\projects\SyncClassroom\repos\ai-editor\node_modules\glob-watcher\node_modules\fill-range\index.js
MODULE 45160: looking for "to-regex-range" in ["C:\\Users\\Daniel\\Documents\\projects\\SyncClassroom\\repos\\ai-editor\\node_modules\\glob-watcher\\node_modules\\fill-range\\node_modules","C:\\Users\\Daniel\\Documents\\projects\\SyncClassroom\\repos\\ai-editor\\node_modules\\glob-watcher\\node_modules","C:\\Users\\Daniel\\Documents\\projects\\SyncClassroom\\repos\\ai-editor\\node_modules","C:\\Users\\Daniel\\Documents\\projects\\SyncClassroom\\repos\\node_modules","C:\\Users\\Daniel\\Documents\\projects\\SyncClassroom\\node_modules","C:\\Users\\Daniel\\Documents\\projects\\node_modules","C:\\Users\\Daniel\\Documents\\node_modules","C:\\Users\\Daniel\\node_modules","C:\\Users\\node_modules","C:\\node_modules","C:\\Users\\Daniel\\.node_modules","C:\\Users\\Daniel\\.node_libraries","C:\\nvm4w\\nodejs\\lib\\node"]
MODULE 45160: load "C:\\Users\\Daniel\\Documents\\projects\\SyncClassroom\\repos\\ai-editor\\node_modules\\glob-watcher\\node_modules\\to-regex-range\\index.js" for module "C:\\Users\\Daniel\\Documents\\projects\\SyncClassroom\\repos\\ai-editor\\node_modules\\glob-watcher\\node_modules\\to-regex-range\\index.js"
MODULE 45160: Module._load REQUEST repeat-string parent: C:\Users\Daniel\Documents\projects\SyncClassroom\repos\ai-editor\node_modules\glob-watcher\node_modules\to-regex-range\index.js
MODULE 45160: looking for "repeat-string" in ["C:\\Users\\Daniel\\Documents\\projects\\SyncClassroom\\repos\\ai-editor\\node_modules\\glob-watcher\\node_modules\\to-regex-range\\node_modules","C:\\Users\\Daniel\\Documents\\projects\\SyncClassroom\\repos\\ai-editor\\node_modules\\glob-watcher\\node_modules","C:\\Users\\Daniel\\Documents\\projects\\SyncClassroom\\repos\\ai-editor\\node_modules","C:\\Users\\Daniel\\Documents\\projects\\SyncClassroom\\repos\\node_modules","C:\\Users\\Daniel\\Documents\\projects\\SyncClassroom\\node_modules","C:\\Users\\Daniel\\Documents\\projects\\node_modules","C:\\Users\\Daniel\\Documents\\node_modules","C:\\Users\\Daniel\\node_modules","C:\\Users\\node_modules","C:\\node_modules","C:\\Users\\Daniel\\.node_modules","C:\\Users\\Daniel\\.node_libraries","C:\\nvm4w\\nodejs\\lib\\node"]
MODULE 45160: Module._load REQUEST is-number parent: C:\Users\Daniel\Documents\projects\SyncClassroom\repos\ai-editor\node_modules\glob-watcher\node_modules\to-regex-range\index.js
MODULE 45160: looking for "is-number" in ["C:\\Users\\Daniel\\Documents\\projects\\SyncClassroom\\repos\\ai-editor\\node_modules\\glob-watcher\\node_modules\\to-regex-range\\node_modules","C:\\Users\\Daniel\\Documents\\projects\\SyncClassroom\\repos\\ai-editor\\node_modules\\glob-watcher\\node_modules","C:\\Users\\Daniel\\Documents\\projects\\SyncClassroom\\repos\\ai-editor\\node_modules","C:\\Users\\Daniel\\Documents\\projects\\SyncClassroom\\repos\\node_modules","C:\\Users\\Daniel\\Documents\\projects\\SyncClassroom\\node_modules","C:\\Users\\Daniel\\Documents\\projects\\node_modules","C:\\Users\\Daniel\\Documents\\node_modules","C:\\Users\\Daniel\\node_modules","C:\\Users\\node_modules","C:\\node_modules","C:\\Users\\Daniel\\.node_modules","C:\\Users\\Daniel\\.node_libraries","C:\\nvm4w\\nodejs\\lib\\node"]
MODULE 45160: Module._load REQUEST repeat-element parent: C:\Users\Daniel\Documents\projects\SyncClassroom\repos\ai-editor\node_modules\glob-watcher\node_modules\braces\lib\utils.js
MODULE 45160: looking for "repeat-element" in ["C:\\Users\\Daniel\\Documents\\projects\\SyncClassroom\\repos\\ai-editor\\node_modules\\glob-watcher\\node_modules\\braces\\lib\\node_modules","C:\\Users\\Daniel\\Documents\\projects\\SyncClassroom\\repos\\ai-editor\\node_modules\\glob-watcher\\node_modules\\braces\\node_modules","C:\\Users\\Daniel\\Documents\\projects\\SyncClassroom\\repos\\ai-editor\\node_modules\\glob-watcher\\node_modules","C:\\Users\\Daniel\\Documents\\projects\\SyncClassroom\\repos\\ai-editor\\node_modules","C:\\Users\\Daniel\\Documents\\projects\\SyncClassroom\\repos\\node_modules","C:\\Users\\Daniel\\Documents\\projects\\SyncClassroom\\node_modules","C:\\Users\\Daniel\\Documents\\projects\\node_modules","C:\\Users\\Daniel\\Documents\\node_modules","C:\\Users\\Daniel\\node_modules","C:\\Users\\node_modules","C:\\node_modules","C:\\Users\\Daniel\\.node_modules","C:\\Users\\Daniel\\.node_libraries","C:\\nvm4w\\nodejs\\lib\\node"]
MODULE 45160: Module._load REQUEST array-unique parent: C:\Users\Daniel\Documents\projects\SyncClassroom\repos\ai-editor\node_modules\glob-watcher\node_modules\braces\lib\utils.js
MODULE 45160: looking for "array-unique" in ["C:\\Users\\Daniel\\Documents\\projects\\SyncClassroom\\repos\\ai-editor\\node_modules\\glob-watcher\\node_modules\\braces\\lib\\node_modules","C:\\Users\\Daniel\\Documents\\projects\\SyncClassroom\\repos\\ai-editor\\node_modules\\glob-watcher\\node_modules\\braces\\node_modules","C:\\Users\\Daniel\\Documents\\projects\\SyncClassroom\\repos\\ai-editor\\node_modules\\glob-watcher\\node_modules","C:\\Users\\Daniel\\Documents\\projects\\SyncClassroom\\repos\\ai-editor\\node_modules","C:\\Users\\Daniel\\Documents\\projects\\SyncClassroom\\repos\\node_modules","C:\\Users\\Daniel\\Documents\\projects\\SyncClassroom\\node_modules","C:\\Users\\Daniel\\Documents\\projects\\node_modules","C:\\Users\\Daniel\\Documents\\node_modules","C:\\Users\\Daniel\\node_modules","C:\\Users\\node_modules","C:\\node_modules","C:\\Users\\Daniel\\.node_modules","C:\\Users\\Daniel\\.node_libraries","C:\\nvm4w\\nodejs\\lib\\node"]
MODULE 45160: Module._load REQUEST ./lib/parsers parent: C:\Users\Daniel\Documents\projects\SyncClassroom\repos\ai-editor\node_modules\glob-watcher\node_modules\braces\index.js
MODULE 45160: RELATIVE: requested: ./lib/parsers from parent.id C:\Users\Daniel\Documents\projects\SyncClassroom\repos\ai-editor\node_modules\glob-watcher\node_modules\braces\index.js
MODULE 45160: looking for ["C:\\Users\\Daniel\\Documents\\projects\\SyncClassroom\\repos\\ai-editor\\node_modules\\glob-watcher\\node_modules\\braces"]
MODULE 45160: load "C:\\Users\\Daniel\\Documents\\projects\\SyncClassroom\\repos\\ai-editor\\node_modules\\glob-watcher\\node_modules\\braces\\lib\\parsers.js" for module "C:\\Users\\Daniel\\Documents\\projects\\SyncClassroom\\repos\\ai-editor\\node_modules\\glob-watcher\\node_modules\\braces\\lib\\parsers.js"
MODULE 45160: Module._load REQUEST snapdragon-node parent: C:\Users\Daniel\Documents\projects\SyncClassroom\repos\ai-editor\node_modules\glob-watcher\node_modules\braces\lib\parsers.js
MODULE 45160: looking for "snapdragon-node" in ["C:\\Users\\Daniel\\Documents\\projects\\SyncClassroom\\repos\\ai-editor\\node_modules\\glob-watcher\\node_modules\\braces\\lib\\node_modules","C:\\Users\\Daniel\\Documents\\projects\\SyncClassroom\\repos\\ai-editor\\node_modules\\glob-watcher\\node_modules\\braces\\node_modules","C:\\Users\\Daniel\\Documents\\projects\\SyncClassroom\\repos\\ai-editor\\node_modules\\glob-watcher\\node_modules","C:\\Users\\Daniel\\Documents\\projects\\SyncClassroom\\repos\\ai-editor\\node_modules","C:\\Users\\Daniel\\Documents\\projects\\SyncClassroom\\repos\\node_modules","C:\\Users\\Daniel\\Documents\\projects\\SyncClassroom\\node_modules","C:\\Users\\Daniel\\Documents\\projects\\node_modules","C:\\Users\\Daniel\\Documents\\node_modules","C:\\Users\\Daniel\\node_modules","C:\\Users\\node_modules","C:\\node_modules","C:\\Users\\Daniel\\.node_modules","C:\\Users\\Daniel\\.node_libraries","C:\\nvm4w\\nodejs\\lib\\node"]
MODULE 45160: Module._load REQUEST ./utils parent: C:\Users\Daniel\Documents\projects\SyncClassroom\repos\ai-editor\node_modules\glob-watcher\node_modules\braces\lib\parsers.js
MODULE 45160: Module._load REQUEST ./lib/braces parent: C:\Users\Daniel\Documents\projects\SyncClassroom\repos\ai-editor\node_modules\glob-watcher\node_modules\braces\index.js
MODULE 45160: RELATIVE: requested: ./lib/braces from parent.id C:\Users\Daniel\Documents\projects\SyncClassroom\repos\ai-editor\node_modules\glob-watcher\node_modules\braces\index.js
MODULE 45160: looking for ["C:\\Users\\Daniel\\Documents\\projects\\SyncClassroom\\repos\\ai-editor\\node_modules\\glob-watcher\\node_modules\\braces"]
MODULE 45160: load "C:\\Users\\Daniel\\Documents\\projects\\SyncClassroom\\repos\\ai-editor\\node_modules\\glob-watcher\\node_modules\\braces\\lib\\braces.js" for module "C:\\Users\\Daniel\\Documents\\projects\\SyncClassroom\\repos\\ai-editor\\node_modules\\glob-watcher\\node_modules\\braces\\lib\\braces.js"
MODULE 45160: Module._load REQUEST extend-shallow parent: C:\Users\Daniel\Documents\projects\SyncClassroom\repos\ai-editor\node_modules\glob-watcher\node_modules\braces\lib\braces.js
MODULE 45160: looking for "extend-shallow" in ["C:\\Users\\Daniel\\Documents\\projects\\SyncClassroom\\repos\\ai-editor\\node_modules\\glob-watcher\\node_modules\\braces\\lib\\node_modules","C:\\Users\\Daniel\\Documents\\projects\\SyncClassroom\\repos\\ai-editor\\node_modules\\glob-watcher\\node_modules\\braces\\node_modules","C:\\Users\\Daniel\\Documents\\projects\\SyncClassroom\\repos\\ai-editor\\node_modules\\glob-watcher\\node_modules","C:\\Users\\Daniel\\Documents\\projects\\SyncClassroom\\repos\\ai-editor\\node_modules","C:\\Users\\Daniel\\Documents\\projects\\SyncClassroom\\repos\\node_modules","C:\\Users\\Daniel\\Documents\\projects\\SyncClassroom\\node_modules","C:\\Users\\Daniel\\Documents\\projects\\node_modules","C:\\Users\\Daniel\\Documents\\node_modules","C:\\Users\\Daniel\\node_modules","C:\\Users\\node_modules","C:\\node_modules","C:\\Users\\Daniel\\.node_modules","C:\\Users\\Daniel\\.node_libraries","C:\\nvm4w\\nodejs\\lib\\node"]
MODULE 45160: Module._load REQUEST snapdragon parent: C:\Users\Daniel\Documents\projects\SyncClassroom\repos\ai-editor\node_modules\glob-watcher\node_modules\braces\lib\braces.js
MODULE 45160: looking for "snapdragon" in ["C:\\Users\\Daniel\\Documents\\projects\\SyncClassroom\\repos\\ai-editor\\node_modules\\glob-watcher\\node_modules\\braces\\lib\\node_modules","C:\\Users\\Daniel\\Documents\\projects\\SyncClassroom\\repos\\ai-editor\\node_modules\\glob-watcher\\node_modules\\braces\\node_modules","C:\\Users\\Daniel\\Documents\\projects\\SyncClassroom\\repos\\ai-editor\\node_modules\\glob-watcher\\node_modules","C:\\Users\\Daniel\\Documents\\projects\\SyncClassroom\\repos\\ai-editor\\node_modules","C:\\Users\\Daniel\\Documents\\projects\\SyncClassroom\\repos\\node_modules","C:\\Users\\Daniel\\Documents\\projects\\SyncClassroom\\node_modules","C:\\Users\\Daniel\\Documents\\projects\\node_modules","C:\\Users\\Daniel\\Documents\\node_modules","C:\\Users\\Daniel\\node_modules","C:\\Users\\node_modules","C:\\node_modules","C:\\Users\\Daniel\\.node_modules","C:\\Users\\Daniel\\.node_libraries","C:\\nvm4w\\nodejs\\lib\\node"]
MODULE 45160: Module._load REQUEST ./compilers parent: C:\Users\Daniel\Documents\projects\SyncClassroom\repos\ai-editor\node_modules\glob-watcher\node_modules\braces\lib\braces.js
MODULE 45160: RELATIVE: requested: ./compilers from parent.id C:\Users\Daniel\Documents\projects\SyncClassroom\repos\ai-editor\node_modules\glob-watcher\node_modules\braces\lib\braces.js
MODULE 45160: looking for ["C:\\Users\\Daniel\\Documents\\projects\\SyncClassroom\\repos\\ai-editor\\node_modules\\glob-watcher\\node_modules\\braces\\lib"]
MODULE 45160: Module._load REQUEST ./parsers parent: C:\Users\Daniel\Documents\projects\SyncClassroom\repos\ai-editor\node_modules\glob-watcher\node_modules\braces\lib\braces.js
MODULE 45160: RELATIVE: requested: ./parsers from parent.id C:\Users\Daniel\Documents\projects\SyncClassroom\repos\ai-editor\node_modules\glob-watcher\node_modules\braces\lib\braces.js
MODULE 45160: looking for ["C:\\Users\\Daniel\\Documents\\projects\\SyncClassroom\\repos\\ai-editor\\node_modules\\glob-watcher\\node_modules\\braces\\lib"]
MODULE 45160: Module._load REQUEST ./utils parent: C:\Users\Daniel\Documents\projects\SyncClassroom\repos\ai-editor\node_modules\glob-watcher\node_modules\braces\lib\braces.js
MODULE 45160: Module._load REQUEST ./lib/utils parent: C:\Users\Daniel\Documents\projects\SyncClassroom\repos\ai-editor\node_modules\glob-watcher\node_modules\braces\index.js
MODULE 45160: RELATIVE: requested: ./lib/utils from parent.id C:\Users\Daniel\Documents\projects\SyncClassroom\repos\ai-editor\node_modules\glob-watcher\node_modules\braces\index.js
MODULE 45160: looking for ["C:\\Users\\Daniel\\Documents\\projects\\SyncClassroom\\repos\\ai-editor\\node_modules\\glob-watcher\\node_modules\\braces"]
MODULE 45160: Module._load REQUEST normalize-path parent: C:\Users\Daniel\Documents\projects\SyncClassroom\repos\ai-editor\node_modules\glob-watcher\node_modules\chokidar\index.js
MODULE 45160: looking for "normalize-path" in ["C:\\Users\\Daniel\\Documents\\projects\\SyncClassroom\\repos\\ai-editor\\node_modules\\glob-watcher\\node_modules\\chokidar\\node_modules","C:\\Users\\Daniel\\Documents\\projects\\SyncClassroom\\repos\\ai-editor\\node_modules\\glob-watcher\\node_modules","C:\\Users\\Daniel\\Documents\\projects\\SyncClassroom\\repos\\ai-editor\\node_modules","C:\\Users\\Daniel\\Documents\\projects\\SyncClassroom\\repos\\node_modules","C:\\Users\\Daniel\\Documents\\projects\\SyncClassroom\\node_modules","C:\\Users\\Daniel\\Documents\\projects\\node_modules","C:\\Users\\Daniel\\Documents\\node_modules","C:\\Users\\Daniel\\node_modules","C:\\Users\\node_modules","C:\\node_modules","C:\\Users\\Daniel\\.node_modules","C:\\Users\\Daniel\\.node_libraries","C:\\nvm4w\\nodejs\\lib\\node"]
MODULE 45160: load "C:\\Users\\Daniel\\Documents\\projects\\SyncClassroom\\repos\\ai-editor\\node_modules\\normalize-path\\index.js" for module "C:\\Users\\Daniel\\Documents\\projects\\SyncClassroom\\repos\\ai-editor\\node_modules\\normalize-path\\index.js"
MODULE 45160: Module._load REQUEST upath parent: C:\Users\Daniel\Documents\projects\SyncClassroom\repos\ai-editor\node_modules\glob-watcher\node_modules\chokidar\index.js
MODULE 45160: looking for "upath" in ["C:\\Users\\Daniel\\Documents\\projects\\SyncClassroom\\repos\\ai-editor\\node_modules\\glob-watcher\\node_modules\\chokidar\\node_modules","C:\\Users\\Daniel\\Documents\\projects\\SyncClassroom\\repos\\ai-editor\\node_modules\\glob-watcher\\node_modules","C:\\Users\\Daniel\\Documents\\projects\\SyncClassroom\\repos\\ai-editor\\node_modules","C:\\Users\\Daniel\\Documents\\projects\\SyncClassroom\\repos\\node_modules","C:\\Users\\Daniel\\Documents\\projects\\SyncClassroom\\node_modules","C:\\Users\\Daniel\\Documents\\projects\\node_modules","C:\\Users\\Daniel\\Documents\\node_modules","C:\\Users\\Daniel\\node_modules","C:\\Users\\node_modules","C:\\node_modules","C:\\Users\\Daniel\\.node_modules","C:\\Users\\Daniel\\.node_libraries","C:\\nvm4w\\nodejs\\lib\\node"]
MODULE 45160: load "C:\\Users\\Daniel\\Documents\\projects\\SyncClassroom\\repos\\ai-editor\\node_modules\\upath\\build\\code\\upath.js" for module "C:\\Users\\Daniel\\Documents\\projects\\SyncClassroom\\repos\\ai-editor\\node_modules\\upath\\build\\code\\upath.js"
MODULE 45160: Module._load REQUEST path parent: C:\Users\Daniel\Documents\projects\SyncClassroom\repos\ai-editor\node_modules\upath\build\code\upath.js
MODULE 45160: load built-in module path
MODULE 45160: Module._load REQUEST ./lib/nodefs-handler parent: C:\Users\Daniel\Documents\projects\SyncClassroom\repos\ai-editor\node_modules\glob-watcher\node_modules\chokidar\index.js
MODULE 45160: RELATIVE: requested: ./lib/nodefs-handler from parent.id C:\Users\Daniel\Documents\projects\SyncClassroom\repos\ai-editor\node_modules\glob-watcher\node_modules\chokidar\index.js
MODULE 45160: looking for ["C:\\Users\\Daniel\\Documents\\projects\\SyncClassroom\\repos\\ai-editor\\node_modules\\glob-watcher\\node_modules\\chokidar"]
MODULE 45160: load "C:\\Users\\Daniel\\Documents\\projects\\SyncClassroom\\repos\\ai-editor\\node_modules\\glob-watcher\\node_modules\\chokidar\\lib\\nodefs-handler.js" for module "C:\\Users\\Daniel\\Documents\\projects\\SyncClassroom\\repos\\ai-editor\\node_modules\\glob-watcher\\node_modules\\chokidar\\lib\\nodefs-handler.js"
MODULE 45160: Module._load REQUEST fs parent: C:\Users\Daniel\Documents\projects\SyncClassroom\repos\ai-editor\node_modules\glob-watcher\node_modules\chokidar\lib\nodefs-handler.js
MODULE 45160: load built-in module fs
MODULE 45160: Module._load REQUEST path parent: C:\Users\Daniel\Documents\projects\SyncClassroom\repos\ai-editor\node_modules\glob-watcher\node_modules\chokidar\lib\nodefs-handler.js
MODULE 45160: load built-in module path
MODULE 45160: Module._load REQUEST readdirp parent: C:\Users\Daniel\Documents\projects\SyncClassroom\repos\ai-editor\node_modules\glob-watcher\node_modules\chokidar\lib\nodefs-handler.js
MODULE 45160: looking for "readdirp" in ["C:\\Users\\Daniel\\Documents\\projects\\SyncClassroom\\repos\\ai-editor\\node_modules\\glob-watcher\\node_modules\\chokidar\\lib\\node_modules","C:\\Users\\Daniel\\Documents\\projects\\SyncClassroom\\repos\\ai-editor\\node_modules\\glob-watcher\\node_modules\\chokidar\\node_modules","C:\\Users\\Daniel\\Documents\\projects\\SyncClassroom\\repos\\ai-editor\\node_modules\\glob-watcher\\node_modules","C:\\Users\\Daniel\\Documents\\projects\\SyncClassroom\\repos\\ai-editor\\node_modules","C:\\Users\\Daniel\\Documents\\projects\\SyncClassroom\\repos\\node_modules","C:\\Users\\Daniel\\Documents\\projects\\SyncClassroom\\node_modules","C:\\Users\\Daniel\\Documents\\projects\\node_modules","C:\\Users\\Daniel\\Documents\\node_modules","C:\\Users\\Daniel\\node_modules","C:\\Users\\node_modules","C:\\node_modules","C:\\Users\\Daniel\\.node_modules","C:\\Users\\Daniel\\.node_libraries","C:\\nvm4w\\nodejs\\lib\\node"]
MODULE 45160: load "C:\\Users\\Daniel\\Documents\\projects\\SyncClassroom\\repos\\ai-editor\\node_modules\\glob-watcher\\node_modules\\readdirp\\readdirp.js" for module "C:\\Users\\Daniel\\Documents\\projects\\SyncClassroom\\repos\\ai-editor\\node_modules\\glob-watcher\\node_modules\\readdirp\\readdirp.js"
MODULE 45160: Module._load REQUEST graceful-fs parent: C:\Users\Daniel\Documents\projects\SyncClassroom\repos\ai-editor\node_modules\glob-watcher\node_modules\readdirp\readdirp.js
MODULE 45160: looking for "graceful-fs" in ["C:\\Users\\Daniel\\Documents\\projects\\SyncClassroom\\repos\\ai-editor\\node_modules\\glob-watcher\\node_modules\\readdirp\\node_modules","C:\\Users\\Daniel\\Documents\\projects\\SyncClassroom\\repos\\ai-editor\\node_modules\\glob-watcher\\node_modules","C:\\Users\\Daniel\\Documents\\projects\\SyncClassroom\\repos\\ai-editor\\node_modules","C:\\Users\\Daniel\\Documents\\projects\\SyncClassroom\\repos\\node_modules","C:\\Users\\Daniel\\Documents\\projects\\SyncClassroom\\node_modules","C:\\Users\\Daniel\\Documents\\projects\\node_modules","C:\\Users\\Daniel\\Documents\\node_modules","C:\\Users\\Daniel\\node_modules","C:\\Users\\node_modules","C:\\node_modules","C:\\Users\\Daniel\\.node_modules","C:\\Users\\Daniel\\.node_libraries","C:\\nvm4w\\nodejs\\lib\\node"]
MODULE 45160: Module._load REQUEST path parent: C:\Users\Daniel\Documents\projects\SyncClassroom\repos\ai-editor\node_modules\glob-watcher\node_modules\readdirp\readdirp.js
MODULE 45160: load built-in module path
MODULE 45160: Module._load REQUEST micromatch parent: C:\Users\Daniel\Documents\projects\SyncClassroom\repos\ai-editor\node_modules\glob-watcher\node_modules\readdirp\readdirp.js
MODULE 45160: looking for "micromatch" in ["C:\\Users\\Daniel\\Documents\\projects\\SyncClassroom\\repos\\ai-editor\\node_modules\\glob-watcher\\node_modules\\readdirp\\node_modules","C:\\Users\\Daniel\\Documents\\projects\\SyncClassroom\\repos\\ai-editor\\node_modules\\glob-watcher\\node_modules","C:\\Users\\Daniel\\Documents\\projects\\SyncClassroom\\repos\\ai-editor\\node_modules","C:\\Users\\Daniel\\Documents\\projects\\SyncClassroom\\repos\\node_modules","C:\\Users\\Daniel\\Documents\\projects\\SyncClassroom\\node_modules","C:\\Users\\Daniel\\Documents\\projects\\node_modules","C:\\Users\\Daniel\\Documents\\node_modules","C:\\Users\\Daniel\\node_modules","C:\\Users\\node_modules","C:\\node_modules","C:\\Users\\Daniel\\.node_modules","C:\\Users\\Daniel\\.node_libraries","C:\\nvm4w\\nodejs\\lib\\node"]
MODULE 45160: Module._load REQUEST is-binary-path parent: C:\Users\Daniel\Documents\projects\SyncClassroom\repos\ai-editor\node_modules\glob-watcher\node_modules\chokidar\lib\nodefs-handler.js
MODULE 45160: looking for "is-binary-path" in ["C:\\Users\\Daniel\\Documents\\projects\\SyncClassroom\\repos\\ai-editor\\node_modules\\glob-watcher\\node_modules\\chokidar\\lib\\node_modules","C:\\Users\\Daniel\\Documents\\projects\\SyncClassroom\\repos\\ai-editor\\node_modules\\glob-watcher\\node_modules\\chokidar\\node_modules","C:\\Users\\Daniel\\Documents\\projects\\SyncClassroom\\repos\\ai-editor\\node_modules\\glob-watcher\\node_modules","C:\\Users\\Daniel\\Documents\\projects\\SyncClassroom\\repos\\ai-editor\\node_modules","C:\\Users\\Daniel\\Documents\\projects\\SyncClassroom\\repos\\node_modules","C:\\Users\\Daniel\\Documents\\projects\\SyncClassroom\\node_modules","C:\\Users\\Daniel\\Documents\\projects\\node_modules","C:\\Users\\Daniel\\Documents\\node_modules","C:\\Users\\Daniel\\node_modules","C:\\Users\\node_modules","C:\\node_modules","C:\\Users\\Daniel\\.node_modules","C:\\Users\\Daniel\\.node_libraries","C:\\nvm4w\\nodejs\\lib\\node"]
MODULE 45160: load "C:\\Users\\Daniel\\Documents\\projects\\SyncClassroom\\repos\\ai-editor\\node_modules\\glob-watcher\\node_modules\\is-binary-path\\index.js" for module "C:\\Users\\Daniel\\Documents\\projects\\SyncClassroom\\repos\\ai-editor\\node_modules\\glob-watcher\\node_modules\\is-binary-path\\index.js"
MODULE 45160: Module._load REQUEST path parent: C:\Users\Daniel\Documents\projects\SyncClassroom\repos\ai-editor\node_modules\glob-watcher\node_modules\is-binary-path\index.js
MODULE 45160: load built-in module path
MODULE 45160: Module._load REQUEST binary-extensions parent: C:\Users\Daniel\Documents\projects\SyncClassroom\repos\ai-editor\node_modules\glob-watcher\node_modules\is-binary-path\index.js
MODULE 45160: looking for "binary-extensions" in ["C:\\Users\\Daniel\\Documents\\projects\\SyncClassroom\\repos\\ai-editor\\node_modules\\glob-watcher\\node_modules\\is-binary-path\\node_modules","C:\\Users\\Daniel\\Documents\\projects\\SyncClassroom\\repos\\ai-editor\\node_modules\\glob-watcher\\node_modules","C:\\Users\\Daniel\\Documents\\projects\\SyncClassroom\\repos\\ai-editor\\node_modules","C:\\Users\\Daniel\\Documents\\projects\\SyncClassroom\\repos\\node_modules","C:\\Users\\Daniel\\Documents\\projects\\SyncClassroom\\node_modules","C:\\Users\\Daniel\\Documents\\projects\\node_modules","C:\\Users\\Daniel\\Documents\\node_modules","C:\\Users\\Daniel\\node_modules","C:\\Users\\node_modules","C:\\node_modules","C:\\Users\\Daniel\\.node_modules","C:\\Users\\Daniel\\.node_libraries","C:\\nvm4w\\nodejs\\lib\\node"]
MODULE 45160: load "C:\\Users\\Daniel\\Documents\\projects\\SyncClassroom\\repos\\ai-editor\\node_modules\\glob-watcher\\node_modules\\binary-extensions\\binary-extensions.json" for module "C:\\Users\\Daniel\\Documents\\projects\\SyncClassroom\\repos\\ai-editor\\node_modules\\glob-watcher\\node_modules\\binary-extensions\\binary-extensions.json"
MODULE 45160: Module._load REQUEST ./lib/fsevents-handler parent: C:\Users\Daniel\Documents\projects\SyncClassroom\repos\ai-editor\node_modules\glob-watcher\node_modules\chokidar\index.js
MODULE 45160: RELATIVE: requested: ./lib/fsevents-handler from parent.id C:\Users\Daniel\Documents\projects\SyncClassroom\repos\ai-editor\node_modules\glob-watcher\node_modules\chokidar\index.js
MODULE 45160: looking for ["C:\\Users\\Daniel\\Documents\\projects\\SyncClassroom\\repos\\ai-editor\\node_modules\\glob-watcher\\node_modules\\chokidar"]
MODULE 45160: load "C:\\Users\\Daniel\\Documents\\projects\\SyncClassroom\\repos\\ai-editor\\node_modules\\glob-watcher\\node_modules\\chokidar\\lib\\fsevents-handler.js" for module "C:\\Users\\Daniel\\Documents\\projects\\SyncClassroom\\repos\\ai-editor\\node_modules\\glob-watcher\\node_modules\\chokidar\\lib\\fsevents-handler.js"
MODULE 45160: Module._load REQUEST fs parent: C:\Users\Daniel\Documents\projects\SyncClassroom\repos\ai-editor\node_modules\glob-watcher\node_modules\chokidar\lib\fsevents-handler.js
MODULE 45160: load built-in module fs
MODULE 45160: Module._load REQUEST path parent: C:\Users\Daniel\Documents\projects\SyncClassroom\repos\ai-editor\node_modules\glob-watcher\node_modules\chokidar\lib\fsevents-handler.js
MODULE 45160: load built-in module path
MODULE 45160: Module._load REQUEST readdirp parent: C:\Users\Daniel\Documents\projects\SyncClassroom\repos\ai-editor\node_modules\glob-watcher\node_modules\chokidar\lib\fsevents-handler.js
MODULE 45160: Module._load REQUEST fsevents parent: C:\Users\Daniel\Documents\projects\SyncClassroom\repos\ai-editor\node_modules\glob-watcher\node_modules\chokidar\lib\fsevents-handler.js
MODULE 45160: looking for "fsevents" in ["C:\\Users\\Daniel\\Documents\\projects\\SyncClassroom\\repos\\ai-editor\\node_modules\\glob-watcher\\node_modules\\chokidar\\lib\\node_modules","C:\\Users\\Daniel\\Documents\\projects\\SyncClassroom\\repos\\ai-editor\\node_modules\\glob-watcher\\node_modules\\chokidar\\node_modules","C:\\Users\\Daniel\\Documents\\projects\\SyncClassroom\\repos\\ai-editor\\node_modules\\glob-watcher\\node_modules","C:\\Users\\Daniel\\Documents\\projects\\SyncClassroom\\repos\\ai-editor\\node_modules","C:\\Users\\Daniel\\Documents\\projects\\SyncClassroom\\repos\\node_modules","C:\\Users\\Daniel\\Documents\\projects\\SyncClassroom\\node_modules","C:\\Users\\Daniel\\Documents\\projects\\node_modules","C:\\Users\\Daniel\\Documents\\node_modules","C:\\Users\\Daniel\\node_modules","C:\\Users\\node_modules","C:\\node_modules","C:\\Users\\Daniel\\.node_modules","C:\\Users\\Daniel\\.node_libraries","C:\\nvm4w\\nodejs\\lib\\node"]
MODULE 45160: Module._load REQUEST just-debounce parent: C:\Users\Daniel\Documents\projects\SyncClassroom\repos\ai-editor\node_modules\glob-watcher\index.js
MODULE 45160: looking for "just-debounce" in ["C:\\Users\\Daniel\\Documents\\projects\\SyncClassroom\\repos\\ai-editor\\node_modules\\glob-watcher\\node_modules","C:\\Users\\Daniel\\Documents\\projects\\SyncClassroom\\repos\\ai-editor\\node_modules","C:\\Users\\Daniel\\Documents\\projects\\SyncClassroom\\repos\\node_modules","C:\\Users\\Daniel\\Documents\\projects\\SyncClassroom\\node_modules","C:\\Users\\Daniel\\Documents\\projects\\node_modules","C:\\Users\\Daniel\\Documents\\node_modules","C:\\Users\\Daniel\\node_modules","C:\\Users\\node_modules","C:\\node_modules","C:\\Users\\Daniel\\.node_modules","C:\\Users\\Daniel\\.node_libraries","C:\\nvm4w\\nodejs\\lib\\node"]
MODULE 45160: load "C:\\Users\\Daniel\\Documents\\projects\\SyncClassroom\\repos\\ai-editor\\node_modules\\just-debounce\\index.js" for module "C:\\Users\\Daniel\\Documents\\projects\\SyncClassroom\\repos\\ai-editor\\node_modules\\just-debounce\\index.js"
MODULE 45160: Module._load REQUEST async-done parent: C:\Users\Daniel\Documents\projects\SyncClassroom\repos\ai-editor\node_modules\glob-watcher\index.js
MODULE 45160: looking for "async-done" in ["C:\\Users\\Daniel\\Documents\\projects\\SyncClassroom\\repos\\ai-editor\\node_modules\\glob-watcher\\node_modules","C:\\Users\\Daniel\\Documents\\projects\\SyncClassroom\\repos\\ai-editor\\node_modules","C:\\Users\\Daniel\\Documents\\projects\\SyncClassroom\\repos\\node_modules","C:\\Users\\Daniel\\Documents\\projects\\SyncClassroom\\node_modules","C:\\Users\\Daniel\\Documents\\projects\\node_modules","C:\\Users\\Daniel\\Documents\\node_modules","C:\\Users\\Daniel\\node_modules","C:\\Users\\node_modules","C:\\node_modules","C:\\Users\\Daniel\\.node_modules","C:\\Users\\Daniel\\.node_libraries","C:\\nvm4w\\nodejs\\lib\\node"]
MODULE 45160: Module._load REQUEST object.defaults/immutable parent: C:\Users\Daniel\Documents\projects\SyncClassroom\repos\ai-editor\node_modules\glob-watcher\index.js
MODULE 45160: looking for "object.defaults/immutable" in ["C:\\Users\\Daniel\\Documents\\projects\\SyncClassroom\\repos\\ai-editor\\node_modules\\glob-watcher\\node_modules","C:\\Users\\Daniel\\Documents\\projects\\SyncClassroom\\repos\\ai-editor\\node_modules","C:\\Users\\Daniel\\Documents\\projects\\SyncClassroom\\repos\\node_modules","C:\\Users\\Daniel\\Documents\\projects\\SyncClassroom\\node_modules","C:\\Users\\Daniel\\Documents\\projects\\node_modules","C:\\Users\\Daniel\\Documents\\node_modules","C:\\Users\\Daniel\\node_modules","C:\\Users\\node_modules","C:\\node_modules","C:\\Users\\Daniel\\.node_modules","C:\\Users\\Daniel\\.node_libraries","C:\\nvm4w\\nodejs\\lib\\node"]
MODULE 45160: Module._load REQUEST is-negated-glob parent: C:\Users\Daniel\Documents\projects\SyncClassroom\repos\ai-editor\node_modules\glob-watcher\index.js
MODULE 45160: looking for "is-negated-glob" in ["C:\\Users\\Daniel\\Documents\\projects\\SyncClassroom\\repos\\ai-editor\\node_modules\\glob-watcher\\node_modules","C:\\Users\\Daniel\\Documents\\projects\\SyncClassroom\\repos\\ai-editor\\node_modules","C:\\Users\\Daniel\\Documents\\projects\\SyncClassroom\\repos\\node_modules","C:\\Users\\Daniel\\Documents\\projects\\SyncClassroom\\node_modules","C:\\Users\\Daniel\\Documents\\projects\\node_modules","C:\\Users\\Daniel\\Documents\\node_modules","C:\\Users\\Daniel\\node_modules","C:\\Users\\node_modules","C:\\node_modules","C:\\Users\\Daniel\\.node_modules","C:\\Users\\Daniel\\.node_libraries","C:\\nvm4w\\nodejs\\lib\\node"]
MODULE 45160: Module._load REQUEST anymatch parent: C:\Users\Daniel\Documents\projects\SyncClassroom\repos\ai-editor\node_modules\glob-watcher\index.js
MODULE 45160: looking for "anymatch" in ["C:\\Users\\Daniel\\Documents\\projects\\SyncClassroom\\repos\\ai-editor\\node_modules\\glob-watcher\\node_modules","C:\\Users\\Daniel\\Documents\\projects\\SyncClassroom\\repos\\ai-editor\\node_modules","C:\\Users\\Daniel\\Documents\\projects\\SyncClassroom\\repos\\node_modules","C:\\Users\\Daniel\\Documents\\projects\\SyncClassroom\\node_modules","C:\\Users\\Daniel\\Documents\\projects\\node_modules","C:\\Users\\Daniel\\Documents\\node_modules","C:\\Users\\Daniel\\node_modules","C:\\Users\\node_modules","C:\\node_modules","C:\\Users\\Daniel\\.node_modules","C:\\Users\\Daniel\\.node_libraries","C:\\nvm4w\\nodejs\\lib\\node"]
MODULE 45160: Module._load REQUEST normalize-path parent: C:\Users\Daniel\Documents\projects\SyncClassroom\repos\ai-editor\node_modules\glob-watcher\index.js
MODULE 45160: looking for "normalize-path" in ["C:\\Users\\Daniel\\Documents\\projects\\SyncClassroom\\repos\\ai-editor\\node_modules\\glob-watcher\\node_modules","C:\\Users\\Daniel\\Documents\\projects\\SyncClassroom\\repos\\ai-editor\\node_modules","C:\\Users\\Daniel\\Documents\\projects\\SyncClassroom\\repos\\node_modules","C:\\Users\\Daniel\\Documents\\projects\\SyncClassroom\\node_modules","C:\\Users\\Daniel\\Documents\\projects\\node_modules","C:\\Users\\Daniel\\Documents\\node_modules","C:\\Users\\Daniel\\node_modules","C:\\Users\\node_modules","C:\\node_modules","C:\\Users\\Daniel\\.node_modules","C:\\Users\\Daniel\\.node_libraries","C:\\nvm4w\\nodejs\\lib\\node"]
MODULE 45160: Module._load REQUEST C:\Users\Daniel\Documents\projects\SyncClassroom\repos\ai-editor\gulpfile.mjs parent: C:\Users\Daniel\Documents\projects\SyncClassroom\repos\ai-editor\node_modules\gulp-cli\lib\shared\require-or-import.js
MODULE 45160: looking for "C:\\Users\\Daniel\\Documents\\projects\\SyncClassroom\\repos\\ai-editor\\gulpfile.mjs" in ["C:\\Users\\Daniel\\Documents\\projects\\SyncClassroom\\repos\\ai-editor\\node_modules\\gulp-cli\\lib\\shared\\node_modules","C:\\Users\\Daniel\\Documents\\projects\\SyncClassroom\\repos\\ai-editor\\node_modules\\gulp-cli\\lib\\node_modules","C:\\Users\\Daniel\\Documents\\projects\\SyncClassroom\\repos\\ai-editor\\node_modules\\gulp-cli\\node_modules","C:\\Users\\Daniel\\Documents\\projects\\SyncClassroom\\repos\\ai-editor\\node_modules","C:\\Users\\Daniel\\Documents\\projects\\SyncClassroom\\repos\\node_modules","C:\\Users\\Daniel\\Documents\\projects\\SyncClassroom\\node_modules","C:\\Users\\Daniel\\Documents\\projects\\node_modules","C:\\Users\\Daniel\\Documents\\node_modules","C:\\Users\\Daniel\\node_modules","C:\\Users\\node_modules","C:\\node_modules","C:\\Users\\Daniel\\.node_modules","C:\\Users\\Daniel\\.node_libraries","C:\\nvm4w\\nodejs\\lib\\node"]
MODULE 45160: load "C:\\Users\\Daniel\\Documents\\projects\\SyncClassroom\\repos\\ai-editor\\gulpfile.mjs" for module "C:\\Users\\Daniel\\Documents\\projects\\SyncClassroom\\repos\\ai-editor\\gulpfile.mjs"
MODULE 45160: load built-in module events
MODULE 45160: load built-in module url
MODULE 45160: load built-in module diagnostics_channel
MODULE 45160: load built-in module path
MODULE 45160: load built-in module fs
MODULE 45160: load built-in module fs/promises
MODULE 45160: load built-in module stream
MODULE 45160: load built-in module string_decoder
MODULE 45160: load built-in module module
MODULE 45160: load built-in module assert
MODULE 45160: load built-in module buffer
MODULE 45160: load built-in module zlib
MODULE 45160: load built-in module crypto
MODULE 45160: load built-in module child_process
MODULE 45160: load built-in module os
MODULE 45160: load built-in module v8
MODULE 45160: load built-in module worker_threads
MODULE 45160: load built-in module util
SyntaxError: The requested module 'glob' does not provide an export named 'default'
    at ModuleJobSync.runSync (node:internal/modules/esm/module_job:440:37)
    at ModuleLoader.importSyncForRequire (node:internal/modules/esm/loader:435:47)
    at loadESMFromCJS (node:internal/modules/cjs/loader:1536:24)
    at Module._compile (node:internal/modules/cjs/loader:1687:5)
    at Object..js (node:internal/modules/cjs/loader:1838:10)
    at Module.load (node:internal/modules/cjs/loader:1441:32)
    at Function._load (node:internal/modules/cjs/loader:1263:12)
    at TracingChannel.traceSync (node:diagnostics_channel:328:14)
    at wrapModuleLoad (node:internal/modules/cjs/loader:237:24)
    at Module.require (node:internal/modules/cjs/loader:1463:12)
